date,LoBM LoOP,BM1 OP2,BM1 OP3,BM1 OP4,LoBM HiOP,BM2 OP1,BM2 OP2,BM2 OP3,BM2 OP4,BM2 OP5,BM3 OP1,BM3 OP2,BM3 OP3,BM3 OP4,BM3 OP5,BM4 OP1,BM4 OP2,BM4 OP3,BM4 OP4,BM4 OP5,HiBM LoOP,BM5 OP2,BM5 OP3,BM5 OP4,HiBM HiOP
196307,1.57,2.6,0.2,-1.29,0.59,0.96,1.25,0.09,-0.04,-1.68,-0.79,1.61,-1.03,-0.24,0.12,-1.78,-0.74,-3.08,1.27,2.79,-0.91,0.21,0.98,-1.76,-0.16
196308,5.93,2.57,6.26,5.61,5.9,1.62,3.81,4.35,5.82,5.42,6.02,3.96,6.22,5.78,6.26,7.85,7.48,8.39,3.69,11.97,5.62,3.96,1.91,6.4,7.46
196309,-5.06,-4.76,1.37,-1.89,-1.21,-2.13,-3.4,0.68,-2.4,-4.61,-0.98,-0.09,-2.28,-3.06,-2.17,-1.02,0.69,-4.27,-0.61,-8.55,-3.77,-4.58,1.57,-0.47,-3.96
196310,-2.18,-3.8,0.8,4.01,7.27,-0.51,2,2.39,0,2.76,1.67,-0.44,1.03,1.79,4.9,2.52,1.54,7.28,7.5,19.6,1.81,0.99,3.36,-2.18,7.47
196311,-3.11,0.1,-0.98,1.04,-2.67,-5.16,0.4,1.84,-0.15,-2.16,1.23,-2.66,-0.63,0.03,0.71,0.36,-2.34,-0.94,0.88,5.34,-0.33,0.57,-0.7,-0.47,-1.7
196312,-0.59,5.61,1.63,2.9,1.89,0.24,4.81,1.27,3.78,0.97,-0.78,2.93,2.16,1.26,-0.47,1.39,2.09,1.84,2.43,5.22,3.57,2.5,-2.36,-3.84,-0.08
196401,0.61,4,3.8,2.02,2.95,4.06,6.21,2.46,0.72,2.16,-0.62,3.79,-0.46,0.75,1.91,3.45,1.95,3.17,2.72,10.79,1.97,5.15,-0.15,1.04,6.66
196402,7.61,2.44,1.18,0.97,2.36,-1.48,0.96,0.48,2.41,-0.16,3.98,0.8,1.52,2.77,3.61,2.41,4.25,6.76,5.06,10.74,3.34,2.69,2.17,9.24,13.93
196403,-1.03,-1.63,-0.6,1.21,1.81,0.12,2.44,-0.47,3.32,4.37,2.96,4.51,5.06,3.76,3.53,6.91,4.15,6.28,4.25,13.7,2.01,5.67,-1,-1.15,15.16
196404,5.43,6.11,0.37,-2.45,0.52,6.98,2.16,0.7,1.26,1.72,7.37,0.31,-1.1,1.04,-2.34,-2.43,0.21,-2.49,-4.95,-10.32,3.13,-1.83,-0.06,3.46,-5.58
196405,2.15,1.81,3.76,0.22,2.63,-2.14,1.86,-0.22,1.44,4.59,0.94,1.58,0.77,0.84,0.19,0.35,4.02,2.57,7.03,7,4.48,1.46,1.77,-4.08,4.72
196406,3.98,0.69,3.02,0.7,0.85,2.65,0.7,4.61,0.63,2.67,-1.86,0.52,1.47,1.04,0.57,1.6,1.71,2.37,-2.5,3.74,2.57,2.15,2.86,-0.94,2.86
196407,-1.14,1.61,3.15,3.58,2.36,2.55,1.1,0.15,3.27,1.24,3.84,3.62,2.85,3.67,4,1.55,1.56,2.03,1.26,4.01,0.56,5.18,3.15,-0.03,6.3
196408,-2.61,-0.22,-2.16,-1.28,-1.35,0.97,-2.68,-1.17,-0.43,-2.86,-0.12,-1.84,1.77,-0.95,4.55,-2.84,-0.29,1.77,-2.48,-6.85,-1.56,-2.27,3.46,-0.21,-7.77
196409,2.94,3.59,2.12,3.22,3.07,5.37,1.93,0.64,2.76,3.87,3.7,4.81,3.11,4.47,6.29,4.56,4.78,4.14,0.63,1.35,3.71,6.26,2.01,11.53,-0.56
196410,-2.07,4.66,-2.18,1.03,-0.26,0.66,2.15,0.04,2.86,1.89,2.87,0.51,0.11,0.35,-0.95,3.78,-0.07,1.97,4.1,5.49,2.57,4.43,3.27,2.5,-3.81
196411,-4.83,4.09,0.9,1.52,0.39,1.99,1.14,-1.42,1.75,0.46,3.7,0.62,0.51,-1.73,0.47,-3.08,-0.45,0.96,1.26,0.46,-1.95,-0.76,2.49,-5.87,-4.7
196412,0.4,-0.19,-0.15,0.84,1.12,-0.76,0.22,2.48,0.25,-1.84,-0.76,-2.17,-0.06,-0.02,0.47,-2.04,-1.74,-1.29,1.93,-2.92,-2.49,-1.04,-0.51,-1.57,-2.46
196501,7.2,-1.79,5.33,4.75,6.02,7.52,-1.46,1.51,4.7,2.94,4.09,3.64,4.21,5.51,0.33,5.87,3.97,3.02,5.62,12.46,7.77,8.39,0.62,3.26,3.87
196502,-2.3,-1.39,0.59,1.23,0.43,0.79,-2.45,0.74,1.66,5.62,2.33,-0.49,2.45,4.17,1.04,3.44,-0.64,2.89,2.07,10.46,2.72,2.05,3.94,-2.95,-2.22
196503,-4.5,-3,0.44,-0.92,-1.12,0.54,-3.25,-1.16,-1.03,-1.11,-2.9,-1.39,0.12,-0.09,-1.02,0,0.3,-0.82,-0.65,-1.98,-0.13,-0.05,-0.81,3.52,0.64
196504,3.2,6.47,0.78,2.95,4.95,6.59,1.4,2.23,1.98,3.43,2.42,2.04,3.61,5.62,2.72,5.93,1.72,7.36,1.35,3.52,4.39,7.74,3.92,11.17,1.96
196505,-5.34,-0.75,0.39,-1.05,-0.54,-5.74,0.39,1.43,-0.12,2.64,2.25,0.11,-2.45,-2.97,-0.97,-2.1,0.6,-0.63,-2.29,5.84,-1.07,2.19,-0.82,-7.22,-4.08
196506,-3.52,-1.97,-4.66,-4.88,-5.11,-8.73,-2.12,-4.11,-5.07,-7.08,-6.95,-4.97,-5,-7.49,-8.45,-8.39,-4.11,-7.23,-5.52,-6.39,-8.21,-8.81,-7.54,-7.7,-4.27
196507,8.99,0.03,2.54,0.69,2.01,5.59,-0.79,0.57,-0.85,1.66,0.27,2,2.62,3.2,4.5,4.65,2.53,4.2,2.6,8.88,5.44,3.93,2.78,2.22,5.26
196508,3.51,-0.16,2.78,2.04,4.68,2.66,1.39,0.42,2.41,8.21,2.56,4.4,4.05,4.79,5.21,-0.8,3.28,3.53,1.85,4.78,2.5,3.52,6.1,0.52,3.72
196509,5.05,2.11,7.18,2.56,4.16,3.3,1.4,3.25,2.84,3.11,-1.7,2.04,0.91,4.23,8.71,4.21,4.13,3.46,3.26,2.88,7.03,0.43,3.74,4.34,3.05
196510,3.66,-1.51,0.99,2.75,4.73,1.48,-2.22,1.49,0.96,7.44,3.68,3.9,1.89,3.48,7.24,3.27,5.17,6.27,2.38,4.01,6.27,6.21,6.03,9.71,4.45
196511,3.13,0.82,-1.71,1.84,-0.43,2.36,-4.8,-0.14,1.15,2.07,-1.17,1.08,0.44,4.78,13.38,1.89,-0.97,3.13,0,9.33,2.66,0.28,0.74,-7.86,4.15
196512,16.48,0.94,2.88,0.71,0.68,1.72,-1.01,0.15,0.7,1.29,1.77,1.91,1.21,2.67,-0.8,0.59,3.21,4.84,5.8,6.14,4.8,5.23,14.09,-2.53,-1.48
196601,10.13,-4.13,-1.96,-0.12,0.6,1.43,-1.22,-0.9,0.04,5.85,1.21,2.02,1.29,5.39,5.66,4.79,4.61,2.63,2.05,5.61,7.63,3.21,-0.22,-0.69,5.21
196602,20.77,-2.05,-4.29,-1.28,-0.41,-2.76,1.05,-3.93,-2.29,-1.03,-1.62,-1.37,-1.24,0.36,5.34,-1.85,-0.21,1.21,-1.45,7,-0.22,0.75,1.95,-1.16,0.76
196603,-4.61,-4.49,0.2,-0.97,-1.2,-3.5,-5.2,-2.01,-2.5,-1.73,-4.06,-0.95,-3.62,-0.54,1.47,-2.33,-2.18,-3.34,-2.38,0.45,-2.93,-3.4,-1.82,-4.18,-3.62
196604,-0.38,2.89,3.39,2.91,2.03,1.2,1.12,3.2,2.04,1.44,-0.68,0.62,2.73,3.28,5.8,3.8,3.4,6.54,7.66,3.55,3.23,-1.36,1.28,-0.6,-1.06
196605,-16.58,-3.16,-6.84,-4.67,-4.03,-5.29,-3.6,-4.18,-3.97,-6.35,-5.67,-5.36,-4.7,-7.29,-9.61,-7.32,-7.32,-8.59,-10.06,-11.13,-8.78,-6.84,-7.06,-3.98,-7.1
196606,6.69,-2.55,0.9,-2.61,-2.06,-5.34,0.18,-2.33,-0.25,0.68,-1.39,-1.47,1.09,2.53,3.73,2.95,0.26,2.47,2.35,-1.54,0.23,-2.92,2.18,-4.42,1.36
196607,-2.68,-6.08,-0.08,-0.83,-1.5,-3.66,-2.42,-0.41,-1.22,-1.99,-1.47,-0.81,-0.12,-0.65,-4,-0.82,1.36,-1.34,-2.43,-2.06,-0.93,-1.79,-2.8,0.58,-9.89
196608,-15.02,-2.02,-5.97,-8.11,-7.85,-6.76,-8.25,-8.26,-7.48,-12.35,-9.25,-5.41,-7.28,-7.3,-5.24,-7.47,-7.4,-6.48,-1.73,-11.56,-9.7,-8.58,-5.61,-5.58,2.29
196609,-0.45,-3.18,1.71,-1.29,-1.47,-3.6,3.04,3.35,-3.1,-1.55,-1.21,0.22,0.93,-0.42,-2.28,-0.86,2.28,-3.35,-5.66,-1.15,-1.86,-1.72,2,-2.19,-5.95
196610,-8.27,-1.4,5.33,4.23,2.25,0.41,11.95,7.18,1.12,-1.33,3.78,9.73,7.52,0.53,2.12,3.94,6.03,5.3,-1.21,-0.83,3.57,5.92,-2.41,1.8,8.23
196611,28.07,2.35,2.55,3.41,4.5,2.97,0.04,-0.74,2.91,10.02,-1.02,-2.91,-2.22,5.83,4.42,2.32,-0.5,-2.36,-4.04,7.56,1.29,-2.87,-3.49,-5.51,-3.47
196612,2.12,-4.69,1.34,1.68,-0.68,6.33,-2.59,0.53,2.4,1.68,3.26,1.49,1.58,0.91,0.55,-1.33,-0.4,3.43,2.1,-4.09,0.74,0.93,0.5,-2.28,-2.5
196701,14.52,9.93,7.78,5.62,8.74,11.63,7.23,5.63,7.99,11.35,6.19,5.03,8.02,8.56,14,12.21,7.64,10.28,14.86,17.49,13.89,16.77,13.15,19.79,17.19
196702,-0.91,1.07,2.12,1.33,2.87,2.99,1.21,0.01,1.56,-0.82,-0.65,-0.34,-1.52,0.6,-1.49,0.95,-2.42,-0.1,4.11,0.3,1.96,-2.8,0.43,0.26,-2.18
196703,-0.95,1.94,5.92,3.35,4.97,8.88,0.92,2.29,5.11,6.12,1.11,3.71,3.93,3.46,7.43,4.62,5.32,6.75,4.18,8.64,7.78,3.6,3.31,11.66,9.19
196704,6.3,11.44,3.6,3.56,7.52,6.13,1.58,3.2,4.44,1.64,-0.1,0.45,1.97,2.07,0.03,3.01,4.39,1.95,7.89,1.49,3.01,2.68,3.72,7.21,-3.94
196705,0.18,-7.11,-1.52,-4.18,-5.6,-2.52,-2.91,-2.54,-5.11,-3.64,-1.96,-4.05,-3.72,-2.59,0.64,-1.78,-3.95,-1.45,-6.19,-3.62,-3.1,-2.2,-0.25,-7.22,-2.94
196706,6.91,2.16,1.85,-0.04,2.28,7.55,-0.29,1.06,0.87,3.38,-0.75,2.01,2.13,4.08,4.57,6.2,4.24,2.57,3.33,10.92,5.38,3.82,3.64,2.26,0.42
196707,10.26,10.03,4.14,8.73,3.09,8.24,4.79,3.87,4.58,8.32,6.93,-0.97,9.52,7.42,6.78,6.64,6.83,6.38,6.39,10.27,9.75,8.41,6.33,15.31,11.77
196708,-3.6,-0.79,-0.54,-0.28,-0.7,-2.12,0.35,-1.67,-1.63,-0.69,-1.64,-1.63,-1.76,-0.42,-1.14,-1.13,-1.54,4.43,2.07,3.16,1.79,2.11,1.35,-5.02,3.77
196709,11.02,4.62,0.73,2.07,4.92,8.63,4.03,0.06,2.57,4.62,5.99,2.33,3.92,4.17,4.62,2.04,2.93,3.53,4.6,1.72,1.53,2.36,4.03,9.16,1.44
196710,-1.56,-4.37,-2.64,-3.8,0.84,-5.96,-3.52,-4.19,-2.87,-5.05,-4.78,-2.29,-2.7,-4.19,-6.68,-1.97,-5.22,-5.97,-3.31,-6.13,-2.24,-7.41,-4.02,-5.6,-13.26
196711,-2.38,6.08,2.94,0.28,1.45,1.91,1.3,1.9,-0.65,-0.97,2.72,-0.16,-0.17,-0.85,5.03,-3.46,-0.12,1.49,-2.06,1.94,-2.95,-0.75,2.98,5.92,-0.21
196712,9.58,-2.49,2.83,0.45,2.71,8.45,2.86,1.99,5.39,2.73,2.42,1.74,6.08,2.57,4.26,4.89,8.02,3.96,2.87,12.74,6.99,2.65,3.25,11.41,0.69
196801,-9.07,-8.26,-2.57,-6.06,-7.1,0.31,-5.86,-3.82,-5.17,-4.44,1.65,1.26,-3.34,-1.55,3.73,2.04,-2.29,-3.84,0.32,2.58,0.84,-0.69,-5.13,4.88,4.85
196802,-4.32,-7.85,-2.56,-2.17,-3.73,-3.96,-1.15,-2.8,-4.69,-2.17,-2.57,-2.38,-2.7,-1.56,-2.9,-3.45,-4.24,-2.08,-4.99,-8.27,-4.77,-2.93,-2.54,-8.81,-0.35
196803,5.61,7.1,1.01,0.27,3.4,0.29,-3.88,-1.43,-0.74,0.03,0.21,-0.2,-1.44,-1.78,-0.04,-1.08,-1.5,-1.79,-0.69,-1.07,-0.13,-1.06,3.41,-1.75,-6.05
196804,21.99,8.34,9.84,11.47,11.52,10.6,6.07,7.61,7.29,9.97,6.13,3.03,4.89,9.54,14.77,10.55,10.53,10.54,11.97,19.79,13.24,7.9,16.17,15.6,19.76
196805,7.19,3.26,2.06,1.27,3.2,5.78,1.58,2.09,1.95,2,2.06,-1.31,1.51,3.67,10.22,3.63,2.14,3.16,0,13.42,6.23,6.16,1.31,4.34,3.74
196806,0.7,-5.11,1.7,0.36,-0.57,3.9,0.87,1.55,1.24,0.58,4.61,3.54,5.19,0.12,-1.34,3.1,2.14,2.38,0.8,-1.84,0.19,-1.12,-4.61,3.29,-2.71
196807,-5.44,-9.47,-6.33,-3.61,-5.76,-5.01,1.99,-2.49,-3.37,-1.09,-5.06,-3.07,4.02,-1.91,-4.24,-2.26,1.31,0.26,1.24,-1.94,-1.4,3.86,-2.57,-1.23,-2.29
196808,-0.97,0.47,0.9,0.97,1.63,4.99,0.52,-0.07,1.41,0.91,2.46,5.1,1.39,1.09,-0.67,3.08,2.17,1.61,-0.57,2.68,3.86,2.06,2.53,7.89,0.61
196809,5.62,3.23,7.1,4.79,1.5,12.05,4.51,1.85,4.83,6.92,5.93,3.89,2.44,2.25,3.94,5.89,4.32,4.77,8.6,4.21,8.42,7.45,6.8,6.98,11.56
196810,0.64,-1.42,-1.51,1.46,-2.66,-0.22,2.17,-0.12,0.54,3.31,1.94,1.58,2.57,1.24,0.82,3.43,3.31,3.15,-0.33,2.55,1.85,0.84,2.19,2.43,4.86
196811,7.49,9.08,3.21,6.15,7.26,10.74,2.51,8.22,6.15,1.58,8.88,6.43,5.42,7.49,4.4,7.39,5.07,4.83,8.16,1.15,3.26,7.09,7.16,6.31,5.16
196812,-2.63,-0.19,-4.26,-4.83,-5.01,-0.48,-5.62,-4.58,-4.9,-3.49,-3.06,-3.75,-3.84,-1.59,8.35,-0.18,-4.02,-2.43,-1.32,2.56,-1.76,-3.88,4.16,-1.59,-2.79
196901,-1.52,-1.44,1.25,-2.49,-2.77,2.61,-1.47,1.98,0.1,-1.4,-1.18,1.63,0.66,-0.58,1.42,-0.05,-0.23,-1.26,0.43,-3.17,0.24,1.3,-3.92,-1.32,1
196902,-12.87,-10.41,-4.59,-4.24,-4.16,-10.22,-1.83,-7.68,-4.72,-3.19,-8.9,-7.06,-3.73,-5.89,-8.55,-5.8,-5.15,-5.58,-6.53,-9.32,-7.01,-6.45,-4.82,-7.98,-6.81
196903,0.77,5.82,8.07,3.44,3.7,1.35,3.68,-0.29,0.37,3.71,2.41,3.76,4.12,1.86,-0.81,6.36,1.64,1.18,-1.71,3.98,2.98,8.89,1.21,2.99,3.66
196904,1.13,3.35,3.7,3.09,3.62,6.84,-2.25,2.88,1.97,0.78,3.59,2.22,0.62,-0.86,-2.56,1.74,3.8,-0.29,0.33,-4.82,1.73,1.45,1.18,-3.38,-8.92
196905,-1.23,-0.39,-1.16,-0.35,-0.43,-1.11,-0.55,-0.6,-0.8,2.18,-0.56,0.06,1.27,1.44,1.36,1.39,1.59,1.54,0.79,-1.73,0.11,1.79,-6.87,-2.78,-3.74
196906,-10.48,-12.29,-5.09,-4.66,-1.38,-14.03,-8.18,-8.24,-6.41,-7.06,-12.86,-8.89,-7.7,-4.89,-6.51,-10.13,-6.6,-7.34,-8.25,-8.69,-8.29,-9.71,-10.82,-12.89,-4.8
196907,-12.19,-9.41,-6.23,-5.45,-4.54,-12.77,-8.32,-6.56,-6.32,-5.92,-6.93,-8,-6.43,-6.13,-7.09,-10.62,-7.46,-6.54,-5.25,-7.82,-7.07,-5.2,-2.93,-12.19,-6.77
196908,7.73,10.92,10.79,8.84,6.75,7.78,6.52,7.36,3.73,5.03,6.45,6.62,5.15,1.92,2.37,3.81,6.13,3.1,0.08,2.77,2.41,1.81,-0.13,6.9,0.06
196909,-0.24,1.95,-1.58,-0.04,-0.36,-5.17,-0.57,-2.85,-0.6,-4.5,-2.75,-3.12,-5.5,-1.92,0.29,-6.11,-6.12,-4.07,-1.71,5.05,-2.42,-4.78,-1.57,-6.48,-3.88
196910,14.12,7.98,5.41,5.52,6.94,9.88,4.7,7.5,6.28,5.06,6.31,7.74,5.18,7.6,2.45,3.75,2.96,1.65,8.57,15.49,6.43,4.17,1.11,7.22,-19.08
196911,-6.82,1.51,-3.35,-3.25,-1.54,-5.91,-3.76,-2.1,-4.41,-4.28,-1.21,-5.81,-4.71,-2.92,-3.58,-4.12,-5.08,-4.83,-2.67,-6.63,-6.41,-0.96,-2.99,-6.56,-13.42
196912,-6.22,-1.23,0.42,0.06,0.63,-5.41,-0.74,-1.99,-1.74,-3.28,-1.67,-1.17,-1.08,-3.22,-2.57,-0.05,-2.89,-2.05,-4.11,-3.13,-3.52,-5.66,-5.76,-5.64,3.26
197001,-6.76,-12.32,-9.63,-8.48,-7.96,-5.98,-9.56,-7.52,-6.16,-7.48,-8.73,-5.34,-10.36,-6.08,-7.81,-9.31,-9.71,-6.55,-9.08,0.17,-3.91,-4.42,-0.6,-11.66,-0.13
197002,3.68,8.82,3.1,3.21,3.45,1.77,6.67,6.06,3.99,4.37,8.56,7.17,7.82,7.14,9.07,8.26,9.68,3.53,7.67,1.68,7.68,8.34,5.6,8.15,-6.18
197003,-7.85,-6.7,-6.14,-5.15,-2.07,-1.55,1.51,-3.03,0.27,-1.6,1.04,2.26,0.07,1.25,6.49,-2.44,-0.13,3.45,1.67,-0.84,1.36,1.38,2.66,6.15,-11.79
197004,-26.17,-19.49,-12.42,-12.42,-11.57,-17.18,-10.97,-13.34,-10.18,-5.74,-13.06,-9.95,-9.54,-10.69,-6.95,-6.99,-7.49,-8.1,-7.31,-10.38,-9.06,-8.49,-3.9,-7.54,-2.47
197005,-12.7,-10.7,-9.04,-12.07,-8.04,-9.36,-9.11,-9.42,-6.9,-3.85,-13.14,-6.41,-4.91,-5.62,-5.54,-2.02,-2.52,-0.69,-2.55,-4.33,-6.57,-4,-4.66,-4.37,-18.63
197006,-11.17,-12.97,-4.22,-3.65,-6.53,-3,-6.18,-6.54,-3.15,-4.13,-7.79,-1.86,-5.57,-2.62,-4.06,-1.54,-3.79,-2.84,-0.06,-1.62,-9.13,-8.47,-4.34,-1.9,-17.25
197007,3.95,11.06,1.93,7.78,3.31,8.25,10.36,11.37,6.29,7.53,7.3,6.84,9.05,8.85,14.58,10.53,8.87,11.11,10.59,4.19,5.22,10.53,11.98,3.74,-1.56
197008,8.53,3.34,5.31,3.25,4.54,3.81,4.6,4.16,4.83,7.9,2.04,2.77,5.77,5.59,8.69,6.2,4.15,4.62,7.9,5.18,4.72,7.06,8.56,9.22,12.41
197009,13.8,7.77,9.37,6.96,8.44,13.63,7.4,2.67,2.45,0.57,5.93,1.12,1.87,1.43,1.32,2.34,2.84,0.2,-1.49,12.65,7.67,4.61,3.45,3.59,19.91
197010,-8.72,-2.39,-2.57,-0.34,-0.41,-5.02,-4.49,0.04,-1.92,-1.74,-6.43,-5.12,-2.97,-1.62,-7.12,1.83,-0.77,-0.81,-2.57,-6.29,-4.95,-3.53,-4.76,-4.3,-12.98
197011,-0.25,8.27,6.24,3.47,4.75,1.57,2.97,5.28,5.09,7.03,3.78,3.13,6.35,5.19,7.58,4.96,6.84,5.83,5.08,6.6,2.96,4.97,6.51,5.38,2.52
197012,6.01,2.43,2.87,5.26,5.43,6.4,6.95,7.16,8.01,6.19,7.32,6.43,9.89,7.96,9.37,6.01,5.15,5.95,8.17,12.08,9.79,6.09,8.13,6.6,18.85
197101,8.95,5.37,11.01,4.09,3.82,11.15,8.7,4.91,4.21,5.24,6.05,4.11,4.33,4.81,5.17,1.77,4.73,3.47,9.26,17.98,9.51,5.63,15.87,4.22,20.98
197102,7.28,-0.68,2.54,4.44,2.37,-0.06,2.07,0.86,1.39,1.38,2.59,1.32,-0.51,1.49,0.61,3.24,2.41,-1.09,3.82,4.05,1.13,1.61,1.14,1.53,8.75
197103,10.39,7.72,9.28,4.19,6.35,8.88,3.06,2.35,7.45,3.09,6.77,6.19,2.47,3.61,8.22,2.16,1.52,1.6,3.18,3.7,1.92,3.69,3.94,5.6,2.3
197104,0.91,4.87,6.2,3.65,3.19,6.29,2.55,3.63,2.79,6.43,5,0.21,0.8,1.15,1.57,6.97,2.48,0.81,5.79,2.33,5.4,6.34,8.11,8.88,-3.77
197105,-4.43,-1.15,0.26,-2.24,-3.16,-5.97,-4.86,-3.6,-3.21,-4.32,-4.91,-5.08,-3.98,-3.41,-4.32,-5.63,-5.21,-4.41,-3.07,0.27,-3.08,-4.79,-5.91,-5.86,-9.4
197106,1.5,-1,4.41,1.85,0.72,-2.25,1.73,1.49,2.86,-2.88,-2.28,-0.46,1.51,-0.84,0.55,-0.8,1.72,0.59,-0.08,-0.79,-1.67,-2.26,-3.23,-0.62,-6.11
197107,-0.84,-2.54,-5.1,-3.48,-4.56,-5.98,-3.14,-5.2,-3.11,-5.41,-3.41,-4.08,-2.78,-3.49,-9.55,-3.29,-3.72,-3.54,-7.38,-10.38,-6.94,-7.04,-8.6,1.25,-5.62
197108,-7.92,8.48,6.88,5.96,4.76,3.04,6.82,5.3,2.58,5.96,2.97,-0.15,-1.98,1.62,5.16,4.53,3.96,1.08,2.35,12.92,11.6,10.37,2.24,9.47,8.22
197109,2.83,-0.15,0.12,0.07,0.93,0.09,1.48,-2.18,-0.92,-1.21,-0.53,-1.47,-0.75,-0.81,-3.56,-1.92,-1.49,-0.59,-2.68,-0.81,-3.88,-2.72,-1.21,0.42,-4.17
197110,-10.66,-5.51,-5.27,-4.09,-2.78,-10.41,-5.11,-6.23,-3.53,-4.4,-5.37,-2.86,-2.74,-4.12,-7.65,-3.29,-3.02,-3.06,-7.75,-5.92,-6.7,-3.86,-5.54,-2.19,-12.64
197111,-8.35,0.88,0.65,0.44,1.13,-2.54,-1.2,-1.74,-0.59,2.56,-3.2,-0.43,-0.57,0.05,0.25,-3.42,-0.1,-0.58,1.48,3.28,-1.85,-1.53,-7.48,-3.13,-8.12
197112,16.27,4.65,10.16,8.09,9.99,9.68,9.88,12.26,9.66,8.48,11.74,9.39,8.59,8.81,10.63,9.44,7.37,7.25,9.17,10.75,12.23,10.04,11.14,7.76,12.71
197201,4.84,1.67,2.69,0.6,4.41,1.53,1.47,0.01,1.59,4.07,4.04,-1.02,0.15,0.98,5.94,4.56,2.55,0.29,4.3,8.66,8.5,8.54,13.62,6.65,7.93
197202,3.96,0.47,9.2,4.86,4.48,6.25,2.07,2.69,2.96,2.37,1.5,0.36,1.66,2.5,1.88,3.13,0.77,-0.45,2.58,3.86,1.11,5.1,0.8,-5.57,-2.27
197203,1.23,5.71,1.18,2.79,2.06,-1.12,2.94,-0.27,1.93,-0.66,0.39,-2.23,-3.23,2.36,-2.11,-1.49,-2.45,-0.31,0.25,-2.55,0.43,1.03,-1.72,6.26,-3.93
197204,4.01,-3.81,0.63,1.74,1.03,0.14,4.55,-0.36,0.68,-0.17,1.7,-0.63,-0.23,0.25,-1.93,2.61,1.2,-1.14,0.08,-0.55,1.16,0.97,2.94,-2.3,-4.67
197205,2.89,-2.46,4.14,3.15,3.95,-2.5,-0.52,-1.26,-0.47,-0.68,-2.7,1.53,3.43,-2.39,4.47,-0.33,0.24,0.91,-0.7,2.6,-0.94,-2,3.53,-6.59,-9.87
197206,4.41,-0.51,-4.39,-1.12,-0.35,-4.35,-2.15,-3.64,-0.68,-3.76,-5.26,-2.95,-2.53,-2.19,-1.72,-3.85,-1.68,-2.6,-4.06,-4.12,-5.08,-8.38,-7.82,-3.83,-1.85
197207,-8.86,0.08,-0.84,0.52,1.54,-0.5,-5.23,-3.78,0.95,-3.05,-6.81,-0.81,-1.25,0.57,-1.15,-5.75,-1.59,-0.4,0.35,1.44,-3.14,1.49,-0.9,-2.72,-6.46
197208,1.76,1.5,-0.85,2,0.33,2.23,0.84,3.41,5.96,6.39,2.68,6.05,3.37,6.81,7.11,6.6,8.18,6.74,11.54,5.42,6.57,4.16,3.26,-1.56,-2.82
197209,-4.24,-0.62,-1.06,0.66,-0.09,-0.98,-2.24,-3.48,-2.11,-2.27,-5.57,-2.25,0,-0.83,-3.34,-1.96,0.5,2.59,-0.06,-0.6,-4.22,-2.99,-2.54,-1.72,-0.77
197210,0.35,0.11,1.41,1.63,0.11,-5.26,1.45,1.49,2.69,-2.76,1.9,2.06,2.75,0.71,3.45,1.85,2.47,2.28,1.99,0.57,-0.32,-0.23,1.03,2.52,-0.66
197211,1.52,4.49,1.76,2.46,1.85,5.3,4.68,8.47,4.68,8.84,2.95,9.05,5.97,5.94,7.52,7.08,6.39,7.74,8.62,12.38,10.67,9.88,13.23,5.42,1.29
197212,2.97,6.81,3.76,3.58,2.9,-0.93,-1.85,-1.62,1.19,-1.14,-1.68,-0.27,-1.21,-0.55,-1.15,-3.94,-2.08,0.91,0.35,4.38,-3.01,-3.53,0.47,-5.49,-5.5
197301,-5.1,-7.01,-4.02,-3.18,-1.24,-4.08,-7.71,-8.86,-3.55,-3.34,-7.35,-4.44,-5.51,1.17,-4.67,-4.09,4.05,-2.05,0.93,-4.97,-4.62,-2.18,-3.68,-2.65,-1.42
197302,-5.32,-8.04,-2.95,-2.49,-2.88,-6.71,-6.7,-4.87,-2.99,-5.17,-5.57,-5.82,-4.53,-5.42,-3.97,-4.51,-6.36,-3.87,-7.56,-9.41,-3.52,-3.94,-6.72,-4.28,-6.86
197303,-2.12,-2.29,-4.85,-2.08,-0.17,-5.31,-3.01,-5.35,0,-2.03,-0.78,-0.12,-1.42,2.24,0.41,0.71,2.12,0.37,2.38,-2.86,1.63,0.12,-2.26,-3.14,0.38
197304,-7.96,-10.76,-5.21,-5.91,-6.68,-10.1,-10.6,-6.89,-3.53,-2.37,-6.94,-2.78,-2.38,-1.8,-4.73,-6.58,-0.39,0.53,-3.26,-2.41,-4.56,-1.57,-4.34,-4.14,-4.81
197305,-9.92,-0.07,-0.83,0.45,-0.87,-8.72,-3.55,-6.82,0.24,-5.21,-7.69,0.43,-2.4,-2.22,-2.21,-3.25,-6.63,-0.37,-3.4,-5.11,-5.61,-5.22,-8.83,-8.37,-10.48
197306,-0.29,-4.1,-2.22,-1.41,-0.21,-2.59,-1.89,-2.77,-1.05,-0.79,-3.21,-0.82,-2.78,1.15,-0.79,-0.56,-1.13,-0.41,-0.81,-4.05,-2.04,-1.77,-6.22,-5.49,1.61
197307,16.41,9.19,10.24,10.01,4.7,8.89,10.33,8.52,5.26,5.65,9.74,-0.71,2.7,2.44,-0.18,7.26,3.38,0.16,5.4,5.24,7.13,6.39,5.48,8.25,7.89
197308,-5.21,-5.5,-2.81,-4.74,-2.81,0.33,-2.82,-0.94,-2.48,-4.5,-1.85,-5.99,-2.25,-2.31,-4.59,0.31,-1.85,-3.79,-5.2,-3.08,0.76,-2.43,-3.65,-4.91,-7.13
197309,5.4,3.39,5.05,3.7,-0.4,8.17,8.47,10.58,8.61,8.75,10.85,8.13,11.7,8.83,7.21,10.17,7.22,7.95,12.93,10.23,7.69,10.33,10.93,13.26,7.53
197310,-0.38,-2.05,-2.46,1.22,-0.21,0.54,0.97,1.33,-0.17,-2.61,-0.94,-0.72,0.63,-2.63,3.72,-0.44,0.43,-3.1,-3.99,-5.47,4.08,0.45,1.32,-12.85,3.31
197311,-15.26,-18.61,-13.56,-11.64,-11.96,-10.49,-11.54,-14.28,-14.89,-17.42,-11.51,-14.97,-10.78,-18.81,-7.35,-9.12,-11.65,-5.3,-11.57,-16.03,-10.06,-14.78,-14.94,-24.85,-22.35
197312,-2.01,-0.47,-1.73,-1.14,-2.47,1.56,0.8,1.57,2.31,-0.84,5.86,9.42,5.43,5.49,5.7,3.15,3.18,5.52,4.32,0.29,8.07,6.01,2.81,-2.99,0.01
197401,2.25,1.05,4.38,-3.64,-1.56,0.74,-4.55,0.16,2.67,6.54,1.91,0.67,-0.47,3.41,-5.26,1.77,5.04,1.11,4.74,8.87,3.34,6.17,10.07,11.08,16.92
197402,-1.73,0.14,-0.17,-1.48,-1.57,-2.64,1.41,3.7,-0.08,1.89,1.42,-2.46,1.75,0.47,-1.73,1.12,1.69,3.88,-0.19,0.78,3.38,2.77,3.99,5.21,3.99
197403,-3.9,-6.05,-3.45,-1.13,-1.04,-4.38,-6.74,-1.91,-3.67,-0.35,-5.92,-1.39,-3.5,-0.16,-2.7,-5.48,-2.27,-3.44,0.34,1.31,-3.09,-3.05,0.87,-1.19,2.06
197404,-10.88,-6.07,-4.34,-2.03,-3.75,-6.45,-8.24,-3.78,-6.06,-3.3,-7.87,-4.56,-6.18,-0.94,-6.1,-9.94,-6.66,-6.04,-3.81,0.27,-4.53,-4.41,0.7,-4.23,-5.06
197405,-7.8,-11.22,0.09,0.64,-1.29,-9.22,-6.43,-5.84,-7.15,-2.07,-8.39,-6.13,-7.57,-2.44,-4.92,-8.91,-7.01,-1.73,-5.89,-0.13,-9.18,-6.22,-4.2,-2.6,-7.8
197406,-6.04,-1.57,-1.71,-2.18,-1.33,-5.74,-2.9,-1.02,-3.59,-2.33,-2.37,-2.86,-1.99,-2.42,-1.2,-2.89,-5.28,-1.28,-2.61,-3.1,0.79,-3.56,-0.12,-3.28,-3.51
197407,-11.44,-16.74,-7.98,-9.1,-10.99,-5.59,-0.45,-3.87,-5.22,-4.75,-1.59,-0.18,-5.69,-4.6,-0.55,-4.42,-0.85,-4.23,-3.99,-3.94,-1.24,-0.77,-1.99,-7.83,-1.75
197408,-9.35,-11.13,-10.84,-11.55,-8.97,-9.7,-10.24,-8.07,-10.23,-6.24,-8.55,-8.35,-2.37,-7.59,-8.73,-8.42,-7.16,-4.88,-7.88,-6.31,-6.77,-8.24,-4.99,-9.23,-6.55
197409,-7.58,-14.74,-9.99,-13.7,-16.44,-6.22,-8.72,-9.22,-6.85,-10.89,-6.46,-3.56,-4.65,-6.05,-9.04,-3.2,-6.29,-6.71,-7.7,-5.5,-8.12,-6.48,-8.24,-6.59,-12.71
197410,32.87,14.8,28.52,23.45,20.03,19.05,13.03,20,16.98,8.89,15.07,12.64,11.81,10.96,11.24,11.85,11.12,6.16,9.26,5.88,13.15,7.68,8.59,-8.45,15.73
197411,1.23,-3.62,-3.89,-3.24,-5.79,1.57,-2.66,-1.3,-3.86,-4.52,-2.81,-0.9,-4.18,-3.03,-6.27,-1.64,-4.49,-2.69,-5.05,-5.36,-3.69,-4.69,-7.71,-6.61,-8.71
197412,-2.36,-2.78,-0.54,-4.29,-5.15,-1.7,-2.13,-1.29,-2.21,0.79,-3.16,-1.05,0.56,-2.65,1.98,-2.47,-3.28,-1.21,-2.86,-4.95,-6.01,-6.58,-7.38,2.21,-13.36
197501,3.89,18.3,4.95,9.31,11.87,11.43,14.37,13.33,19,17.22,21.88,17.11,14.44,21.3,20.12,21.19,22.52,22.22,23.9,21.93,23.83,27.62,25.15,21.97,47.37
197502,6.26,6.96,4.2,8.59,11.82,1.9,1.85,-0.07,5.01,4.17,2.25,3.02,3.7,3.04,1.35,3.4,2.55,1.89,4.82,5.1,4.45,3.11,3.77,-7.19,1.87
197503,0.49,7.39,4.02,3.02,2.43,4.42,2.89,3.3,7.61,1.64,2.51,1.7,-1.18,5.74,-0.95,1.23,8.84,8.41,7.25,8.27,5.21,4.88,10.01,9.69,14.66
197504,4.02,0.38,8.93,4.95,6.45,2.61,4.63,0.85,6.76,6.25,0.89,0.58,0.92,2.66,2.18,2.83,5.08,5.56,3.5,8.21,5.85,5.05,4.83,-0.71,6.46
197505,9.79,7.28,7.27,3.7,5.08,10.77,8.37,9.03,2.4,8.75,7.46,5.77,3.84,4.73,9.88,6.31,0.83,1.32,4.45,6.85,3.11,3.97,7.07,4.35,-4.98
197506,5.41,7.7,6.17,5.59,1.48,7.81,7.3,5.81,6.45,7.41,9.84,8.67,4.35,5.5,5.72,9.33,7.08,8.97,4.95,6.46,4.65,6.7,9.09,10.55,1.34
197507,-4.52,-10.86,-8.4,-8.08,-7.39,-7.99,-6.39,-2.62,-5.24,-4.44,-4.23,-4.33,-3.18,-4.52,-5.02,-5.23,-3.75,-3.88,-5.87,-1.78,-4.58,-3.58,-0.62,-5.03,-5.05
197508,-6.17,-0.71,-4.25,-2.8,-1.75,-5.12,-2.17,-3.36,-2.36,0.22,-3.04,-2.24,-3.17,-2.43,-1.69,-2.44,-1.23,3.09,-3.71,-3.06,-5.7,-3.11,-4.42,-5.81,-6.94
197509,-4.64,-5.57,-3.01,-6.05,-3.55,-3.6,-3.47,-0.86,-4.47,-0.14,-1.93,-2.77,-4.83,-3.33,-0.66,-4.42,-4.11,-3.57,-4,-1.35,-3.82,-3.68,-7.57,-5.6,-1.06
197510,3.55,10.27,9.31,9.15,4.61,6.69,4.76,7.44,4.88,2.48,6.88,6.04,4.98,2.59,3.05,6.82,7.94,0.51,8.1,6.01,3.09,5.36,4.29,0.91,-1.94
197511,2.48,4.86,2.63,2.97,3.23,6.78,2.73,3.72,1.2,0.09,4.62,2.92,3.1,4.71,1.8,3.16,6.97,2.45,5.25,2.85,3.41,6.57,5.7,-0.13,0.95
197512,-5,-6.1,-1.67,-2.26,-2.18,-0.43,0.38,0.77,0.18,1.26,0.23,0.29,-1.1,1.75,1.27,0.14,0.04,0.3,-1.62,0.5,0.53,-0.6,2.22,-1.02,3.14
197601,10.03,11.47,8.77,11.21,11.93,8.63,12.42,10.05,12.83,10.69,11.51,11.67,15.12,19.13,18.43,14.42,17.39,21.04,28.13,24.38,23.2,22.81,19.3,27.11,23.68
197602,0.09,0.2,-4.78,-2.58,-1.04,2.69,1.75,2.93,2.63,0.33,1.55,1.17,0.19,5.57,1.75,1.77,5.98,3.02,5.42,5.92,9.81,7.55,11.01,18.43,19.13
197603,4.03,3.69,3.77,2.54,2.47,4.7,3.07,2.47,2.72,3.92,1.9,3.6,2.68,0.41,3.37,2.63,3.95,1,-2.37,1.21,3.92,3.19,-2.13,8.32,-4.2
197604,-1.62,-5.46,-1.53,-1.96,-1.85,-1.97,-2.61,0.73,0.16,0.3,0.4,1.76,0.84,-0.42,0.42,-1.01,-0.17,0.74,-2.48,-1.15,-2.5,-1.42,0.58,-3.49,1.95
197605,-0.9,-3.71,-0.9,-2.52,0.05,-3.83,-1.31,-2.11,1.45,4.67,-2.42,-0.71,-1.92,-0.81,0.51,-2.23,-4.53,-1.19,-1.99,-2.19,-2.6,-1.27,-0.23,0.81,-2.36
197606,6.09,3.08,3.15,3.09,5.62,8.52,4.99,3.01,4.42,4.25,4.41,4.55,7.74,6.97,5.1,6.04,6.95,4.38,4.36,4.26,3.79,4.79,4.89,0.84,8.88
197607,-2.66,-1.31,-1.29,-1.48,-1.7,3.83,0.43,-1.05,-1.42,1.17,0.19,0.05,1.07,1.02,-2.19,1.03,-0.29,0.32,0.92,-0.66,1.88,0.13,1.09,1.93,3.21
197608,4.14,0.71,-2.23,-0.64,-0.84,-0.88,1.18,-0.21,0.33,0.15,2.09,0.55,3.33,0.04,-1.6,-0.04,-0.94,-1.47,-2.34,-2.84,-1.71,0.25,0.04,-4.17,2.26
197609,0.16,1.96,2.83,0.88,2.22,1.66,2.63,2.46,4.06,4.9,3.24,2.63,2.23,4.52,5.79,3.2,4.03,2.63,3.77,3.83,-0.12,1.65,1.27,4.55,4.21
197610,0.4,-1.76,-1.91,-2.97,-2.74,-1.23,-0.7,-2.4,-0.48,-3.8,-2.57,-1.31,0.17,-1.27,-0.8,-3.83,-3.12,-0.15,-1.81,-2.56,-3.48,-3.02,-2.44,-3.89,2.6
197611,4.1,0.61,-4.05,-1.53,-0.27,1.39,4.46,1.86,0.39,0.51,2.91,1.3,2.71,3.35,2.32,3.61,0.97,2.3,2.27,2.29,3.78,3.75,3.52,6.66,2.32
197612,0.51,1.54,7.6,3.11,5.41,8.17,5.28,7.13,9.13,6.94,4.64,7.69,4.24,7.45,9.79,7.8,9.53,8.72,11.17,6.85,9.75,8.37,8.71,10.15,11.7
197701,-7.54,-11.79,-7.42,-8.69,-5.09,-5.32,-3.09,-2.75,-3.31,-1.22,-6.21,0.5,-0.74,-0.34,0.57,-2.83,-1.1,1.35,0.67,3.2,1.77,3.17,2.81,5.44,2.49
197702,0.46,-2.86,-1.72,-2.09,-1.16,-5.72,-1.56,-1.39,-2.54,-3.18,-1.17,-2.74,0.69,-1.74,-1.2,0.38,-2.87,-1.36,0.69,-2.52,-1.78,-0.66,-1.34,-2.77,-2.53
197703,-2.34,-3.5,-0.58,-2.75,-0.62,-0.79,-0.43,0.1,-2.62,-0.64,1.56,-1.16,-1.11,-2,0.56,0.29,-0.07,0.31,-0.45,-0.81,0.93,1.15,0.34,3.53,3.02
197704,-0.14,-3.51,-2.33,-1.34,-2.06,2.11,1.86,1.37,1.54,2.55,4.7,2.07,0.42,1.92,0.81,2.87,3.75,3.2,4.2,3.5,4.01,1.75,2.3,3.86,3.28
197705,-2.23,-4.5,-2.89,-2.18,-1.54,-2.85,-0.9,-0.11,-0.98,-0.41,0.32,0.07,1.48,0.43,-0.34,-1.02,-1.24,0.11,-0.04,-3.75,-1.54,0.55,1.22,1.78,0.58
197706,5.22,7.14,5.88,5.2,6.84,5.8,5.57,2.58,4.28,5.14,4.87,3.85,2.09,5.13,5.32,4.63,4.65,3.29,6.02,6.53,4.64,6.89,7.32,11.3,10.23
197707,-0.06,-0.79,0.11,-1.62,-1.08,-4.39,-0.59,-2.35,-2,-2.82,-3.88,0.75,-0.69,-1.61,-0.39,-1.84,0.37,0.03,-1.24,1.76,-4.48,0.15,-0.12,1.16,-4.2
197708,4.33,1.14,1.34,1.91,-0.09,0.5,-2.56,-1.4,-2.69,-4.31,-3.46,-3.25,-1.85,-2.21,-2.73,-2.85,-3.4,-3.25,-2.19,-7.45,-3.63,-2.51,-1.81,-1.14,-1.2
197709,-3.45,-1.91,-0.74,-0.98,0.32,0.07,0.84,-0.99,0.31,-0.93,-0.95,1.15,2.82,1.18,1.25,-2.28,0.71,1.2,2.62,3.66,-1.34,1.17,1.58,1.08,-1.9
197710,-5.09,-5.71,-3.55,-4.32,-4.28,-6.09,-4.32,-3.92,-3.78,-2.66,-4.72,-4.14,-4.85,-3.04,-2.12,-1.95,-2.84,-2.59,-3.94,-1.51,-2.97,-2.4,-3.97,-3.93,-5.4
197711,6.08,6.41,6.65,3.2,4.07,5.34,4.67,5.36,5.96,2.7,3.5,4.71,3.07,6.07,6.46,4.5,3.95,5.55,4.21,3.63,7.8,6.4,4.73,10.7,10.71
197712,-5.39,-0.83,1.07,-0.08,1.13,-1.31,1.59,0.7,0.02,2.5,1.25,0.1,1.9,1.64,-0.84,1.07,0.02,0.69,1.69,-0.49,1.3,1.82,-0.84,-1.67,3.57
197801,-7.8,-6.01,-5.97,-7.22,-5.27,-5.93,-6.26,-6.24,-7.27,-6.8,-6.9,-4.62,-4.53,-5.21,-6.18,-3.89,-4.13,-3.12,-5.18,-6.55,-1.66,-2.88,0.3,-0.4,-0.39
197802,-2.23,-3.18,-3.01,-2.94,-2.16,-2.62,0.02,-1.71,-0.67,-0.25,-0.18,-0.28,3.29,0.94,1.47,-0.83,-0.09,0.6,0.78,-0.12,-1.51,-0.75,1.29,5.08,1.75
197803,-2.87,3.87,5.59,2.65,1.17,3.48,4.35,5.72,5.15,3.4,5.85,3.69,2.65,6.47,5.74,3.25,3.7,3.59,7.02,3.64,6.97,4.69,5.38,4.91,12.12
197804,14.29,11.49,11.46,12.21,10.52,7.26,8.54,7.81,9.08,8.06,8.11,5.18,3.8,8.41,6.95,6.15,3.16,6.11,10.49,4.68,8.21,4.49,5.94,7.74,11.45
197805,-1.24,7.52,3.12,2.82,1.51,0.79,1.76,2.89,2.78,2.64,2.95,2.02,-0.03,2.87,2.1,4.44,0.24,2.99,0.87,0.63,5.32,2.23,5.1,7.74,5.59
197806,-3.68,0.06,0.82,-0.77,-1.62,-0.47,-0.58,-2.41,-0.78,-4.06,-2.21,-1.44,-1.26,-0.79,-0.02,0.2,-0.02,-0.15,-1.58,-3.16,-0.26,0.94,-0.9,-3.69,2.79
197807,3.37,7.62,8.41,7.42,7.22,4.96,6.75,5.03,4.71,5.49,3.11,7.02,1.77,4.49,5.8,5.46,4.37,4.24,5.5,3.95,6.51,5.96,6.27,8.69,3.65
197808,-0.19,1.54,2.29,3.06,5.23,5.03,5.54,3.48,6.28,3.34,5.28,4.2,4.1,5.56,6.08,2.41,3.27,5.36,4.55,6.08,4.5,4.75,4.94,5.22,0.36
197809,-0.87,-2.91,-3.39,-2.6,-3.57,1.22,-1.51,-0.91,-0.55,0.27,0.2,-0.77,0.75,1.69,5.11,-1.58,-0.22,0.05,1.36,5.06,0.02,-0.44,-1.02,-2.27,1.5
197810,-14.97,-15.4,-12.1,-10.12,-10.73,-12.32,-15.08,-10.72,-11.21,-12.44,-9.67,-9.15,-7.81,-10.77,-9.4,-12.34,-10.44,-11.42,-13.31,-9.34,-15.84,-15.1,-15.23,-21.35,-15.34
197811,6.62,5.09,2.85,2.84,3.59,4.01,4.88,5.17,2.25,2.21,2.34,5.12,3.47,2.98,5.06,3.93,2.5,1.7,6.84,2.73,2.35,4.45,2.46,9.24,3.85
197812,-5.98,2.76,3.86,1.05,5.05,1.09,1.22,1.76,1.95,0.25,0.41,0.72,0.07,0.17,2.66,-0.35,0.24,0.9,0.66,3.67,-0.69,1.8,0.23,2.11,1.27
197901,7.76,3.75,2.3,3.05,3.4,8.88,7.17,4.57,4.85,5.71,7.86,5.55,4.16,4.29,4.18,8.49,5.76,6.37,5.49,7.52,11.29,5.64,8.76,6.64,0.21
197902,-3.03,-5.09,-5.53,-4.11,-3.65,-0.05,-3.79,-2.2,-2.95,-2.86,-2.16,-4.52,-1.52,-1.88,-1.96,-3.02,-1.85,-2.32,-2.29,-1.13,-2.85,-2.5,-3.18,-5.01,-1.18
197903,6.31,9.96,7.51,4.7,6.23,4.54,7.43,5.54,7.32,7.98,4.75,5.6,2.72,7.53,9.01,7.33,5.78,7.77,9.24,4.26,9.31,6.43,7.79,11.48,8.42
197904,-1.83,-1.07,1.36,0.61,0.41,-0.73,-1.35,2.12,-0.34,2.76,-0.88,-0.9,-1.91,4.38,1.96,-1.31,0.74,1.5,4.18,6.58,0.08,0.47,2.87,1.12,5.82
197905,-4.87,0.75,-1.89,-2.35,-1.97,2.25,-1.91,-2.12,-1.84,-0.07,0.91,-2.15,-0.37,-1.86,-2.58,0.36,-0.2,-1.33,-2.3,-3.25,-1.49,-0.17,-0.34,-2.79,-3.42
197906,2.87,7.72,5.24,2.58,2.33,4.94,8.4,5.57,5.22,3.9,6.66,4.72,3.37,6.68,6.61,7.31,6.44,5.67,6.02,9.4,4.47,4.14,4.75,9.04,5.61
197907,0.95,-0.31,0.72,1.28,-0.32,-1.01,1.03,1.64,3.89,2.17,2.29,0.93,3.49,4.15,-0.43,1.11,1.33,2.12,5.22,5.28,4.1,4.8,1.88,2.86,3.76
197908,11.55,10.66,9.34,7.4,5.78,7.19,4.71,7.83,7.61,6.95,2.38,3.5,6.69,5.19,6.99,4.74,3.96,7.89,6.11,9.86,5.78,5.82,8.36,5.6,13.3
197909,-0.99,3.31,-0.3,-1.7,-1.5,-1.04,0.78,-0.63,1.83,1.11,-1.79,-1.34,-0.93,3.3,6.26,-3.05,0.19,2.17,-1.04,-2.57,-1.17,-1.93,2.78,0.01,-7.38
197910,-7.86,-8.3,-5.35,-6.48,-7.33,-7.35,-9.57,-6.83,-8.26,-3.33,-8.06,-5.39,-8.56,-4.63,-8.1,-7.86,-7.93,-7.38,-11.45,-14.19,-9.38,-10.88,-5.1,-12.68,-12.27
197911,13.47,10.66,6.67,6.16,6.73,5.51,8.41,5.82,6.19,8.94,8.38,4.44,7.03,4.77,1.81,5.36,6.26,8.51,4.35,12.42,5.57,2.63,5,-4.52,9.72
197912,13.98,5.14,3.47,3.56,2.16,3.08,6.95,3.52,4.08,3.05,-0.23,-0.31,2.85,-0.72,2.97,0.15,0.87,2.64,5.15,5.79,4.56,6.08,1.7,3.87,-1.39
198001,8.95,0.58,6.46,4.01,4.73,4.9,6.29,6.37,8.1,8.3,4.29,0.83,7.15,10.48,8.04,3.6,7.41,7.79,2.08,6.99,11.66,5.84,11.11,7.73,5.8
198002,2.5,-1.2,-3.23,-4.53,-3.42,-3.37,-2.02,-2.96,-2.04,5.53,-0.04,2.85,-3.18,3.88,6.68,-2.6,0.61,0.8,-6.62,-4.34,-1.22,-1.43,9.48,-8.29,-4.55
198003,-21.73,-10.36,-8.46,-5.76,-10.78,-8.8,-12.21,-11.41,-11.78,-14.15,-10.85,-7.53,-10.61,-12.7,-13.66,-11.12,-11.93,-12.15,-12.01,-17.21,-15.77,-14.17,-18.01,-10.87,-12.12
198004,2.12,6.9,4.45,5.13,2.45,-0.59,5.32,6.63,3.94,3.55,6.9,7.58,4.31,4.08,6.18,11.58,7.43,6.8,7.01,8.16,6.09,3.7,4.13,-2.22,11.78
198005,3.68,5.78,4.92,5.63,6.14,6.66,7.95,5.57,7.19,4.35,7.81,5.42,7.93,7.09,2.54,5.39,4.28,5.89,7.27,7.31,6.93,7.83,7.62,6.51,18.52
198006,7.15,5.23,1.23,3.27,3.45,5.26,3.75,3.57,1.78,6.4,3.27,1.34,4.05,2.91,2.34,4.24,3.33,5.92,5.67,-0.6,3.54,3.59,-1.45,1.59,2.96
198007,2.43,9.94,11.73,11.81,12.57,10.87,8.82,9.12,7.18,2.61,6.06,6.72,2.7,5.4,5.83,3.02,2.66,5.69,8,2.16,3.93,8.51,4.8,1.03,19.87
198008,2.38,6.02,5.29,2.36,3.82,4.68,1.06,2.38,1.12,3.25,4.04,2,2.58,1.47,0.97,-0.91,3.19,1.7,2.71,1.61,0.53,-0.04,4.98,3.37,-2.62
198009,5.07,3.63,3.42,5.27,3.4,6.11,5.05,5.01,5.01,6.78,4.7,5.78,4,3.65,0.24,-0.46,-1.18,-0.52,-0.66,0.86,0.32,0.93,0.35,0.7,-1.99
198010,4.9,3.39,0.58,0.91,2.07,-1.57,-0.93,0.45,5.12,6.71,-1.3,4.13,4.05,0.15,6.7,-1.73,-1.51,2.12,-2.79,-1.7,1.75,-0.58,1.01,-0.37,5.57
198011,16.63,11.64,12.73,13.76,9.58,8.89,11.97,11.09,13.8,16.01,5.19,11.84,19.8,9.57,15.34,1.06,2.03,13.75,-3.3,20.56,3.46,-0.68,5.5,-0.13,5.35
198012,-5.72,0.3,-2.19,-1.6,-1.05,-6.41,-1.25,-1.43,-6.57,-6.96,-4.12,-2.62,-4.82,-3.81,-6.05,1.12,-0.08,-4.19,1.5,-8.71,-1.3,-1.51,-1.28,2.28,5.11
198101,-4.3,-5.86,-6.37,-5.64,-6.07,-5,-2.96,-5.55,-5.58,-9.68,-3.49,-5.17,-6.52,-1.94,-4.8,0.5,4.31,-4.81,0.43,-4.23,2.93,1.27,6.92,3.13,4.67
198102,-0.56,1.95,3.05,3.68,1.77,6.7,1.17,2.25,3.95,-1.34,0.05,-1.23,1.99,4.69,-3.11,0.35,2.71,2.47,6.57,0.81,0.28,1.93,3.44,4.62,2.07
198103,3.09,8.87,4.3,4.41,5.03,7.44,7.02,8.11,3.9,-0.56,11.37,8.8,0.65,6.2,-2.89,11.56,3.38,3.92,5.93,-4.15,7.58,9.89,6.76,7.79,11.49
198104,-3.24,-0.14,-2.15,-1.95,-0.58,2.61,0.5,1.74,-5.26,-4.57,-1.56,-4.67,-2.8,0.01,0.41,0.48,4.12,0.09,3.33,-0.34,0.02,0.32,1.17,3.14,1.9
198105,-1.6,3.25,1.69,2.31,3.05,6.83,2.17,-0.1,-2.41,-1.05,1.21,-1.38,-0.25,1.37,-2.38,2.26,4.62,-0.28,4.35,-0.45,2.39,2.41,1.2,3.33,4.52
198106,-7.28,-4.27,-3.38,-5.69,-4.7,-2.46,2.53,-4.49,0.64,5.26,-1.94,2.51,2.72,1.57,3.38,1.93,-0.61,-0.06,-1.88,7.45,-1.28,1.8,1.55,1.96,-6.63
198107,1.35,2.82,0.65,1.82,0.11,-3.61,-3.67,3.14,0.93,4.57,-2.42,-3.34,-3.13,-0.98,-1.72,-2.06,-3.03,-3.97,-2.8,2.68,-2.02,-0.2,-0.2,-2.35,-5.39
198108,-11.94,-12.46,-8.49,-7.54,-5.6,-8.27,-8.27,-4.26,-6.63,-7.86,-9.01,-6.77,-5,-4.73,-4.99,-5.33,-5.96,-4.9,-3.47,-5.56,-4.93,-1.59,-0.06,-6.69,-4.23
198109,-16.64,-5.77,-8.19,-7.93,-6.91,-6.42,-4.54,-8.15,-4.59,-8.14,-10.31,-6.73,-7.39,-4.27,-6.3,-2.04,-3.86,-2.46,-1.07,-4.5,-5.08,-4.99,2.99,-6.55,-3.14
198110,10.63,12.51,10.49,9.75,7.39,-0.97,8.85,5.66,8.42,8.03,8.02,5.28,3.95,2.26,3.65,-0.97,3.93,2.81,8.03,7.64,3.9,5.95,3.19,9.03,11.69
198111,-2.18,4.78,3.46,2.67,3.22,8.97,4.41,5.12,4.51,6.88,6.26,4.26,3.75,5.37,4.38,5.15,6.01,6.02,2.48,2.86,5.89,4.71,2.55,8.58,2.23
198112,-4.19,-4.69,-3.23,-4.46,-1.74,-3.03,-2.38,-1.46,-2.84,-5.16,-3.68,-2.68,-2.12,-2.35,-6.53,-2.13,-2.32,-1.41,-1.84,-2.11,-2.96,-2.28,-1.24,-0.85,-0.71
198201,-8.28,-1.59,-2.37,-4.73,-0.6,-2.52,-2.16,-5.96,-2.4,-4.82,-4.28,-3.02,-3.89,-2.14,-3.37,1.56,-2.18,-3.41,-2.71,-3.54,-0.54,1.51,1.52,-3.15,-7.37
198202,-10.77,-9.04,-6.49,-9.39,-6.19,-4.68,-0.88,-8.46,-7.28,-6.74,-1.57,-3.57,-3.33,-1.91,-2.05,0.08,-1.29,-1.61,-3.94,-0.16,-0.17,0.66,-5.03,-2.42,5.03
198203,-4.5,-3.28,-4.9,-4.32,-2.46,-3.2,-0.5,-1.58,1.19,0.38,-4.85,-0.89,-0.86,0.04,-2.04,4.1,0.88,-0.85,1.28,-0.35,0.69,2.63,2.73,0.35,-4.07
198204,3.98,6.54,6.74,5.43,7.18,2.3,6.07,3.09,4.05,5.58,3.96,4.96,3.59,3.72,1.65,3.14,3.22,4.84,4.76,2.35,5.16,4.58,-1.88,2.58,2.97
198205,-5.62,-6.19,-3.66,-5.49,-3.23,-9.32,-6.83,-1.87,-0.92,-1.78,-3.73,-3.4,-3.45,-1.16,1.54,-1.18,-4.95,-2.01,-4.77,-3.81,-2.99,-1.01,-0.86,-0.61,-5.64
198206,-7.69,-1.29,-4.57,-5.4,-2.18,-2.53,-4.61,-4.19,0.7,-1.68,-2.69,-2.7,-0.27,0.34,-1.43,0.25,-1.98,-1.4,-1.05,-7.64,-0.56,-1.7,-3.01,-0.43,-1.62
198207,-5.02,-5.26,-0.29,-0.34,0.38,-3.03,-3.62,-1.28,-3.52,-4.13,-2.46,-1.36,-5.09,-2.28,-4.22,-3.15,-1.59,-1.87,-3.11,-4.56,-1.77,-0.89,-3.52,-1.35,-6.58
198208,7.83,16.82,11.27,12.31,9.67,13.63,15.45,9.72,12.27,8.87,13.72,14.15,13.69,9.57,10.52,13.8,16.06,11.82,10.44,10.2,12.42,11.08,10.38,13.51,7.67
198209,-1.38,1.63,3.98,0.76,2.61,0.28,3.8,2.16,1.97,3.46,1.25,3.5,2.11,2.82,4.29,0.77,-0.67,0.1,4.3,6.05,0.49,0.76,0.76,6.83,-8.36
198210,16.44,10.84,15.19,13.05,12.72,15.26,16.23,11.72,10.92,11.68,12.2,10.73,11.7,9.78,12.09,12.88,14.13,7.61,13.61,18.14,13.67,7.7,8.8,-1.94,23.95
198211,6.87,9.14,8.3,6.51,8.22,4.26,7.73,7.98,4.65,2.49,8.68,3.89,2.2,2.88,1.7,7.82,5.34,2.09,1.85,0.51,6.74,3.33,4.84,2.91,18.79
198212,0.88,-3.94,-5.17,0.8,4.1,1.71,-0.66,-0.6,0.2,1.46,2.79,4.32,0.34,0.69,-0.66,-0.3,0.82,0.86,0.42,-1.96,4.56,4.51,3.55,2.67,-2.26
198301,14.59,8.39,2.9,4.63,2.68,6.57,4.87,3.52,2.64,4.23,3.79,4.57,4.51,2.91,3.8,1.9,3.46,9.02,3.57,5.03,4.25,3.37,2.23,1.74,8.89
198302,-0.79,2.81,4.27,3.18,3.42,1.43,4.9,7.63,3.65,1.5,7.2,5.05,5.54,-0.02,3.95,5.84,2.94,-0.32,0.86,2.98,5.31,2.94,1.81,6.69,6.47
198303,2.12,4.04,4.35,1.13,2.92,3.38,4.5,3.37,1.64,5.96,3.48,0.01,4.79,6.62,5.21,6.3,3.55,1.99,6.93,10.03,4.01,3.18,3.61,4.69,4.28
198304,7.47,2.34,5.06,5.11,7.64,6.22,6.5,7.4,6.29,5.19,6.99,10.36,7.54,7.83,11.02,9.59,7.37,8.14,9.79,11.62,8.65,5.97,7.44,5.99,2.5
198305,11.21,3.27,3.31,0.34,0.97,9.35,-0.05,2.21,-2.74,4.49,2.87,1.42,1.72,0.4,1.11,-0.7,0.96,-1.12,-1.01,-1.74,1.64,3.2,0.01,4.72,3.45
198306,6.43,4.21,6.57,6.92,5.25,6.01,2.91,5.16,7.01,2.97,0.43,0.88,3.46,4.61,3.95,0.94,2.5,0.13,1.68,0.82,2.54,0.44,2.51,1.97,3.5
198307,-7.71,-5.5,-4.75,-6.77,-4.05,-6.51,-5.06,-7.03,-3.44,-4.22,-4.31,-2.83,-2.09,-4.07,-1.61,-2.49,-1.13,2.97,0.7,-2.54,-1.38,2.33,-3.06,-0.48,-2.65
198308,-5.57,-0.45,-2.94,-0.31,-2.22,-5.35,-1.79,-0.94,-1.57,-0.26,-2.7,-0.76,-1.85,1.59,2.37,1.85,0.88,4.9,2.21,6.24,3.46,2.09,6.18,8.3,7.71
198309,-4.47,2.67,1.05,2.42,3.41,2.15,3.13,1.03,3.33,0.51,4.08,1.34,3.25,1.45,2.9,1.55,3.44,-0.43,-0.53,-3.36,0.82,2.23,1.94,3.42,-4.02
198310,-11.29,-7.69,-7.83,-4.55,-3.18,-7.66,-2.88,-6.25,-0.59,-2.01,-5.88,1.37,0.62,-3.84,-2.49,-2.18,-0.03,0.88,-0.81,-1.78,-0.41,0.89,-2.99,3.55,-1.03
198311,4.39,7.04,4.18,5.71,0.63,4.47,-1.72,4.68,4,2.3,6.9,3.26,2.19,3.7,2.97,6.25,1.35,1.55,0.75,5.17,4.23,2.03,1.46,-1.63,0.63
198312,-4.73,-2.42,-3.15,-1.23,-0.64,-1.63,-1.01,-0.9,0.67,0.38,-1.75,-3.79,0.1,-2.41,-0.19,-2.71,-1.79,-1.57,0.51,0.88,-1.48,0.75,-0.85,1.07,8.75
198401,-3.15,-9.06,-5.92,-6.8,-5.59,-2.53,-1.18,-2.6,-1.24,-0.56,-1.68,-2.65,-2.47,6.76,2.24,-1.87,-0.13,1.87,2.87,2.49,-1.33,1.39,6.55,11.03,13.34
198402,-5.35,-4.04,-6.43,-4.74,-4.39,-9.26,-5.48,-6.87,-5.21,-6.35,-7.03,-6.4,-5,-0.42,-5.05,-2.7,-4.02,-3.79,-2.16,-0.31,-5.32,-1.39,-1.63,11.44,-0.61
198403,-2.45,0.4,0.87,1.07,1.83,1.37,4.42,4.44,0.01,2.56,2.83,2.45,-0.86,-0.14,0.28,4.62,1.73,1.82,0.4,-0.29,4.53,-1.42,-2.89,5.65,3.88
198404,-3.36,-3.59,1.23,0.21,1.31,-5.89,0.07,-0.89,-0.39,2.06,-3.54,-0.15,1.82,2.24,0.69,-5.24,-0.41,3.87,2.23,0.61,-2.19,0.32,2.5,2.43,2.67
198405,-8.07,-8.09,-6.97,-5.65,-4.2,-6.27,0.77,-7.15,-1.96,-4.17,-9.87,-6.94,-5.48,-3.83,-6.3,-8.29,-2.78,-3.94,-2.07,-6.53,-7.3,-6.09,-6.53,-2.01,-7.08
198406,1.22,4.76,5.43,4.58,3.82,2.64,3.87,3.32,6.38,6.44,-2.73,2.55,3.53,1.08,1.92,-1.42,0.37,1.44,-0.65,-2.15,-0.08,2.35,8.67,-0.51,-4.24
198407,-8.78,-6.32,-3.2,-2.79,0.25,-9.41,-1.57,-4.56,-1.64,-2.35,-5.31,-1.22,-1.54,-0.05,2.27,-6.19,-2.42,-2.28,-4.11,-1.24,-3.21,-1.24,-2.18,-3.35,0.88
198408,15.21,15.31,16.22,11.09,11.03,12.78,11.76,11.71,10.32,10.86,11.99,11.5,10.86,9.25,10.24,12.95,11.95,7.49,11.46,13.51,12.71,10.68,10.49,14.69,12.2
198409,-5.19,-4.09,-6.26,-2.69,-2.11,-2.17,-2.33,-2.43,-1.08,0.57,-1.57,-2.65,0.44,1.62,3.38,-0.43,-0.24,1.2,3.26,3.6,-0.14,4.47,3.86,4.06,3.15
198410,-4.14,-3.54,-2.26,0.75,0.47,-2.75,1.45,1.75,1.54,2.11,-1.19,0.87,-0.43,2.07,2.84,-3.69,2.42,-0.19,-0.85,-0.96,0.94,0.97,-3.37,0.31,-0.26
198411,-7.15,-4.15,-5.21,-2.87,-2.65,-3.33,-1.38,-0.23,-1.05,-0.72,-1.29,-1.49,-1.28,-0.35,-1.71,-0.71,-1.16,1.07,-0.59,-0.31,1.24,2.68,1.44,-1.22,2.29
198412,0.44,4.32,3.34,3.06,2.56,0.48,3.57,1.53,2.75,1.83,1.53,2.14,2.04,2.64,3.59,1.34,2.71,2.61,3.23,3.8,0.36,2.26,1.32,1.44,4.08
198501,16.29,11.1,13.52,10.72,10.62,14.99,9.91,10.66,9.37,8.1,8.8,10.13,8.36,5.7,7.03,11.41,9.18,4.05,7.43,7.06,7.97,4.76,4.45,4.36,7.61
198502,0.14,-1.62,1.26,0.48,1.77,0.97,-1.47,-0.12,2.72,5.22,-0.05,0.92,2.15,4.98,0.03,2.17,2.64,3.37,3.05,0.27,2.82,0.45,2.37,4.3,2.46
198503,-3.74,-7.23,-3.38,-3.84,-1.04,-4.03,-2.58,0.5,-0.5,1.75,0.54,-1.61,0.58,1.47,-3.35,-1.1,-1.24,0.59,2.93,1.06,0.16,3.75,3.15,3.6,-5.73
198504,-4.96,-3.69,-1.57,-2.21,-1.12,-3.3,-0.36,-3.9,-3.07,-1.31,-0.67,-0.82,-0.36,-0.67,-1.71,-0.11,-0.49,0.54,2.56,2.42,-0.83,1.9,3.89,2.73,2.93
198505,0.7,2.43,5.15,5.74,6.26,1.81,4.83,9.05,7.98,5.16,6.51,7.44,7.76,5.83,8.77,6.09,5.72,5.45,4.14,6.08,5.93,3.51,5.08,6.08,2.58
198506,-0.07,0.57,1.17,2.68,0.58,1.1,2.2,3.4,1.83,3.09,2.18,-0.31,2.66,3.26,2.44,0.41,0.4,3.01,0.57,2.61,1.7,4.32,2.65,-1.34,0.18
198507,2.01,-1.94,2.88,0.76,0.27,2.04,3.69,0.38,-1.25,0.69,0.55,2.34,-2.01,-0.31,-1.04,1.7,-1.08,-2.13,-1.58,-1.46,0.82,-1.43,-2.21,-1.39,-2.69
198508,-0.09,-4.85,-4.02,-1.45,-1.33,-1.59,1.39,-2.24,-0.2,1.41,0.47,0.86,-0.72,-0.43,0.24,-2.24,-1.02,1.2,1.74,-1.3,-1.49,1.87,0.9,0.66,-0.89
198509,-8.24,-2.9,-5.25,-5.54,-3.88,-5.05,-5.06,-4.27,-1.81,-3.06,-4.37,-4.03,0.13,-3.07,-4.07,-5.12,-5.99,-2.82,-2.68,-4.11,-6.41,-4.55,-4.08,-0.47,-3.32
198510,3.16,6.55,3.44,4.07,3.66,2.54,5.93,3.6,3.22,6.81,7.22,6.02,2.25,3.57,6.47,3.44,4.71,5.41,5.24,8.92,3.62,4.52,6.4,6.56,10.28
198511,7.21,8.54,11.4,10.9,8.55,9.51,8.56,8.64,6.7,7.17,7.94,6.13,10.27,5.77,7.97,7.1,5.82,4.48,2.96,4.13,6.46,5.09,6.95,-2.23,8.09
198512,2.27,6.64,7.11,4.2,6.8,3.14,5.24,3.75,4.54,2.95,2.28,1.7,5.34,4.73,6.22,4.24,4.87,3.72,1.56,3.99,4.11,3.94,6.55,0.7,5.22
198601,5.57,2.25,-0.27,0.36,0.74,6.58,3.79,-1.42,0.78,1.88,5.15,1.4,-3.58,3.68,2.62,3.83,1.63,-0.86,-2.31,-1.37,4.62,2.64,1.05,-0.59,0.26
198602,5.06,10.11,9.13,9.09,6.48,4.63,9.05,9.02,11.7,8.41,7.55,7.63,7.1,8.18,9.86,9.9,7.02,6.86,4.48,8.89,6.47,7.4,6.53,3.28,14.25
198603,5.54,2.97,3.08,8.13,5.53,6.87,2.73,6.94,7.58,8.05,4.47,5.03,4.01,6.72,7.76,5.86,5.37,3.7,4.63,5.53,6.18,3.25,5.61,3.38,6.28
198604,0.86,-2.39,-0.46,0.79,1.64,-4.17,2.87,-1.43,1.07,-1.61,-4.58,-1.72,2.71,-2.67,-2.2,-4.08,-4.73,-1.29,-0.61,-1.29,-7.34,-3.24,-0.79,1.53,-4.24
198605,3.25,3.56,3.03,6.27,5.68,2.75,5.34,4.44,6.44,5.04,4.06,4.86,3.55,4.19,5.73,3.19,5.1,6.69,5.92,7.75,3.57,4.45,6.33,6.86,4.02
198606,2.31,-0.4,0.48,3.54,1.55,-2.03,1.43,-0.66,2.64,2.41,-0.96,0.3,2.17,1.16,1.91,0.9,0.83,1.79,1.55,0.05,1.66,0.42,6.19,2.38,0.54
198607,-8.98,-11.42,-7.67,-5.86,-8.36,-7.93,-3.85,-6.59,-7.79,-7.27,-5.56,-8.1,-6.06,-4.81,-7.03,-6.75,-7.26,0.97,0.24,-6.78,-6.29,-1.75,0.32,-7.12,-4.99
198608,4.18,3.14,7.83,4.47,3.18,7.71,6.52,4.66,5.46,5.85,7.71,7.15,6.25,4.99,5.38,6.06,8.63,7.4,10.48,12.35,8.31,9.82,7.14,12.25,13.15
198609,-10.95,-10.69,-8.75,-11.89,-9.2,-11.07,-10.41,-8.2,-10.38,-6.9,-9.13,-6.33,-4.13,-7.44,-8,-6.44,-6.94,-8.15,-7.99,-6.08,-4.39,-6.28,-10.54,-4.29,-3.29
198610,4.17,6.34,4.66,8.13,4.07,2.32,7.92,4.61,7.89,5.71,3.24,4.74,6.75,6.02,4.54,6.31,5.42,5.32,2.26,6.45,3.03,7.2,6.07,4.2,3.73
198611,-1.65,-2.21,4.41,1.11,2.25,0.46,2.98,1.06,1.31,1.47,-0.42,0.6,4.09,2.7,0.81,0.12,2.24,1.31,1.78,1.64,1.22,1.17,0.83,1.98,2.24
198612,-4.67,0.61,-0.52,-1.43,-3.13,-2.68,-1.36,-2.37,-3.58,-2.11,-2.57,-5.05,-4.23,-4.14,-3.39,-2.27,-5.45,-2.96,-0.73,-3.3,-2.4,-2.62,-2.69,-5.69,-0.33
198701,10.97,13.93,16.73,14.41,12.28,14.64,20.32,12.56,14.15,14.13,9.71,12.12,13.81,6.83,14.82,11.82,11.99,10.87,12.94,11.98,12.01,11.66,8.25,12.32,14.74
198702,12.49,8.39,7.63,8.79,8.07,13.01,6.27,7.57,6.69,3.36,8.41,4.6,4.08,2.68,2.36,5.86,5.07,0.92,-2.42,0.62,2.89,0.89,-2.1,-0.38,-0.03
198703,-0.72,1.55,0.12,1.25,2.03,-2.08,3.78,0.78,2.55,3.53,-3.75,-0.17,3.38,1.82,1.17,2.61,1.61,0.29,2.72,5.9,2.13,2.3,-0.61,5.9,9.95
198704,-2.86,-5.85,-1.69,-2.64,-1.28,0.42,0.37,-2.95,-2.31,-2.12,-4.58,-2.28,-0.79,-1.78,-4.28,-2.06,0.84,-3.82,-1.21,-0.6,-2.17,-2.51,-3.98,3.95,0.71
198705,-1.88,0.95,4.26,1.74,1.12,0.21,-1.69,0.07,-0.54,0.45,-0.61,0.96,1.17,0.69,-3.67,2.04,-0.96,0.05,0.16,2.12,0.15,0.54,0.5,-0.32,2.23
198706,-1.04,-0.17,2.6,5.86,4.71,1.21,3.68,4.51,4.98,6.14,3.8,5.7,4.1,7.33,5.01,4.9,4.23,2.71,5.72,5.45,3.93,3.88,6.25,2.55,8.05
198707,2.29,2.39,5.24,6.09,5.21,3.72,0.45,4.24,3.09,5.1,5.22,7.82,4.79,6.05,1.56,9.56,4.81,0.3,-0.45,5.02,7.45,1.86,3.95,6.42,3.64
198708,1.11,8.83,5.11,2.28,5.12,5.31,6.08,6.09,3.92,4.89,4.21,2.36,3.56,3.17,5.98,3.67,3.53,4.57,5.72,3.13,-0.05,0.88,2.19,6.88,4.61
198709,-2.79,-2.04,-1.32,-1.13,-2.95,0.14,-2.17,-1.24,-4.96,-2.07,0.21,-1.08,0.97,-1.49,-3.7,-0.16,-4.09,-2.51,0.69,-4.11,0.36,-0.47,-3.81,0.1,-6.86
198710,-33.93,-26.84,-24.34,-22.35,-23.13,-33.19,-21.55,-22.47,-24.44,-26.56,-28.33,-24.63,-25.22,-18.58,-23.94,-24.17,-22.35,-13.05,-9.96,-19.84,-27.85,-18.95,-19.91,-19.08,-23.42
198711,-4.59,-11.92,-9.53,-10.22,-8.3,-5.38,-8.98,-8.44,-6.32,-8.74,-8.42,-4.33,-6.4,-8.84,-6.29,-6.19,-5.05,-8.52,-6.64,-6.44,-2.2,-5.3,-6.16,-10.71,-5.74
198712,6.82,13.54,9.79,9.78,8.41,7.76,8.47,8.99,8.43,7.01,8.63,8.55,8.5,6.53,8.95,4.13,3.87,4.17,2.48,3.58,6.28,4.42,7.83,5.09,4.89
198801,4.22,-0.7,0.96,3.79,1.73,0.74,4.7,1.5,0.92,6.37,4.34,2.93,3.65,7.42,7.51,3.77,6.26,9.28,10.63,10.34,4.09,6.26,8.61,11.69,10.92
198802,6.47,4.39,4.34,5.7,5.8,9.44,1.26,5.56,7.29,7.93,5.98,5.11,7.11,3.87,5.51,4.74,4.53,2.85,0.79,2.53,6.75,2.51,4.59,1.48,6.75
198803,1.17,-7.87,-6.94,-1.58,-2.49,-0.27,0.15,-1.76,-3.87,0.45,-2.04,-3.05,-0.03,-3.48,0.09,-1.19,-1.75,-1.56,-4.46,-5.03,4.26,0.74,0.29,-0.68,-2.03
198804,-1.15,0.92,-0.01,-0.54,-0.64,2.6,-0.78,1.06,1.8,-0.12,2.87,1.92,2.04,1.44,-1.03,1.73,-0.07,4.37,0.54,1.52,1.68,0.1,3.02,0.49,8.13
198805,-3.76,-1.15,0.89,-0.34,-0.48,-1.27,3.65,0.3,-0.32,-1.7,-2.54,-1.13,-1.4,1.32,-0.12,1.56,0.72,1.12,3.74,6.63,1,2.29,1.31,1.6,2.14
198806,4.46,7.76,4.08,4.74,5.11,8.14,3.45,6.38,8.36,5.64,5.01,4.77,6.68,4.94,9,4,4.94,1.62,3.19,7.07,3.93,3.67,2.93,4.8,8.76
198807,-0.42,-0.06,-5.29,-2.22,-0.84,-1.21,-3.05,-0.84,-2.1,-1.67,-0.46,1.23,0.76,-0.1,-0.41,0.17,-0.71,-0.76,0.74,1.15,0.3,0.91,0.99,-1.7,-0.9
198808,-3.36,-4.14,-5.41,-4.46,-1.99,-3.5,-3.57,-5.9,-3.94,-3.73,-2.05,-0.95,-1.04,-2.96,-2.36,-1.99,0.53,-1.25,-0.74,-3.22,-0.93,-0.1,-4.72,-1.51,-0.46
198809,0.96,2.4,4.48,5.93,5.53,1.5,3.75,2.12,5.97,5.53,2.55,5.01,0.97,2.41,3.86,0.87,2.72,3.59,3.74,5.48,2.91,5.37,2.82,4.6,5.42
198810,-3.15,-2.05,0.35,0.35,1.67,-1.48,2.3,3.58,3.28,6.77,1.13,0.33,1.26,1.57,0.65,0.62,1.56,2.7,1.95,0.83,-0.23,2.59,6.88,4.87,-0.23
198811,-2.52,-2.09,-4.31,-1,-2.15,-2.83,-1.52,-2.3,-1.21,-1.12,-0.85,-2.48,-2.89,-1.95,-3.46,-1.89,-3.1,-0.23,-0.6,1.97,-0.24,-0.87,0.36,-3.42,-0.65
198812,1.9,4.89,5.92,1.82,2.95,4.59,2.89,2.6,2.13,2.38,1.88,0.69,1.87,2.35,3.08,1.34,1.75,0.91,2.48,-1.49,-0.11,3.02,0.08,-3.21,-1.3
198901,9.72,4.86,6.91,7.31,6.75,5.47,4.64,6.72,7.4,5.74,4.27,5.63,5.85,7.23,3.82,7.03,5.26,5.74,6.14,7.61,8.07,6.08,8.34,12.55,7.24
198902,-2.05,0.64,-2.71,-2.76,-2.25,0.27,-3.18,-3.54,-1.51,0.49,-1.6,-2.02,-2.86,-1.33,0.75,-0.71,0.04,-1.06,0.1,-4.17,-0.17,-0.41,-2.29,-3.78,-0.95
198903,3.09,5.29,-1.1,1.26,3.3,1.98,3.66,-2.8,2.71,2.54,4.81,3.68,0.74,5.08,3.92,2.24,1.09,2.99,4.14,1.28,2.69,1.51,2.68,-0.91,-0.04
198904,4.35,3.51,6.31,7.12,5.69,7.94,5.3,5.37,5.93,3.5,6.64,3.46,2.6,6.3,2.91,5.22,3.47,4.7,5.97,2.51,4.03,5.35,3.1,1.44,5.94
198905,2.78,0.84,4.56,5.31,4.82,6.27,4.67,1.66,4.36,2.92,4.27,4.15,2.14,4.8,6.5,3.53,3.5,4.58,4.34,5.49,4.36,5.44,2.24,2.95,3.53
198906,-1.13,-1.18,-0.03,-2.15,-0.83,-0.82,-0.47,0.26,-1.21,-1.75,-0.06,-2.18,0.06,-1.13,-1.1,-0.75,-0.34,-0.08,0.17,-0.35,0,1.96,1.82,2.2,-4.57
198907,3.67,9.45,9.51,8.67,11.05,10.66,9.09,6.78,9.96,9.49,6.47,5.17,5.94,6.82,5.55,5.74,5.55,6.6,7.92,6.94,5.53,6.72,4.57,7.4,8.83
198908,3.08,3.29,1.75,2.05,0.17,0.22,4.12,1.98,1.24,4.77,4.62,2.37,1.83,3.02,5.14,2.69,1.15,1.25,2.43,4.99,0.84,1.46,0.99,9.63,-1.25
198909,1.04,-0.07,-1.13,0.92,1.43,-1.67,2.81,-3.27,-1.69,1.18,-1.67,-1.52,-0.18,0.47,-2.53,-2.13,0.42,0.23,1.91,-0.79,-0.14,-0.29,1.05,-3.25,2.25
198910,-4.61,-6.69,-2.15,-1.31,-0.43,-4.87,-2.11,-3.56,-4.01,-4.83,-5.29,-6.63,-1.58,-3.42,-7.16,-4.54,-0.98,-1.35,-3.64,-7.86,-0.82,-0.82,1.77,-8.66,-12.14
198911,0.91,1.88,0.75,2.79,1.54,4.46,5.42,1.11,4.34,-0.66,2.34,1.35,3.31,1.62,0.72,2.68,3.09,2.2,1.13,-3.9,1.69,1.74,1.75,-1.98,-2.81
198912,-2.03,-1.47,0.9,1.61,0.94,-0.68,-1.18,-0.14,1.69,2.72,4.16,2.62,3.77,3.49,1.82,-0.01,2.74,5.74,7.12,-2.04,-0.98,3.21,3.45,-4.34,-3.44
199001,-10.14,-7.84,-11.24,-7.05,-7.5,-5.86,-7.26,-3.42,-6.22,-9.13,-5.27,-7.57,-6.45,-8.54,-6.2,-4.5,-7.29,-8.37,-8.28,-6.92,-7.72,-7.4,-5.93,-4.68,-10.86
199002,2.95,2.96,0.23,0.14,0.66,2.44,5.4,2.16,1.03,1.58,3.39,2.43,1.39,1.89,4.01,1.94,2.37,2.4,-1.14,4.73,1.57,0.49,2.05,8.47,2.87
199003,1.79,0.49,1.48,4.48,4.54,1.5,2.9,2.57,4.74,4.75,0.72,1.18,0.51,1.32,0.45,0.53,-0.99,1.83,2.52,-0.28,1.89,0.38,0.5,1.73,-3.79
199004,-5.28,-4.04,-2.39,-1.37,0.36,-1,-4.26,0.21,-2.12,-3.29,-3.5,-2.45,-3.53,-4.98,-4.17,-6.25,-4.68,-4.11,-3.86,-3.81,-4.48,-5.31,-4.25,-4.24,-5.63
199005,9.79,13.42,9.57,12.39,10.89,9.21,13.96,10.98,10.72,7.22,7.04,7.87,7.75,7.41,9.33,6.15,6.87,5.64,6.74,6.05,7.9,5.52,7.59,10.87,7.89
199006,1.29,-1.26,2,1.66,3.24,0.28,-0.56,-0.53,-0.96,-5.34,0.27,-1.59,-0.05,-3.45,-3.56,-1.76,-0.46,-2.17,-4.77,-3.35,0.1,1.61,-1.47,-1.24,-4.19
199007,-5.52,-7.16,-3.75,-2.43,-0.64,-0.57,-0.25,-1.3,0.45,-7.78,-3.79,2.98,3.55,-0.71,-3.1,-4.03,-0.1,-0.74,-2.81,-5.92,-2.5,-0.74,-4.01,-3.1,-9.9
199008,-15.12,-13.42,-12.88,-9.69,-8.58,-10.74,-10.34,-11.01,-10.39,-12.71,-9.42,-6.84,-6.08,-7.93,-11.03,-10.47,-9.23,-8.58,-10.04,-10.44,-10.54,-7.86,-10.55,-14.16,-13.68
199009,-10.04,-7.72,-7.85,-6.48,-5.02,-1.24,-9.05,-5.49,-5.47,-2.71,-10.04,-3.66,-1.81,-1.95,-12.11,-9.28,-4.75,-4.23,-8.57,-13.41,-9.01,-4.86,-6.78,-9.79,-14.25
199010,-4.75,-6.55,-6.06,-0.72,1.97,-1.81,-3.45,-3.45,-1.47,-0.21,-6.06,-4.41,-0.53,-2.36,-4.97,-4.12,1.23,3.97,-4.5,-10.92,-5.81,3.45,0.46,-3.14,-4.63
199011,14.7,13.4,11.76,8.74,5.73,6.65,6.87,10.93,6.06,8.66,8.25,5.65,3.8,8.58,10.45,6.2,6.68,5.31,7.72,12.56,6.51,4.57,6.73,1.03,10.12
199012,3.91,3.28,5.77,2.62,3.64,0.97,1.15,2.92,3.83,6.93,4,3.4,2.13,0.97,6.37,0.47,0.35,3.24,6.38,5.99,2.16,2.99,4.71,-4.13,7.76
199101,9.12,8.5,7.18,5.58,5.8,0.9,4.53,8.3,3.97,8.07,6.78,1.82,0.71,5.52,5.54,6.73,2.93,3.71,10.57,12.3,6.08,2.89,4.54,6.93,9
199102,12.18,11.47,7.43,6.58,8.84,6.85,8.15,8.07,7.8,6.07,9.16,7.63,5.25,5.29,10.07,9.64,7.83,4.59,7.42,10.38,9.83,5.38,6.72,12.01,10.65
199103,11.21,8.42,1.66,4.83,4.73,1.88,-0.79,3.41,3.36,1.94,1.93,1.1,3.07,-1.54,2.42,5.79,2.45,3.02,2.73,1.87,5.59,2.57,4.58,-1.34,-2.78
199104,0.03,-3.1,0.31,-0.91,-0.04,1,-4.2,1.11,0.92,-1.11,-0.33,1.15,0.93,0.1,3.37,2.18,0.18,0.01,2.52,6.08,-1.52,2.06,0.15,-1.76,4.15
199105,1.57,5.01,3.28,4.97,4.27,4.72,4.31,6.02,4.66,1.86,4.46,1.62,0.64,4.49,5.59,4.56,2.81,2.21,8.33,6,1.95,2.13,6.75,15.34,9.32
199106,-8.02,-6.36,-8.38,-6.14,-3.48,-7.92,-8.63,-6.02,-3.93,-4.37,-3.46,-5.22,-1.46,-5.09,-8.22,-5.18,-2.69,-3.47,-3.26,-7.06,-5.07,-3.57,-3.68,-3.89,-4.08
199107,6.02,14.41,4.6,4.31,6.61,2.83,1.52,4.7,2.89,3.42,1.5,1.47,4.27,5.56,4.72,4.72,4.93,3.16,6.26,5.26,1.61,5.55,-2.68,10.05,5.42
199108,3.86,3.46,2.3,4.51,4.16,-0.93,1.71,1.68,1,0.71,1.86,2.2,1.77,2.74,8.31,3.08,2.64,-0.66,3.6,4.73,0.16,6.06,-3.43,6.09,10.59
199109,6.33,1.09,-0.91,-2.23,-2.02,2.69,-1.1,-1.58,-1.17,-0.6,0.29,-0.74,0.49,-2.06,0.12,-1.03,2.47,-0.25,-3.67,-1.17,-1.36,-1.56,-3.5,-3.72,-3.26
199110,8.86,4.36,3.53,0.39,1.49,7.35,0.1,0.3,0.6,2.72,1.28,1.91,1.38,2.56,1.18,2.73,3.28,1.76,2.78,3.53,5.67,4.93,-3.4,1.94,-3.17
199111,-5.15,-4.87,-4.94,-3.25,-0.56,-9.13,-5.62,-5,-5.53,-4.63,-3.9,-2.47,-3.55,-5.27,-11.63,-2.48,-1.14,-5.38,-6.81,-8.66,-3.21,-6.87,-7.48,-11.8,-12.1
199112,13.45,19.2,15.62,12.66,15.2,12.54,8.17,11.38,8.37,8.1,6.85,7.28,8.25,8.21,10.9,6.55,6.76,4.82,13.14,10.64,9.14,12.11,14.09,16.17,8.02
199201,3.21,-1.29,-3.58,1,-2.86,1.28,-0.74,-1.53,-0.75,-0.69,0.65,0.88,-0.42,-2.1,4.24,2.7,-2.65,3.91,4.9,12.02,5.92,5.16,10.37,10.8,18.43
199202,-5.15,-3.75,1.78,0.01,0.37,1.82,0.38,1.18,0.24,-0.68,-0.12,1.49,2.73,1.39,7.68,3.42,2.02,5.18,6.01,3.79,4.01,6.78,14.36,12.84,12.41
199203,-7.26,-6.6,-5.33,-2.85,-3.22,-6.33,-1.3,-2.38,-2.79,2.17,-1.07,-0.54,-0.02,-0.65,-1.69,-0.46,-0.59,-1.48,-2.64,-0.47,-2.39,-1.07,1.79,-2.48,1.09
199204,-12.03,-5.03,-0.31,0.22,-0.69,-0.74,1.03,1.74,5.44,4.13,-1.23,2.91,2.44,5.5,3.15,-1.58,1.43,5.36,2.94,3.37,0.54,3.08,12.29,5.54,6.96
199205,1.86,3.88,1.37,-0.38,1.09,1.01,0.29,1.32,0.5,-0.94,0.45,0.85,0.15,0.83,0.32,1.48,0.83,-0.68,-0.21,0.26,-0.17,2.37,-1.52,3.92,4.2
199206,-6.21,-5.62,-1.74,-3.4,-3.12,-5.02,-1.45,-2.32,0,-1.46,-1.93,-1.09,-2.18,-3.05,-0.49,-3.02,-0.33,2.11,-1.99,-3.25,0.35,-2.33,-0.02,-0.42,4.44
199207,1.78,7.96,5.12,5.2,4.76,3.98,5.8,4.81,3.06,3.29,2.59,3.52,3.95,6.13,2.31,3.32,2.4,5.47,4.67,0.38,2.49,1.71,0.74,0.39,-3.55
199208,-8.02,-4.96,-2.92,-1.08,-0.52,-6.61,-2.89,-5.27,-2.48,-1.97,-2.13,-2.07,0.73,-1.32,-3.15,-2.79,-3.74,-1.83,-2.62,-4.48,-6.71,-6.58,-4.13,-4.86,-9.44
199209,-0.1,1.33,0.96,2.05,0.63,2.67,6.24,1.17,3,3.72,2.75,0.82,1.22,0.68,3.34,2.08,-1.28,1.16,0.81,0.85,1.16,-0.64,4.16,0.72,-0.19
199210,3.64,4.52,4.47,3.69,2.25,3.31,2.45,2.56,0.76,2.09,-0.37,0.21,-2.69,-0.66,2.15,0.44,-3.34,0.47,1.1,2.39,1.54,-0.84,1.32,4.6,4.76
199211,10.57,11.11,5.31,6.07,4,9.58,4.29,6.71,4.92,4.93,4.4,3.05,0.61,0.85,6.76,5.23,2.73,1.66,4.19,8.64,7.75,3.87,7.3,8.29,11.43
199212,0.81,5.26,-3.85,0.89,-0.25,7.74,2.63,2.43,2.63,4.14,0.37,1.93,2.78,4.3,3.26,4.46,-3.67,3.17,4.66,4.25,4.62,1.49,3.91,3.44,7.26
199301,-2.38,-1.06,-3.43,-0.26,-2.04,3.26,1.35,2.22,0.3,2.37,2.61,1.29,2.14,0.29,4.79,3.14,2.93,2.6,3.51,8.01,8.32,7.64,5.55,3.97,10.43
199302,-9.6,-11.36,-7.59,-4.36,-2.98,-2.77,2.17,0.61,1.07,3.29,1.83,3.14,4.35,4.8,1.99,3.59,3.61,4.06,5.98,2.1,0.48,3.5,4.28,1.63,2.41
199303,0.71,5.86,4.64,2.53,0.58,4.56,4.45,3.22,3.66,3.44,3.48,3.69,4,2.72,3.93,1.89,0.97,2,2.02,0.14,5.25,1.69,3.1,3.11,4.65
199304,-0.81,-8.58,-2.35,-4.65,-6.12,-0.24,-2.99,-1.45,-2.48,-2.56,1.61,-0.44,-0.13,-0.82,-4.62,0.48,-0.89,-2.17,-1.11,-7.37,2.33,1.08,-2.05,-5.18,-6.25
199305,5.38,9.4,6.15,4.34,3.64,9.33,2.85,4.73,3.66,5.79,4.66,1.94,2.51,0.72,1.22,4.53,1.94,1.05,0.49,-0.96,2.14,1.28,1.07,-0.31,0.51
199306,-0.51,4.71,-3.75,-1.09,-2.19,1.97,-1.5,-0.48,0.93,2.15,-1.8,2.1,0,2.81,5.81,1.65,-0.14,1.85,4.06,3.56,2.58,4.41,3.26,4.67,5.28
199307,0.3,-0.07,0.28,-2.71,-3.82,-1.13,2.79,1.53,-0.73,-0.45,2.45,-0.07,0.81,1.12,1.72,4.98,1.11,2.02,2,3.22,0.04,3.83,0.52,-5.43,-1.38
199308,6.66,8.01,2.27,4.87,3.55,6.26,5.12,1.73,3.83,1.5,3.81,4.75,3.52,4.68,3.73,6.02,4.41,3.87,3.43,2.52,4.83,1.88,-0.34,6.19,6.67
199309,2.93,3.47,-0.23,-0.43,-0.24,-1.62,2.51,-1.36,-0.52,-0.93,2.87,0.14,-1.24,0.82,0.61,-2.61,0.44,2.07,3.33,3.5,-0.34,-3.55,1.69,-4.89,5.41
199310,7.01,3.92,3.83,2.57,4.27,4.31,-2.58,2.11,2.56,-1.61,-0.31,-1.33,0.62,1.47,-2.2,2.61,-0.02,-0.84,-0.33,-5.55,2.43,3.04,7.62,4.71,-2.87
199311,-6.81,-0.86,0.04,0.18,1.03,-3.83,-1.22,-0.29,-2.25,-3.65,-3.65,-2.69,-1.66,-4.05,-2.08,-2.86,-3.69,-4.81,-1.92,-0.16,-3.17,1,-0.85,10.71,-0.64
199312,-1.68,5.06,3.24,-0.13,1.27,2.03,2.97,6.24,2.72,1.06,2.43,3.03,0.96,1.23,2.05,-0.96,1.74,2.28,2.18,3.14,2.73,2.5,3.21,4.18,1.21
199401,3.58,4.57,0.43,2.65,1.04,3.29,4.83,3.66,2.61,3.83,2.99,4.8,5.62,3.14,4.28,2.78,3.69,2.08,0.59,6.03,6.75,5.58,4.84,1.77,8.1
199402,-6.64,-1.54,0.34,0.39,-2.46,-2.47,-2.12,-0.33,0.29,-2.71,-4.34,-1.06,-2.27,-3.71,-1.56,-5.23,-4.56,-3.91,-2.4,-4.61,-2.35,-4.38,-5.81,-3.63,-5.66
199403,-8.23,-6.34,-5.82,-5.14,-4.79,-3.93,-3.73,-5.4,-4.08,-3.45,-5.32,-3.52,-3.76,-3.45,-1.07,-4.12,-4.36,-4.06,-4.93,-4.46,-5.08,-4.44,-6.04,1.18,-2.87
199404,-4.73,0.34,0.61,-0.98,1.97,-2.71,2.45,-2.1,-0.81,0.81,0.91,2.12,2.01,3.5,3.04,1.45,0.06,2.76,-1.65,3.24,-0.21,2.39,2.16,4.47,3.93
199405,0.19,-6.3,-0.56,0.69,0.88,-0.6,2.16,0.94,2.48,3.74,-0.69,1.52,1.39,0.13,4.41,-0.52,-1.1,-1.92,3.59,6.77,1.14,-3.05,-2.59,8.13,7.47
199406,-7.87,-0.43,-5.37,-2.78,-2.96,-4.29,-4.11,-3.52,-2.8,-2.07,-2,-2.59,-2.63,-0.39,-3,-2.65,-1.09,-1.61,-0.54,-3.36,-2.56,-5.04,-0.21,-5.1,0.31
199407,3.6,1.55,2.27,1.75,2.87,0.66,2.81,2.47,3.43,2.86,10.25,3.71,4.97,3.17,1.84,2.8,3.54,4.39,3.91,2.32,3.35,2.54,1.58,1.49,5.68
199408,7.06,9.18,8.4,5.73,6.74,7.9,5.23,6.81,2.62,1.37,3.12,1.26,3.32,1.64,2.01,2.71,4.85,2.77,2.82,5.35,4.93,4.41,2.95,4.85,-1.76
199409,-2.21,-1.18,0.33,-0.6,-0.11,0.8,-3.27,-2.49,-3.57,-3.3,-1.69,-1.33,-1.56,-3.05,-5.24,-0.73,-1.59,-1.38,-5.73,-3.48,-2.88,-1.02,-5.58,-3.41,-6.76
199410,-0.24,4.3,1.63,1.92,3.16,-1.71,0.67,3.47,1.72,-0.43,2.78,2.99,3.05,3.02,1.24,1.12,2.8,-0.35,0.44,1.39,-0.69,-0.92,-5.69,0.02,4.21
199411,-5.75,-2.49,-4.22,-1.8,-2.19,-4.63,-3.92,-3.63,-4.71,-4.93,-3.28,-4.05,-2.92,-2.43,-3.42,-3.73,-4.23,-3.61,-4.39,-8.55,-3.84,-3.87,-3.69,-5.79,-5.94
199412,-1.29,2.25,-1.73,0.41,1.24,-1.68,2.37,2.26,2.62,0.95,-0.41,2.1,-0.02,1.32,-0.2,-0.16,4.14,1.5,1.3,-1.39,2.47,0.49,5.44,-3.09,0.41
199501,-1.73,-1.23,-0.69,3.19,2.43,2.44,1.5,0.04,2.02,6.09,9.02,3.35,1.8,1.66,4.68,-1.5,-0.53,1.05,5.56,5.36,2.53,1.88,-1.43,3.67,0.69
199502,2.54,0.44,3.67,4.43,3.54,3.33,4.32,6.95,5.11,2.18,-1.5,3.86,3.66,3.53,2.99,6.67,3.12,2.33,4.79,6.48,5.27,3.21,7.97,4.86,6.51
199503,1.79,0.45,3.42,3.4,3.04,4.86,3.69,3.59,2.48,3.52,2.77,2.5,1.79,3.09,1.59,2.8,5.04,1.83,-0.18,-0.42,1.55,1.26,2.79,2.08,0.36
199504,-0.42,-0.58,0.87,-0.64,3.49,0.57,-1.15,2.49,2.85,2.21,0.42,2.09,2.52,3.4,4.99,1.98,5.3,0.84,2.55,3.31,3.72,4.48,4.16,5.36,4.62
199505,2.48,-0.99,1.18,3.79,3.67,-1.81,2,3.09,2.96,1.82,2.51,3.31,4.05,4.46,5.02,2.31,2.67,3.85,6.9,6.68,3.25,4.8,6.33,5.09,7.1
199506,8.37,7.51,6.39,4.86,4.17,7.59,3.22,6.1,0.46,2.32,3.84,1.06,1.52,-0.55,1.86,4.62,2.94,1.67,1.06,3.72,2.97,3.57,1.19,2.35,2.29
199507,7.51,7.91,8.83,4.09,3.31,4.74,4.36,5.43,2.45,4.69,3.55,2.35,4.53,4.77,4.81,4.13,4.54,3.32,4.05,4.61,4.67,2.19,3.24,2.87,4.76
199508,2.72,-0.88,-2.25,-1.1,0.77,5.09,3.23,1.69,-0.14,0.86,2.29,0.95,-1.69,0.87,3.16,2.28,-0.18,0.99,3.66,4.9,5.01,2.57,3.79,2.45,6.24
199509,1.74,0.45,1.23,3.7,6.82,6.96,2.5,2.62,3.68,2.44,2.1,1.46,0.67,2.76,5.08,3.22,3.84,5.44,4.76,4.24,1.23,1.06,5.32,2.92,3.34
199510,-4.29,-2.09,-6.1,-1.49,1.09,-2.85,-1.82,-4.35,-0.11,2.14,-5.96,-1.78,0.87,-2.8,2.41,-0.81,-4.16,-2.77,-1.95,-3.28,-3.55,-2.78,-2.24,-3.37,-5.88
199511,5.38,7.45,7.22,5.66,3.74,5,5.75,4.61,3.06,0.15,2.04,6,3.28,4.68,4.17,4.19,7.46,5.3,5.37,8.25,4.92,3.9,2.91,7.45,3.01
199512,1.78,1.3,-0.44,0.55,0.31,4.12,1.14,0.26,3.4,0.65,3.65,3.92,1.91,2.19,5.48,1.61,2.25,2.09,0.94,-0.26,-1.25,1.84,3.36,5.8,0.26
199601,2,4.34,-2.07,2.3,3.82,0.71,0.21,3.47,3.82,1.37,3.71,2.33,3.9,1.39,1.16,0.59,2.33,4.01,2.41,4.35,3.74,0.01,0.56,1.57,6.12
199602,4.34,5.74,2.21,1.86,1.57,4.09,3.43,2.06,1.48,0.98,0.48,0.63,3.72,2.06,-1.45,0.03,1.76,1.35,0.67,3.59,0.78,1.33,0.61,0.32,6.72
199603,-1.6,0.98,2.85,2.36,-0.67,-1.2,1.53,0.94,1.91,1.57,-0.09,2.19,0.79,2.94,0.42,-0.56,3.47,3.25,1.27,1.42,0.93,2.65,-2.19,4.95,4.69
199604,5.99,7.97,5.01,2.04,2.3,3.84,4.22,3.1,1.7,5.94,5.61,1.1,0.54,1.41,5.64,1.38,-0.43,0.31,-0.51,-0.6,1.75,0.3,0.48,0.56,1.65
199605,3.82,5.08,4.06,4.58,4.37,-1.46,1.11,1.74,1.03,2.35,3.64,1.57,1.2,0.32,-0.15,2.74,2.19,1.43,2.86,4.32,3.27,2.77,2.22,2.63,2.72
199606,-9.7,-7.77,-5.7,-0.36,1.47,-0.78,-1.89,-2.33,-0.06,0.01,-3.14,0.03,0.08,-0.71,0.68,-1.13,0.72,-1.35,-0.4,-0.33,-3.14,-0.66,0.91,-1.51,-5.28
199607,-13.97,-15.16,-7.09,-6.12,-4.8,-11.05,-7.48,-5.24,-4.72,-3.82,-3.65,-4.86,-4.99,-3.78,-0.43,-6.89,-5.47,-4.2,-1.84,-1.95,-7.1,-5.82,-6.76,-2.43,0.25
199608,4.89,7.9,5.78,3.31,1.07,5.45,4.4,3.67,1.56,2.91,3.44,3.63,3.29,6.03,4.89,3.53,3.97,3.23,3.82,3.44,4.78,3.07,3.2,2.67,3.76
199609,5.22,6.53,6.1,8.04,6.79,3.89,1.76,6.76,4.58,4.02,2.32,3.74,3.81,3.79,6.86,3.67,3.39,3.18,3.16,6.47,3.15,2.33,0.62,5.18,-5.07
199610,-5.1,-4.89,-5.59,1.43,1.13,-3.4,-2.59,2.56,1.19,1.96,0.84,5.38,3.31,3.19,3.66,1.25,4.16,2.64,7.37,1.23,0.53,4.99,7.46,5.95,0.53
199611,1.13,2.27,0.9,7.98,7.89,5.46,4.09,6.67,6.97,6.4,6.48,5.32,5.24,6.94,13.65,7.13,6.23,6.65,8.68,6.22,6.13,5.48,8.16,6.92,5.65
199612,-1.19,-3.16,-2.92,-3.06,-1.23,-2,-0.19,-1.31,1.51,-1.19,1.69,-1.43,-0.79,-1.93,-3.44,-1.23,0.36,0.82,-1.67,-1.27,1.09,0.24,-1.23,-2.31,-2.25
199701,3.44,5.59,1.67,7.82,7.26,1.47,1.17,5.06,6.06,5.57,2.28,7.84,1.91,3.84,6.59,3.39,1.81,3.69,5.66,3.32,3.9,3.65,7.11,2.39,1.33
199702,-4.53,-6.35,-1.72,-0.24,0.24,-5.72,0.27,-0.09,-2.39,1.8,-3.86,-1.12,-0.19,2.57,-0.05,0.77,2.01,2.05,4.27,3.89,3.17,1.4,0.07,5.33,1.78
199703,-8.01,-11.08,-6.52,-4.29,-6.06,-6.7,-4.07,-4.41,0.14,-5.68,-4.16,-2.23,-0.15,-3.77,-4.72,-3.62,-2.81,-4.19,-6.35,-5.35,-3.01,-5.48,-2.04,-5.94,-4.35
199704,-1.59,-2.26,-0.31,9.3,7.19,-1.09,-1.9,6.79,2.83,2.11,1.03,4.87,2.01,3.18,8.63,0.72,1.74,2.01,6.31,6.24,1.12,1.47,2.96,1.85,10.14
199705,12.93,16.82,11.53,6.03,6.99,13.12,10.89,6.09,8.23,6.18,7.89,5.14,6.41,5.93,3.85,10.08,6.95,5.18,3.63,9.96,7.49,8.29,2.62,5.84,8.51
199706,2.76,-0.63,3.38,6.92,3.13,2.09,3.32,3.19,2.77,5.75,4.59,6.03,4.53,5.17,3.93,3.03,6.43,3.91,7.09,-0.62,5.65,5.09,-1.16,3.48,1.84
199707,7.76,8.38,6.88,11.3,6.69,10.33,4.89,8.9,6.83,7,6.02,6.95,7.17,10.06,13.1,4.74,7.13,7.2,6.21,8.98,7.22,8.8,7.65,9.28,8.72
199708,0.58,0.7,-1.6,-5.55,-6.84,-0.2,0.82,-3.59,-2.06,-3.25,1.2,-4.98,-2.09,-3.92,-5.68,-3.64,-0.13,-2.42,-5.02,1.65,-1.38,-1.51,-2.09,-1.06,5.51
199709,8.64,8.43,5.5,6.08,4.39,9.55,3.98,4.62,4.58,6.93,6.22,7.76,4.97,6.18,7.78,7.15,5.57,6.89,6.65,12.87,5.74,6.53,6.09,10,6.22
199710,-5.36,-6.63,-1.94,-3.19,-2.71,-7.43,-5.03,-5.11,-3.78,-3.08,-5.34,-1.42,-1.79,-4.06,-4.86,-4.57,-2.41,-3.86,1.28,-2.6,-3.92,-5.76,-1.65,7.1,-3.89
199711,-4.64,-1.63,-0.11,2.25,6.19,1.65,-1.3,1.62,2.52,7.93,-2.56,1.8,3.72,4.47,0.2,1.51,1.89,4.56,6.17,1.21,1.95,1.1,3.78,2.19,-1.13
199712,-1.59,5.7,3.35,1.15,0.49,-3.43,-2.69,2.55,1.37,2.2,-0.76,4.82,1.96,4.43,3.16,2.63,2.24,6.74,2.92,1.34,1.03,3.26,5.07,9.01,10.61
199801,2.2,-3.97,-0.51,2.55,3.95,2.02,-1.58,-1.75,0.34,-0.12,-3.19,-0.79,-3.24,-4.45,-1.7,2.28,0,-2.57,-2.34,-4.22,2.55,-0.84,-3.2,-2.88,6.53
199802,10.24,13.01,7.86,9.26,6.54,9.06,6.72,9.14,6.41,4.45,8.52,7.9,7.46,8.56,11.15,8.69,5.24,6.6,6.88,9.11,8.09,10.24,6.72,2.65,11.47
199803,9.2,6.25,5.25,0.91,4.99,3.06,3.13,5.09,2.04,8.22,4.39,2.78,3.88,5.76,9.67,9.9,2.5,5.53,6.12,3.48,7.43,3.58,6.42,8.91,13.79
199804,6.6,3.48,1.92,4.15,-0.53,3.78,0.26,3.22,1.57,0.12,-0.63,3.4,0.98,1.12,0.57,1.31,1.12,1.03,-0.05,4.08,1.93,0.09,-2.16,3.13,8.33
199805,-7.48,-5.21,1.44,-4.04,-2.43,-9.45,-4.75,-0.72,-2.83,-1.09,-5.38,-3.81,-3.12,-2.71,-2.35,-1.01,-2.02,-2.28,-1.52,-3.13,-2.2,0.47,6.58,-1.89,10.46
199806,7.62,8.48,4.22,4.61,7.43,5.35,-2.03,2.62,0.58,0.09,1.72,6.21,0.19,-0.1,3.76,4.63,-1.05,3.13,0.74,-1.93,1.26,-2.34,0.22,2.44,13.04
199807,-4.24,-3.75,0.04,-0.5,-0.85,-5.51,-2.71,-3.78,-1.09,0.03,-6.08,-2.54,-5.24,-3.39,-4.86,-4.04,-6.79,-5.19,-1.32,-7.2,-4.24,-3.66,0.24,-3.17,-2.81
199808,-28.08,-15.61,-13.85,-13.49,-13.69,-19.41,-20.93,-18.7,-16.08,-15.18,-20.13,-19.15,-11.27,-19.05,-21.78,-16.95,-10.29,-8.31,-19.39,-12.08,-17.76,-15.17,-11.87,-9.84,-21.52
199809,22.57,8.92,2.23,6.22,9.46,7.88,5.21,5.31,5.04,2.91,4.39,2.85,9.91,0.94,4.95,5.79,3.74,6.61,0.06,-5.26,7.41,4.99,4.18,11.22,5.16
199810,6.38,3.13,11.42,8.3,7.06,6.54,9.52,8.73,8.28,10.01,5.72,7.96,4.04,10.3,5.39,7.57,4.95,3.72,7.22,4.34,3.91,3.76,6.35,-1.05,15.11
199811,19.45,8.95,10.39,4.22,7.89,8.25,5.7,6.53,4.83,7.1,3.98,3.36,3.72,4.61,5.85,5.51,4.28,3.25,7.12,1.77,4.72,5.86,6.03,4.67,2.61
199812,26.42,16.87,11.61,11.16,6.76,1.77,4.02,4.97,4.38,4.02,6.86,2.7,0.01,0.6,1.57,6.61,2.28,1.88,0.25,2.34,4.91,1.38,4.08,2.07,7.13
199901,17.14,6.85,3.69,3.1,6.16,8.93,1.82,2.16,3.53,0.12,5.11,0.97,-4.19,-2.71,1.45,0.92,-3.31,0.12,1.52,0.86,2.03,-0.72,4.12,7.83,5.67
199902,-4.06,-4.53,-1.97,-5.21,-5.48,-7.02,1.06,-3.66,-3.75,-1.34,-3.68,-0.98,-2.26,2.42,-1.12,0.85,-4.26,-7.49,-1.95,-1.06,-4.11,-0.35,-3.69,-14.78,-4.22
199903,23.89,5.99,7.45,3.62,2.65,4.94,4.46,3.78,2.95,-2.01,5.05,3.5,4.41,4.7,2.62,3.55,0.77,-2.23,9.16,0.82,0.33,0.13,2.74,-0.67,-3.53
199904,4.04,-0.63,-0.49,1.32,-0.07,13.71,-0.14,6.34,9.55,12.81,12.03,4.84,9.01,10.1,9.62,3.82,8.9,12.29,6.88,1.49,6.76,7.37,3.94,4.66,12.94
199905,-8.3,5.28,-5.33,-2.17,-3.02,-0.58,-0.54,-1.66,0.03,0.43,-1.99,2.34,1.73,-4.28,-2.43,0.13,4.03,1.55,0.65,0.11,1.19,3.5,-0.71,7.02,-9.45
199906,0.84,6.73,10.14,7.31,6.69,11.1,4.65,8.47,1.96,7.01,6.79,4.75,0.22,3.56,3.09,0.78,1.11,0.2,2.57,0.24,4.42,2.14,-0.63,-4.63,-0.65
199907,-6.63,-6.88,-0.42,-3.52,-2.75,-1.96,-0.35,-4.06,-5.07,-4.61,-0.33,-1.86,-2.97,-4.8,-7.85,-2.55,-1.12,-2.79,-1.17,-3.46,-1.86,-5.03,-5.48,-2.7,-1.92
199908,3.54,2.15,-3.71,0.62,0.98,-4.25,-1.25,-4.53,-1.74,-9.76,-0.83,-4.28,-0.69,-4.52,0.23,-3.65,-2.19,-4.54,-5,-3.84,-2.84,-1.5,0.19,-2.84,-3.29
199909,3.11,2.07,0.56,-0.37,-3.01,0.27,-4.5,-2.31,-3.3,-3.84,-4.61,-4.92,-6.45,-5.75,-5.43,-7.47,-6.85,-4.31,-5.2,-7.88,-3.63,-3.04,-6.25,-7.18,-2.75
199910,5.93,7.94,7.14,7.14,6.03,9.21,6.58,9.68,7.37,10.87,6.24,3.81,5.49,3.96,8.29,8.19,-2.23,-1.54,2.63,-0.89,1.69,1.32,6.74,-2.67,-2.04
199911,17.67,12.07,2.66,8.91,2.78,2.49,5.19,-2.23,-1.67,-5.54,1.7,-1.26,-1.86,-4.96,-6.64,-3.12,-0.99,-2.75,-1.11,-2.57,3.4,0.56,2.51,0.56,2.25
199912,28.21,30.11,8.83,11.23,5.62,2.61,8.73,1.97,1.93,-0.74,13.48,-0.28,2.36,-4.4,2.07,4.1,2.37,1.45,4.41,12.68,5.17,2.6,1.81,-3.62,8.8
200001,-0.16,-0.92,-1.06,-7.89,-4.98,-5.14,-0.08,-3.77,-1.42,-7.17,-1.78,-6.34,-4.5,-5.24,-5.4,-2.81,-6.16,-2.94,-6.61,-11.12,-4.74,-5.87,3.8,-6.5,-10.43
200002,21.92,50.64,5.44,5.45,-2.82,2.46,1.41,-5.49,-3.83,-7.29,0.41,-5.05,-7.23,-7.37,-11.36,3.96,-0.45,-8.3,-0.92,-9.96,4.18,-1.13,-3.76,-4.03,-5.15
200003,-7.38,-12.25,7.53,8.77,10.31,1.2,9.59,11.4,12,15.53,0.76,12.14,11.16,12.82,5.39,8.44,9.13,8.18,11.27,18.53,4.57,12.26,10.56,14.81,12.92
200004,-15.49,-12.35,-2.91,-1.91,-4.79,-6.32,-4.97,-1.32,-1.68,-4.49,0.79,1.58,1.15,1.44,11.13,-0.24,-3.64,5.29,3.04,-1.33,-5.44,4.18,9.9,1.03,-1.8
200005,-12.36,-5.35,-5.68,-6.73,-1.39,-7.02,-4.04,3.53,2.2,2.02,0.49,6.79,1.14,3.66,-6.38,-3.8,0.52,3.39,-4.22,-5.97,0.04,1.6,-11.94,1.63,-3.4
200006,16.68,16.88,-0.34,7.58,5.8,11.23,-0.93,-3.35,-4.35,-10.98,4.18,-1.16,-5.31,-11.22,-4.93,-0.48,-3.82,-6,-3.23,-3.28,2.94,2.3,-8.93,-6.73,4.3
200007,-8.64,-0.24,-1.17,-3.35,-2.45,-3.89,-5.36,0.39,5.24,-0.18,1.63,2.34,4.86,6.88,8.16,-0.3,8.16,5.79,1.7,8.75,2.62,4.8,2.54,-0.73,-8.2
200008,14.01,11.44,9.18,5.33,5.76,9.33,1.87,5.05,8.69,12.07,3.2,6.06,11.8,10.26,9.2,5.7,5.83,7.04,5.11,-5.9,5.32,8.61,5.65,18.23,9.96
200009,-10.69,-1.96,-4.42,-12.86,-1.05,-10.31,-1.16,0.66,0.51,-5.13,4.46,-0.95,5.14,0.89,5.9,-1.45,5.37,5.55,3.04,4.32,-4.26,1.87,1.68,-7.25,1.96
200010,-13.46,-7.46,-1.2,-0.29,1.2,-0.06,-2.48,1.37,2.3,4.95,0.85,-7.12,-0.2,-2.38,0.43,2.09,2.17,0.1,-3.31,4.28,-1.64,3.22,5.36,-2.08,9.82
200011,-28.25,-14.79,-12.76,-8.81,-5.81,-17.61,-8.04,-4.8,-1.33,-0.29,-2.76,-6.63,-0.72,-5.31,-3.95,-1.34,-1.48,1.2,4.43,-9.71,-1.53,0.23,-1.36,-14.08,3.75
200012,-0.84,-0.52,6.4,-6.51,0.69,3.39,4.38,7.55,11.07,12.72,7.87,1.55,12.44,13.71,6.24,9.47,10.12,8.85,9.78,8.29,6.68,5.77,17.3,3.28,18
200101,8.97,8.01,-1.52,9.3,-0.7,14.62,2.34,0.02,0.43,4.11,-1.53,7.05,-1.18,4.92,4.53,3.16,-3.04,-5.71,1.89,14.19,4.48,5.64,0.79,6.47,2.52
200102,-24.47,-17.22,-11.84,-15.39,-5.53,-8.18,-3.43,-0.78,-3.59,-0.92,-1.47,-0.44,0.04,-0.1,-1.45,-0.78,1.78,3.7,0.51,-0.94,0.75,3.23,2.29,0.18,-1.04
200103,-17.26,-5.87,-4.87,-9.74,-7.6,-5.15,-1.99,-2.97,-1.59,-3.13,-6.54,-3.13,-0.63,2.84,-0.01,-5.51,0.38,-1.36,-2.01,1.56,-1.49,0.14,-5.4,-4.39,6.37
200104,19.26,11.6,9.74,11.36,5.82,7.82,5.61,8.18,2.92,6.05,4.6,6.15,5.95,3.78,0.41,5.79,2.9,4.23,8.22,4.82,5.2,8.08,6.11,5.76,8.4
200105,-1.77,-0.46,-0.46,-0.1,1.41,-2.2,-0.33,2.63,3.63,3.7,2.58,0.65,1.79,5.24,5.71,4.15,5.49,2.85,3.35,-11.65,6.89,3.59,1.63,5.32,6.83
200106,-1.15,-1.47,1.07,-1.53,-2.72,-3.66,-6.95,-3.83,-0.09,-1.61,0.55,0.93,1.14,-0.61,-0.9,-3.41,-1.17,-2.23,1.18,2.68,0.12,-0.63,4.78,9.77,-3.62
200107,-16.79,-4.36,-6.83,2.33,-0.36,-10.32,-0.47,-2.01,0.51,1.62,-7.61,-2.41,1.37,1.28,-0.61,-2.6,-2.85,-0.01,-0.48,1.63,-3.13,9.62,1.21,6.47,-1.65
200108,-11.6,-11.94,-11.36,-6.48,-4.68,-9.29,-3.25,-3.92,-2.33,-5.02,-5.93,-1.11,-3.84,-2.66,-1.06,-8.83,0.28,-0.84,-5.49,-12.12,-7.55,-3.87,-10.55,-4.15,1.08
200109,-22.7,-16.56,-12.14,-8.16,-3.63,-14.08,-12.68,-12,-9.07,-7.77,-8.46,-4.83,-12.42,-7.99,-10.23,-14.13,-11.38,-9.03,-11.7,-12.6,-6.92,-6.23,-20.33,-19.39,-21.99
200110,17.57,12.33,6.32,4.62,0.24,5.17,3.48,0.01,0.26,0.65,0.77,-3.33,1.4,2.32,-2.59,4.25,1.6,2.56,2.18,-1.52,0.32,-12.85,-3.85,-1.82,12.34
200111,13.6,10.99,10.34,8.79,5.7,9.21,5.29,8.16,8.82,1.5,3.23,5.68,8.58,5.34,7.64,14.34,7.18,7.13,8.46,12.4,9.1,13.02,15.29,13.61,13.11
200112,-0.03,-4.74,0.49,2.06,0.42,1.22,1.95,1.94,4.64,5.37,6.95,4.64,2.85,3.69,4.34,1.56,5.16,6.28,-0.8,-7.45,3.1,5.65,0.44,6.31,7.47
200201,-11.72,-2.22,-1.81,1,-0.76,-7.23,-1.91,-0.81,-1.34,-1.7,-5.35,1.23,2.33,0.5,-1.73,-1.65,1.77,3.72,-0.98,0.72,-6.84,0.03,0.59,7.91,10.26
200202,-12.28,-14.5,-5.86,-1.37,-0.02,-8.01,-0.83,2.58,0.82,1.8,-3.05,2.84,1.27,-2.26,3.16,0.72,0.42,0.89,-7.67,-0.22,-7.88,-6.76,5.35,7.53,6.83
200203,8.65,9.17,3.96,4.69,1.04,4.07,8.7,6.63,7.22,3.68,1.33,5.13,4.61,8.57,5.41,4.72,5,6.22,10.81,8.48,5.42,4.83,13.41,5.05,12.95
200204,-14.55,-9.68,-8.54,-5.4,-7.6,-7.87,1.64,-0.16,-2.18,-4.98,-1.86,2.49,-0.51,2.47,-0.6,-3.38,3.04,1.38,0.08,-0.54,-10.63,-7.48,5.44,-1.68,2.24
200205,-9.65,-0.7,-1.15,-2.89,-0.49,-5.29,-0.79,-0.75,-0.06,1.4,-0.78,-2.68,0.21,0.65,0.38,0.53,-1.75,0.68,1.74,3.61,-2.77,-5.48,-1.46,-6.71,0.81
200206,-11.71,-8.58,-6.23,-8.4,-7.16,-14.32,-6.89,-6.85,-3.16,-4.03,-11.23,-3.64,-3.34,-4.43,-5.51,-14.27,-4.85,-1.17,-7.07,-4.35,-9.57,-7.6,-9.63,-6.76,-9.29
200207,-8.45,-9.85,-7.9,-8.87,-3.18,-13.89,-10.13,-10.94,-9.58,-8.85,-7.57,-9.68,-9.81,-9.97,-5.75,-11.71,-9.87,-11.11,-11.91,-13.26,-15.7,-14.75,-13.43,-16.12,-16.67
200208,-1.97,-3.33,-0.86,1.62,0.31,-1.27,-1.3,0.77,0.78,-0.29,2.28,-3.43,2.24,2.29,1.73,1.9,4.8,1.65,0.49,3.4,4.15,6.1,2.97,3.24,1.22
200209,-17.03,-9.29,-11.2,-8.07,-11.2,-12.91,-9.04,-12.43,-10.71,-9.47,-5.4,-9.43,-9.83,-10.28,-8.05,-9.18,-7.91,-8.67,-11.01,-9.15,-9.2,-13.28,-8.78,-3.53,-13.2
200210,10.66,17.85,15.89,6.52,7.87,6.85,9.77,4.43,10.42,10.92,6.81,7.54,-1.01,3.24,2.65,9.43,4.4,4.59,0.33,-4.14,9.23,-0.61,1.07,-0.56,-0.37
200211,22.35,12.56,8.51,0.59,4.03,14.74,11.38,8.54,4.42,3.37,6.22,10.96,5.95,4.29,3.45,10.28,4.16,4.3,11.05,4.47,9.76,7.48,6.18,4.25,22.69
200212,-14.25,-11.34,-11.19,-4.6,-4.25,-11.65,-7.21,-6.13,-4.72,-3.77,-5.83,-8.66,-1.97,-0.88,-0.1,-8.99,-1.88,-0.61,-3.83,1.39,-9.32,-0.88,-0.58,1.2,-0.85
200301,2.53,1.61,-4.25,-3.35,-2.75,-1.7,-4.07,-2.9,-3.54,-0.33,-3.46,0.11,-2.27,-1.34,0.01,-1.3,-7.43,-3.73,-3.94,-2.18,-2.72,-6.06,-3.27,3.51,-6.67
200302,1.17,-1.39,-0.33,0.37,-1.8,-1.67,-4.37,-1.08,-3.57,-4.06,-6.13,-3.61,-0.25,-2.51,0.26,-4.38,-2.8,-1.61,-3.33,-1.39,-4.15,-7.16,-0.76,-3.18,-6.37
200303,-1.56,2.75,0.76,4.62,1.56,1.06,0.56,-1.14,-0.3,1.28,1.55,-0.37,2.14,0.04,1.61,1.62,-3.3,2.15,-0.1,1.39,-2.13,-3.1,-0.24,0.68,3.53
200304,13.33,8.02,9.48,4.85,7.21,10,8.9,9.78,9.97,7.1,9.52,9.88,6.62,10.12,6.94,12.49,8.74,6.51,12.05,6.96,13.83,9.17,4.5,8.36,7.32
200305,18.3,11.4,3.5,2.74,4.39,14.4,7.44,7.94,6.89,4.82,9.05,6.76,6.94,7.3,7.24,6.93,8.31,8.04,9.8,8.12,9.45,6.65,8.57,4.74,17.18
200306,1.75,0.1,1.07,0.32,1.47,3.63,2.52,0.94,1.49,2.03,2.27,0.05,0.08,3.44,2.8,-0.79,-0.91,0.21,2.02,3.87,4.42,4.32,3.86,4.45,6.22
200307,6.78,9.33,5.7,1.08,-0.71,8.39,9.36,5.86,3.02,-1.11,2.65,3.69,3.04,-0.67,-0.59,2.29,0.05,2.89,1.14,-0.71,5.56,4.1,1.16,10.43,0.24
200308,6.07,1.49,4.74,5.2,-0.17,9.43,1.5,0.29,1.14,0.74,1.71,2.67,1.1,1.57,4.22,4.35,5.29,3.51,0.9,2.4,7.22,4.04,4.74,4.36,7.52
200309,-2.02,-1.71,-0.42,-2.6,0.45,-4.39,-3.3,1.19,-1.46,-1.88,-1.42,-1.03,-1.66,-0.46,-0.4,-6.78,-3.13,0.38,0.2,4.82,0.54,-1.89,0.25,2.28,-2.97
200310,9.84,6.43,4.36,4.5,3.8,13.05,9.07,7.13,6.23,7.23,7.7,9.04,9.72,6.71,6.01,8.24,5.12,6.05,7.52,14.96,10.29,2.9,5.96,13.97,10.11
200311,2.36,1.72,0.25,-0.17,1.72,2.63,-0.66,1.2,1.61,0.97,1.46,1.94,1.78,1.36,2.45,2.17,2.94,2.49,0.31,5.06,3.92,6.05,2.61,5.73,6.19
200312,2.29,6.83,3.01,3.56,4.36,-1.34,7.15,3.45,5.28,5.1,3.55,4.14,5.67,5.95,1.62,5.26,7.39,5.2,5.27,1.12,2.86,6.25,10.2,-5.21,14.99
200401,4.95,3.24,0.48,2.32,0.95,3.8,2.27,1.2,1.22,1.55,5.66,3,0.75,0.11,5.85,2.68,0.96,1.78,3.91,1.94,8.03,10.56,0.14,1.98,-1.82
200402,-0.52,-1.28,-1.84,2.72,1.74,-0.48,2.04,2.24,3.03,1.75,-0.46,4.97,2.54,-0.22,2.26,-0.16,2.36,2.93,2.74,4.8,-0.55,8.9,4.15,3.67,-2.08
200403,-0.16,-1.45,-4.19,-1.24,-1.86,-2.42,-2.21,1.45,-0.52,-0.81,-1.64,-1.94,-0.55,0.62,-1.58,-1.51,0.27,-0.48,2.1,4.15,-1.99,2.8,-0.12,-3.09,1.6
200404,-0.01,-3.74,-0.37,-1.2,1.49,-12.33,-1.92,-4.83,-1.71,-2.5,-3.49,-4.53,-2.55,-1.61,-3.67,-3.31,-2.04,-2.16,-4.2,-4.39,-6.43,-2.28,-1.12,-6.42,4.14
200405,8.19,3.04,2.86,1.78,-0.15,4.14,1.67,-0.75,2.15,0.65,-0.81,2.37,2,0.73,1.59,0.71,1.3,1.04,-0.24,0.26,3.7,1.33,-1.84,-0.43,0.13
200406,2.26,2.61,2.96,1.22,0.9,1.33,-0.45,1.91,3.43,2.08,1.19,-0.33,1.76,2.55,0.81,1.16,3.67,3.9,4.78,5.92,3.94,5.68,3.98,2.24,5.72
200407,-13.4,-8.97,-5.2,-3.73,-4.69,-9.32,-6.41,-2.79,-0.95,-1.12,-9.63,-4.42,-2.2,0.01,3.41,-5.77,-2.85,-0.76,-0.2,-2.74,-3.95,-2.31,-1.59,3.08,-2.66
200408,-5.6,0.84,-2.05,-1.55,1,-5.01,1.17,0.37,1.62,2.25,-1.68,-0.56,1.55,3.68,0.61,-1.83,0.4,2.2,2.53,2.48,0.14,1.33,-1.49,-1.06,-2.44
200409,6.44,4.45,-0.98,2.33,-1.21,8.03,3.19,0.09,2.01,1.65,3.05,2.28,2.89,1.94,3.7,1.95,1.18,2.62,1.58,3.53,2.53,3.45,4.84,8.66,-0.3
200410,4.02,2.81,0.58,2.97,0.77,5.44,0.79,-2.06,2.22,1.31,8.16,0.97,3.24,3.94,-0.11,1.37,1.32,0.37,1.37,-3.78,2.17,1.18,-2.29,4.06,1.41
200411,4.9,5.04,2.94,2.18,4.24,7.27,7.26,4.85,4.85,4.39,9.77,6.38,6.48,4.89,5.99,5.87,3.95,5.21,6.37,2.71,7.74,7.58,5.12,8.5,8.34
200412,4.37,5.4,-0.3,3.81,5.15,6.03,2.98,2.7,3.3,2.12,1.54,2.55,3.06,3.27,-0.13,7.61,4.46,4.62,2.97,2.92,3.94,4.01,1.71,0.23,4.37
200501,-8.45,-10.04,-4.64,-2.03,-1.56,-7.77,-5.53,-1.38,-0.94,-1.2,-3.09,-2.19,-1.84,-0.55,-4.03,-4.99,-0.15,-0.63,-3.5,-2.66,-1.81,-1.57,-0.98,2.88,-4.19
200502,-1.05,1.64,1.58,0.47,0.93,0.67,4.29,0.88,7.37,2.58,1.67,3.76,1.69,0.24,5.57,-2.05,2.46,2.66,2.42,1.61,2.24,4.2,4.9,11.11,-1.35
200503,-4.62,-1.81,-1.89,-1.31,-0.77,-3.89,-0.77,-5.14,-3.73,-1.8,-1.33,-0.78,-0.19,-0.77,-1.52,-0.71,-1.08,-0.06,0.59,-3.92,-1.43,1.51,-2.63,-1.14,-6.66
200504,-3.29,-0.73,0.28,-1.78,-2.13,-2.6,-2.5,-5.44,-2.23,-2.53,-8.55,-4.91,-2.75,-0.49,-0.77,-3.65,-3.37,-0.88,-1.98,1.38,-3.3,-4.08,-3.47,-2.71,-8.09
200505,7.66,9.31,4.87,4.25,2.71,7.61,6.19,3.98,2.09,3.44,4.5,3.06,1.98,2.84,2.36,4.52,2.5,2.89,3.83,2.81,5.14,4.5,6.44,2.69,4.38
200506,-0.38,-2.89,-1.83,-0.74,-0.83,2.12,0.69,1.99,0.59,2.89,-1.31,2.01,4.03,2.54,2.91,-0.72,2.45,4.35,4.3,3.26,0.97,3.2,6.51,6.72,2.7
200507,7.83,6,12.5,4.17,3.16,4.62,7.85,4.08,2.86,2.58,3.66,3.3,1.21,1.46,3.22,2.76,4.84,4.92,6.47,6.31,4.46,3.64,4.56,8.79,7.79
200508,0.06,2.28,1.05,-3.88,-1.85,0.49,-1.25,-1.31,-2.2,0.72,0.36,-0.83,-0.37,-2.17,-0.05,0.57,0.16,-1.66,4,3.78,-0.98,-2.14,-2.3,4.29,-2
200509,2.87,-3.35,-0.49,-0.86,0.76,1.04,0.48,0.75,-0.4,3.4,1.08,2.13,2.88,-1.09,1.39,-0.5,1.85,1.17,3.63,5.58,0.54,1.66,0.78,6.18,2.27
200510,-0.03,-0.83,-3.67,0.42,-0.74,-3.2,0.25,-1.74,-3.28,-5.19,-2.69,0.01,0.04,0.32,-6.73,-1.65,-0.97,-0.8,-5.53,-5.82,-1.23,0.7,-4.87,-7.28,-9.34
200511,6.82,7.5,5.19,4.01,2.46,3.21,5.87,5.72,3.19,4.32,2.8,3.99,4.26,5.21,2.77,3.95,4.3,4.07,1.43,-1.76,3.73,4.48,3.48,-4.05,2.15
200512,1.01,-3.71,-1.33,-1.03,0.17,2.37,-0.12,-0.95,2.23,-1.14,2.05,1.38,0.74,0.1,0.12,-0.25,0.81,0.67,1.81,4.06,-0.06,0.75,-1.51,-0.91,-0.19
200601,3.82,8.73,3.33,1.46,0.81,4.33,2.68,-0.88,4.63,7.18,5.86,1.67,1.97,0.22,7.7,3.47,4.91,5.28,8.51,13.17,4.46,2.72,7.69,8.58,14.09
200602,-2.26,-2.84,-1.13,0.84,0.57,2.5,1.1,0.22,1.46,-2.13,-0.74,2.23,0.14,3.04,-1.66,-1.75,1.66,2.87,-3.37,-9.31,-0.21,1.37,-1.14,-5.28,-5.71
200603,1.76,1.91,2.19,1.51,1.17,4.03,2.32,4.76,0.3,1.59,1.67,1.53,2.31,0.86,2.75,2.49,1.48,0.12,3.02,5.05,2.08,1.31,2.41,2.82,2.41
200604,0.44,-6.29,0.12,-1.05,0.44,0.87,0.69,0.45,1.46,3.76,3.26,-0.95,3.09,4.13,2.85,1.95,1.75,1.52,3.2,-1.28,1.91,6,4.34,4.64,0.24
200605,-9.13,-6.24,-4.05,-3.38,-2.05,-4.2,-3.56,-2.67,-2.97,-3.23,-0.35,-3.02,-2.96,-2.24,-3.75,1.14,-1.83,-4.11,-2.73,-4.65,-3.01,-2.74,-0.12,-3.96,-3.12
200606,0.4,0.09,-2.9,1.02,0.48,-3.1,-2.26,-1.59,0.19,0.2,-1.52,-0.37,-0.53,0.77,2.66,0.35,-0.82,1.87,4.27,2.15,-0.06,0,2.39,3.2,-4.32
200607,-7.68,-11.82,-1.38,-0.5,-0.91,-3.42,-2.82,-1.52,0.04,4.5,-2.22,-0.56,0.28,1.12,0.76,-1.41,-0.44,1.06,2.79,2.8,-0.9,2.06,6.64,-5.45,-3.27
200608,5.34,7.22,1.61,3.65,3.7,4.86,1.57,3.81,2,0.92,5.9,5.86,2.55,-0.15,-3.05,3.23,0,1.32,1.1,-2.52,2.24,0.62,-0.24,5.7,-3.93
200609,2.34,-0.22,4.65,2.72,1.95,-0.76,0.93,4.3,4.06,0.28,0.15,1.92,2.23,2.46,-2.57,2.35,2.47,1.41,3.39,-0.38,3.44,3,2.87,-1.16,0.49
200610,2.82,4.85,6.82,2.54,3.98,4.66,2.24,1.47,1.58,5.42,5.62,3.02,3.57,4.04,5.99,5.59,3.95,2.01,2.57,3.5,5.33,5.07,2.93,5.32,2.8
200611,3.27,2,3.07,0.22,2.01,4.19,4.24,0.99,1.79,4.18,3.46,2.25,1.03,3.46,8.1,2.58,1.29,2.46,0.76,5.56,1.55,2.26,-0.79,2.83,0.82
200612,-1.91,-1.94,-3.15,1.19,-0.67,0.04,0.96,2.36,-0.19,1.43,1.02,2.07,5.67,1.97,-3.11,2.07,2.67,3.06,0.69,4.01,4.07,1.93,4.03,-3.63,2.26
200701,2.69,2.47,4.9,2.26,2.15,2.98,2.93,0.47,2.89,-0.29,3.61,-0.08,0.45,1.66,4.39,0.63,1.89,0.71,0.24,0.19,2.86,2.1,4.91,7.14,0.77
200702,-2.24,3.11,-4.91,-2.28,-1.71,-0.78,0.5,-0.86,-1.53,-1.5,-1.48,-1.85,-2.98,-1.47,-2.06,-0.53,-1.22,0.36,-1.44,-2.8,-3.23,0.49,-2.1,-0.73,3.61
200703,1.53,1.87,1.04,0,1.24,0.83,0.46,0.84,0.08,3.05,1.12,0.45,2.15,3.07,4.4,1.64,0.58,0.47,-0.22,2.56,0.85,2.75,-1.16,1.38,4.81
200704,7.48,0.74,5.04,5.36,4.73,4.2,4.76,3.25,3.13,5.55,1.08,3.78,4.35,3.99,4.75,2.28,4.18,2.26,2.42,2.78,3.08,1.63,6.24,4.04,2.04
200705,2.66,-0.06,4.93,2.32,3.73,1.85,4.76,3.29,4.35,4.58,3.81,5.09,3.46,3.52,5.63,2.08,3.41,1.65,2.38,12.11,2.92,5.28,0.21,5.89,5.11
200706,-2.82,-1.58,0.65,-1.85,-1.07,-0.44,0.15,-0.37,-2,-0.49,-0.6,-2.38,-3.08,-1.06,-1.41,-1,-3.85,-3.57,-3.36,-2.07,0.43,-2.47,-5.45,1.47,-4.01
200707,-3.93,-0.09,0.28,-2.45,-1.42,-2.74,-0.98,-0.64,-3.45,-1.78,-2.05,-3.73,-5.9,-6,-4.65,-3.71,-5.35,-6.87,-3.7,-2.43,-6.68,-6.23,-8.32,-3.72,-7.85
200708,2.82,3.62,2.31,2.23,0.76,2.27,4.1,1.83,2.81,0.84,1.34,2.16,2.8,-0.77,-0.29,2.09,3.11,-0.67,1.22,-0.79,-0.25,-2.58,-1.78,0.29,-7.69
200709,7.23,11.77,7.24,3.66,3.78,2.63,4.15,5.66,0.24,5.58,3.42,0.04,0.57,2.12,9.92,4.08,1.26,2.08,2.76,4.75,2.97,2.65,-0.36,5.05,-1.81
200710,4.21,4.16,13.02,1.49,4.56,3.17,7.07,1.37,0.92,1.44,0.17,1.54,-0.7,2.7,3.48,3.34,1.84,-1.52,-0.56,8.55,-0.96,-1.21,-0.32,1.24,-6.18
200711,-6.06,-7.04,-4.41,-2.19,-4.77,-8.02,-4.85,-3.27,-1.85,-2.74,-10.22,-2.85,-5.87,-6.49,-4.62,-5.98,-3.65,-6.08,-6.5,-6.37,-7.49,-5.95,-4.33,-4.85,-11.04
200712,-4.19,-0.29,2.13,-1.8,-0.2,-3.28,2.62,-0.95,-0.99,2.19,-2.88,0.14,-3.77,-1.96,4.09,0.6,-2.04,-2.22,-2.79,12.67,0.18,-5.43,0.68,4.33,-5.91
200801,-13.47,-6.5,-17.39,-6.41,-7.2,-7.92,-10.12,-6.74,-2.34,-5.03,-10.12,-4.91,-2.24,-2.9,-10.21,-6.09,-4.29,-2.74,-1.54,-10.7,-4.59,-6.25,-2.24,-1.23,-3.59
200802,2.15,-0.54,-7.38,-1.96,-2.67,-4.48,3.71,-2.62,-4.3,0.83,-2.92,-0.96,-6.51,-7.09,2.7,-3.68,-4.63,-6.92,-4.49,7.98,-5.66,-7.27,-4.6,-4.61,0.21
200803,-4.09,-0.02,1.7,-0.63,0.45,-0.89,-1.75,4.75,0.59,0.01,-0.99,-6.56,-2.85,-2.98,-2.72,-0.15,-2.78,-4.97,-1.24,-3.33,1.73,-2.36,-1.76,-0.24,-5.02
200804,6.82,4.42,15.24,1.2,3.32,5.88,7.44,-2.58,5.43,7,1.62,4.55,5.49,8.67,11.78,5.33,2.22,6.6,4.69,9.75,3.34,4.42,3.54,11.79,4.15
200805,3.81,6.69,4.96,3.66,3.34,4.35,3.79,-0.53,0.97,-1,5.11,4.36,-0.77,-1.02,5.03,5.21,0.22,-2.34,-1.46,5.93,1.84,3.18,5.21,0.8,-0.5
200806,-7.76,-8.83,-9.79,-6.37,-6.81,-6.97,-4.72,-9.7,-9.41,-3.58,-13.59,-8.16,-10.48,-13.74,-0.25,-11.17,-12.21,-12.83,-11.81,0.66,-13.54,-9.92,-8.77,-7.28,-21.22
200807,3.08,-0.14,-4.04,-0.16,-1.59,-4.1,-0.94,1.05,1.27,-8.22,0.31,-2.16,-0.52,-3.05,-4.16,-0.67,1.99,11.74,-7.23,-13.71,2.76,2.16,5.97,15.26,-7.18
200808,-2.22,-4.02,-0.32,2.85,1.53,-1.69,-1.42,2.99,2.51,1.34,1.03,2.37,3.44,2.59,0.88,-2.59,1.67,0.29,-1.8,1.75,6.79,4.16,4.9,-4.61,6.43
200809,-14.64,-19.2,-13.99,-10.43,-7.57,-14.96,-12.73,-7.87,-8.66,-9.97,-19.56,-1.98,-9,-4.53,-13.29,-17.54,-7.68,1.88,-10.26,-22.7,-8.56,-15.51,-4.11,18.22,-9.78
200810,-29.02,-19.25,-17.32,-14.08,-14.91,-22.58,-18.04,-14.97,-15.34,-17.56,-22.75,-14.99,-13.18,-14.2,-19.85,-26.52,-25.72,-20.58,-27.16,-38.73,-23.76,-16.25,-19.24,-14.13,-36.42
200811,-9.73,-14.54,-12.9,-5.97,-4.95,-15.13,-5.39,-4.27,-7.04,-1.75,-14.6,-10.39,-5.63,-4.74,-9.66,-20.6,-8.46,-13.67,-3.64,-13.96,-14.8,-10.6,-22.88,-20.77,-7.74
200812,4.72,5.69,0.66,2.7,0.98,6.24,5.72,1.86,1.42,1.75,7.07,-1.61,1.92,0.99,1.94,-5.29,6.82,-2.91,3.67,-18.72,9.06,3.99,3.14,-0.5,16.83
200901,-0.27,-4.13,-0.47,-2.94,-4.67,-5.95,-2.11,-8.24,-9.92,-10.46,-5.61,-7.24,-12.31,-13.43,-5.05,-15.12,-6.51,-24.4,-13.17,0.64,-11.88,-16.6,-17.08,-17.35,-16.47
200902,-9.21,-4.21,-5.79,-7.82,-7.86,-2.07,-6.73,-12.56,-9.07,-10.46,-9.86,-12.9,-10.58,-14.69,-5.36,-18.05,-18.72,-15.51,-18.97,0.08,-14.92,-14.78,-15.83,-9.84,-3.66
200903,15.98,8.02,9.18,9.06,7.04,14.14,5.3,4.54,10.29,8.66,16.79,9.74,8.14,7.52,13.85,14.72,6.3,14.05,7.47,6.43,11.52,9.02,12.9,14.93,22.68
200904,11.78,9.38,12.21,4.6,8.31,13.99,4.72,9.61,8.79,7.98,15.19,10.4,9.99,13.91,18.23,14.88,11.63,16.18,12.49,24.14,16.2,16.82,21.65,29.31,20.42
200905,5.16,7.45,3.8,6.98,3.59,9.95,5.78,4.01,3.16,7.52,12.47,0.99,4.01,5.82,3.85,8.82,5.58,4.31,10.19,12.54,2.27,4.16,0.81,10.33,5.24
200906,4.81,-0.15,0.31,0.87,2.98,1.46,-0.27,1.07,-1.49,-3.22,0.21,0.76,0.83,-1.87,-1.38,-2.55,-0.74,3.51,-5.92,-8.21,0.33,2.51,5.09,-5.94,9.15
200907,7.5,6.12,8.41,6.63,5.08,7.23,6.91,8.61,9.86,8.04,6.86,9.39,8.28,11.85,6.64,8.57,9.35,12.14,7.03,19.73,11.47,11.91,5.87,14.89,20.84
200908,0.81,1.08,0.12,1.03,1.74,2.56,4.28,3.48,4.79,2.82,3.22,3.94,3.36,1.25,-0.23,5.21,7.06,5.21,3.05,10.2,16.88,13.71,3.71,9.78,7.52
200909,8.28,5.4,5.53,3.14,3.76,5.71,2.99,4.22,2.21,4.24,3.75,1.95,7.44,4.47,3,5.82,2.67,8.96,11.05,5.66,4.96,2.26,8.43,7.84,15.54
200910,-8.23,-3.95,-1.22,-0.62,0.25,-7.32,-2.7,-2.87,-0.64,-0.87,-3.75,-2.14,-7.12,-0.43,1.28,-6.42,-3.46,-4.84,-3.84,-6.37,-9.05,-9.93,-7.94,-7.32,-8.34
200911,6.56,4.97,7.75,7.45,5.84,2.81,2.08,4.8,6.39,4.86,1.51,1.01,6.81,5.51,4.05,3.45,4.91,6.43,1.72,9.92,2.88,7.04,5.2,9.43,3.82
200912,6.06,2.47,2.38,3.01,0.44,8.05,2.39,2.49,3.4,3.54,3.08,6.56,3.41,4.68,3.66,2.77,3.25,3.4,3.9,10.91,2.52,2.72,6.33,6.11,13.31
201001,-6.96,1.16,-5.07,-3.53,-4.08,-6.51,-1,-2.69,-3.93,-5.12,3.82,-3.43,-1.77,-1.53,-6.73,-5.71,-3.27,-3.91,-1.77,-10.11,-0.84,-2.04,-3.68,-6.91,-0.19
201002,4.25,4.11,1.78,2.7,2.9,4.57,1.41,2.08,3.93,4.99,4.13,3.27,1.83,6.56,1.79,5.01,3.95,5.61,4.1,3.99,5.88,6.84,5.17,10.39,10.33
201003,8.18,4.39,5.32,6.21,5.14,4.05,8.37,6.84,4.77,5.64,3.82,5.58,9.19,4.81,7.74,7.68,6.54,5.92,6.54,6.62,11.1,7.55,11.67,12.52,3.61
201004,2.3,2.2,-2.48,0.82,1.58,5.46,3.99,0.96,2.33,5.36,-0.31,1.22,3.29,3.47,3.88,0.56,0.2,6.32,-1.1,5.64,6.78,2.61,8.97,0.63,14.1
201005,-8.24,-8.77,-4.78,-7.04,-7.74,-5.05,-8.12,-6.89,-7.64,-8.52,-7.88,-8.21,-9.44,-8.96,-9.73,-6.48,-7.51,-9.47,-8.57,-12.78,-8.88,-11.32,-5.24,-9.69,-11.01
201006,-6.88,-1.62,-3.4,-3.1,-4.63,-5.75,-5.9,-5.56,-6.52,-8.3,1.95,-5.96,-6.18,-5.6,-5.11,-6.78,-5.88,-9.12,-13.51,-10.7,-10.17,-10.45,-10.45,-13.64,-10.43
201007,7.41,8.38,9.95,6.09,6.75,5.23,8.16,7.84,5.26,6.9,7.58,7.93,6.2,8.55,6.49,7.96,4.4,7.53,9.78,11.84,7.17,4.26,6.17,8.58,7.52
201008,-5,-3.15,-6.81,-3.28,-4.11,-6.22,-5.85,-4.6,-3.87,-3.79,-6.68,-4.78,-0.69,-3.55,-5.25,-7.32,-5.1,-4.96,-6.3,0.85,-9.53,-7.45,-4,-8.89,-10.57
201009,13.95,11.61,11.22,12.54,9.67,12.64,11.49,11.89,7.76,9.9,13.74,9.84,8.26,7.83,12.06,7.29,9.08,7.6,6.94,10.14,8.87,8.03,7.32,10.47,16.51
201010,5.03,3.62,3.31,5.35,4.51,2.81,5.84,4.46,5.19,1.44,7.45,3.99,4.3,3.56,4.32,1.95,-0.45,1.79,4.88,1.69,2,-1.51,4.9,-1.01,1.35
201011,3.03,5.95,-3.15,-1.27,0.25,6.19,4.16,2.68,2.22,2.85,1,0.13,-0.94,1.08,1.8,2.19,0.89,0.34,-0.22,-0.62,-0.65,-2.25,-1.18,-4.4,3.77
201012,5.67,3.85,4.81,4.79,4.63,10.43,7.82,6.42,5.79,6.72,7.61,7.21,6.08,7.3,6.36,10.56,8.67,7.96,9.15,10.88,14.65,10.99,5.96,7.92,10.74
201101,1.48,3.51,2.84,0.79,1.19,7.08,3.2,2.63,3.34,1.09,3.79,0.5,2.79,3.08,0.96,2.24,4.35,2.92,0.38,0.74,1.69,1.89,6.57,1.08,-4.89
201102,5.14,3.85,-0.1,3.8,1.99,5.88,7.34,3.2,3.98,2.95,4.78,4.58,6.03,4.82,4.07,2.07,4.94,3.41,4.12,3.47,2.32,6.52,6.18,-2.09,8.64
201103,1.66,2.34,-3.25,-0.47,0.92,0.69,0.98,2.83,0.03,1.36,-1.09,1.65,2.54,2.16,2.73,-0.57,-2.23,0.71,1.27,3.98,-2.17,-1.76,3.75,2.58,3.51
201104,3.06,4.31,3.8,3.71,3.51,-0.11,2.89,3.86,5.01,2.3,2.8,3.79,3.02,2.33,4.08,-0.46,1.82,2.77,-0.24,-0.36,1.61,-0.11,2.66,5.36,0.53
201105,-2.09,1.04,0.72,-0.63,0.04,-3.38,-2.54,-4,-1.63,0.14,-3.06,-1.4,-0.42,-1.92,1.3,-3.68,-3.62,-0.4,-2.09,-2.38,-4.45,-1.99,-0.32,4.3,-1.88
201106,-3.65,-2.22,-3.38,-1.24,-0.8,-5.34,-3.31,-0.73,-1.5,-1.97,-3.99,-2.52,-2.53,-1.08,-1.28,-2.63,-2.3,-1.31,-0.88,0.76,-2.52,-2.34,-2.68,-4.47,-0.63
201107,-6.1,-4.58,-3.53,-2.23,0.89,-7.03,-0.12,-0.69,-2.79,-2.02,-5.6,-0.63,-2.99,-0.56,-5.3,-4.88,-4.07,-3.7,-2.83,-5.8,-5.07,-5.56,-4.33,-3.24,-4.51
201108,-10.24,-8.13,-7.02,-4.54,-3.73,-12.81,-7.79,-6.38,-4.02,-7.62,-8.11,-11.84,-6.71,-7.16,-2.01,-5.48,-4.92,-3.64,-5.56,-11.94,-13.17,-8.46,-9.5,-8.2,-14.29
201109,-7.33,-9.86,-9.56,-6.61,-6.41,-12.58,-9.9,-8.46,-5.9,-4.09,-10.92,-14.17,-7.87,-7.99,-1.55,-6.98,-7.4,-6,-6.36,-11.54,-13.56,-10.12,-5.8,-18.48,-13.34
201110,11.25,13.87,16.43,10.02,9.46,20.28,15.71,14.4,9.81,11.69,17.36,19.4,12.78,13.32,6.08,11.35,10.87,8.06,9.19,16.06,15.63,12.7,11.37,14.89,12.06
201111,-2.09,0.09,-2.72,-1.84,0.26,-2.42,-1.77,-0.23,1.83,0.9,0.87,0.45,2.74,-1.01,1.32,0.08,0.49,0.09,-0.07,-0.95,-5.22,-3.73,-0.14,-6.18,1.47
201112,-2.74,-2.47,-2.1,-4.13,1.12,-0.51,-1.58,0.24,1.24,1.02,-0.37,-0.21,2.72,0.18,3.71,-1.68,5.64,4.02,2.76,0.58,-1.52,1.46,3.82,5.23,3.54
201201,13.63,9.46,10.48,6.64,7.05,6.36,6.6,3.2,2.68,3.69,3.22,7.11,4.57,1.53,-0.22,4.72,3.72,1.56,1.54,5.77,9.44,6.37,1.44,9.66,12.29
201202,4.18,7.27,3.13,2.82,5.88,6.59,6.57,4.43,2.67,2.47,1.59,4.78,1.68,5.72,2.47,1.52,4.7,1.86,8.13,7.32,8.81,4.02,2.57,6.42,9.41
201203,4.23,6.01,3.7,3.11,4.18,-0.62,3.49,3.2,1.15,3.05,0.89,0.36,1.13,-0.51,0.65,3.64,2.91,4.03,3.78,-1.51,3.97,6.11,4.23,10.98,-3.2
201204,-2.47,-4.67,-2.31,1.66,-0.37,-3.5,2.63,-1.92,-0.91,1.05,-2.02,-1.38,0.24,-1.23,3.03,-0.44,-0.33,1.34,-2.98,-4.3,-2.82,-3.42,0.16,-5.58,-9.75
201205,-3.61,-9.62,-9.54,-6.89,-5.72,-12.18,-8.89,-8.41,-4.14,-5.19,-7.61,-5.06,-6.76,-6.95,-1,-4.37,-4.02,-2.16,-3.87,-5.81,-11.95,-5.96,-6.72,-18.11,-10.4
201206,6.77,2.23,2.18,3.55,2.29,4.53,3.07,2.3,4.96,3.79,4.1,4.44,5.07,3.7,4.19,4.79,5.52,4.1,5.18,8.44,4.92,5.54,3.94,6.96,5.65
201207,-5.08,0.72,-0.84,0.23,1.02,-1.32,0.14,3.06,2.01,2.39,-0.5,1.29,-0.94,1.61,-0.42,0.89,-0.87,3.7,0.88,-0.9,-2.09,-2.43,-2.6,2.88,-11.02
201208,4.85,4.14,3.39,2.4,2.88,3.03,6.37,3.66,1.25,0.73,1.32,2.47,2.57,1.99,-1.16,1.85,1.31,-0.78,1.07,4.25,6.07,5.04,6.98,5.25,6.99
201209,4.09,1.79,2.68,1.96,1.42,3.19,2.34,4.38,1.28,1.93,3.79,5.26,2.52,2.74,5.1,4.2,2.8,2.53,3.38,2.58,4.13,3.37,4.43,8.53,8.35
201210,-7.12,-7.8,-6.67,-1.44,-3.73,-5.2,-2.42,-2.45,0.43,-0.33,-1.36,-3.37,-1.52,-0.87,1.08,-0.69,0.16,-2.82,-1.22,-2.39,4.03,1.39,0.55,3.66,-0.46
201211,2.76,6,4.47,2.92,0.74,3.52,5.63,1.69,0.69,-2.24,2.86,-0.16,2.2,-1.78,0.81,1.69,0.31,-1.17,-2.03,0.56,-1.98,-2.02,2.99,0.59,6.13
201212,1.43,0.57,1.37,0.51,-1.13,3.31,2.22,0.88,0.53,-1.02,4.57,1.27,2.8,1.84,2.61,1.96,2.6,1.23,2.82,2.87,6.09,3.74,8.98,6.86,4.26
201301,6.32,7.28,5.76,6.54,2.78,5.34,4.66,6.64,6.2,4.35,5.34,7.33,6.83,5.6,2.36,8.23,6.02,6.86,5.4,13.24,8.72,7.84,4.3,5.35,14.89
201302,-1.81,-0.25,-0.96,1.43,1.18,1.37,0.69,2.11,1.93,0.38,1.43,2.67,0.52,1.49,3.56,3.24,3.45,1.64,2.03,0,1.02,-1.09,-0.53,3.1,5.35
201303,5.04,2.75,3.34,3.93,3.7,6.35,2.79,2.81,4.14,3.81,6.13,4.31,3.46,4.5,6.6,3.52,5.17,3.28,6.04,6.25,4.75,4.55,5.91,-1.11,11.12
201304,1.63,-7.53,0.35,2.12,2.09,0.03,-0.13,0.24,2.31,1.83,2.43,-1.18,2.44,2.17,5.4,1.23,2.3,1.94,-0.33,-3.15,2.58,1.93,0.72,4.65,-2.96
201305,5.75,3.47,4.12,1.41,1.99,7.17,6.08,2.48,2.59,1.41,1.34,2.57,3.08,-0.04,-1.54,5.8,0.05,-0.56,4.52,8.82,7.06,6.62,7.86,9.98,3.46
201306,-2.78,-2.17,0.7,-2.54,-2.84,0.49,0.16,-0.37,-1.16,-0.33,-0.62,-0.17,-0.25,-0.09,0.71,-1.97,-0.29,0.52,1.03,-5.72,-2.49,0.1,-3.01,-3.3,-2.66
201307,17.12,10.51,4.18,5.17,4.86,6.1,3.35,5.17,5.35,4.92,3.8,5.58,5.32,7.2,0.67,6.39,5.93,4.62,5.71,6.48,7.4,7.44,6.87,5.14,6.55
201308,3.27,-0.32,-3.42,-2.57,-0.7,0.79,-0.55,-3.38,-3.12,-3.95,-5.07,-3.44,-4.3,-2.09,-2.24,-3.44,-3.56,-4.14,-2.72,-9.18,-4.26,-3.71,-4.24,-5.43,3.19
201309,11.28,4.88,5.42,5.55,3.39,4.32,5.21,3.74,2.69,2.21,6.43,3.05,2.03,4.9,2.8,7.79,4.06,3.13,2.37,0.03,3.67,2.78,0.82,2.46,4.97
201310,-3.75,-3.08,3.46,4.42,5.34,0.72,0.36,6.43,2.98,4.66,1,5.12,4.5,4.4,5.43,3.72,3.81,4.12,2.85,9.99,4.78,3.3,4.43,3.37,10.25
201311,0.22,2.67,1.6,3.67,3.85,-0.62,1.81,2.44,4.66,2.21,0.11,2.32,0.12,3.67,2.47,3.01,1.46,1.47,2.37,7.33,4.8,5.73,3.1,7.46,-0.43
201312,5.87,4.72,1.44,2.83,1.9,3.68,3.62,2.83,3.54,0.66,5.64,4.23,2.35,3.07,6.26,4.73,3.23,1.55,1.9,0.66,1.44,1.55,2.98,3.57,-1.1
201401,11.32,0.4,-0.01,-3.52,-4.98,-1.09,-1,-2.82,-3.4,-3.89,1.76,-5.26,-1.69,-2.58,-4.96,-4.03,-4.67,-2.39,-4.83,-2.5,-5.69,-2.19,-3.06,-4.65,-21.85
201402,9.23,4.56,4.18,5.18,4.9,6.05,4.96,4.62,6.03,3.96,5.54,3.3,3.98,3.23,2.53,5.95,3.51,5.7,4.64,4.57,3.84,3.26,2.38,2.18,7.85
201403,-10.82,-9.15,-3.79,-1.47,0.18,-3.84,0.3,-0.86,0.78,1.72,-1.63,1.36,2.91,0.89,3.61,-0.13,2.98,1.23,4.3,5.98,1.63,3.36,6.42,6.69,1.26
201404,-7.87,-4.87,-3.3,-0.36,1.55,-2.96,-2.8,-1.14,0.97,1.62,-3.24,-0.17,2.35,0.09,2.4,0.28,0.31,0.48,1.67,2.66,0.19,-2.41,-3.89,-3.57,-2.52
201405,3.2,2.76,1.18,2.84,2.88,0.83,1.33,2.81,0.2,0.98,3.27,1.59,2.47,3.04,2.18,1.95,0.67,-0.01,2.29,0.58,0.19,1.97,2.02,1.45,7.74
201406,8.8,7.29,3.09,1.95,1.38,9.74,2.78,1.5,1.42,0.83,4.36,2.16,1.4,3.96,5.98,3.48,2.49,3.66,4.88,3.42,3.97,3.44,3.87,3.03,6.22
201407,-5.4,-2.8,2.58,-1.85,-2.28,-5.1,-1.86,-3.74,-0.7,-0.29,-4.14,-3.02,-0.98,-0.88,0.89,-5.41,-4.56,-2.32,-2.58,1.59,-2.35,-2.11,-5.22,1.14,-4.26
201408,9.56,5.65,3.6,5.49,4.3,4.65,2.89,4.49,5.31,5.37,5.29,3.89,1.9,3.34,0.5,2.08,4.7,2.92,2.25,0.85,5.26,5.63,3.31,3.28,7.9
201409,-3.18,-3.41,0.98,-1.18,-1.23,-4.11,-0.49,-0.64,-1.91,-2.26,-3.82,-2.08,-1.48,-2.69,-1.05,-3.71,-4.08,-4.91,-5,-1.84,-2.85,-0.54,-3.19,-0.89,-7.94
201410,4.06,3.97,4.7,2.21,2.88,5.4,-1.58,3.74,3.37,2.7,5.39,2.05,3.15,2.42,2.04,1.37,3.61,3.83,-2.06,0.24,1.61,2.46,2.15,-1.52,-4.6
201411,0.39,3.33,2.27,3.49,3.97,-0.42,0.34,2.24,3.63,6.79,2.58,2.32,4.9,1.6,1.59,4.31,0.84,-1.54,-1.37,3.36,0.36,1.9,0.16,-2.6,-13.68
201412,-0.91,2.38,-0.15,-1.97,-0.46,4.22,-0.89,0.56,-0.2,-3.08,0.87,-1.42,1,0.52,-3.33,-2.16,0.99,2.35,1.38,-2.35,1.63,2.04,3.34,3.08,-0.28
201501,-1.54,2.95,-1.11,0.92,-2.07,-3.11,-1.97,-5.1,-3.93,1.53,-2.16,-4.19,-3.14,-4.71,-2.1,-4.09,-3.86,-2.1,-5.18,-3.25,-8.35,-6.29,-4.68,-10.14,-6.1
201502,11.24,10.44,4.38,6.41,6.16,6.51,6.29,6.79,4.75,5.68,6.62,8.71,7.69,5.27,6.95,7.72,4.92,3.15,5.48,3.13,8.35,4.16,4.97,10.87,2.64
201503,-1.1,5.35,2.48,-1.18,-1.47,1.93,-0.84,-1.67,-1.51,-1.14,0.31,-1.25,-0.76,-1.72,-2.84,-1.13,0.29,-0.05,-2.18,-6.08,-1.59,-1.09,0.58,-1.74,-4.37
201504,-0.9,-1.48,-2.39,-0.13,-0.11,-0.94,-0.86,-0.61,3.5,-0.47,-2.97,2.38,-0.32,0.51,3.76,1.84,0.13,0.67,3.7,6.26,1.17,0.49,0.02,5.29,14.06
201505,4.36,1.23,1.45,2.12,1.42,3.74,1.57,1.5,0.27,0.57,3.07,1.46,1.96,1.24,-0.19,3.35,2.38,0.77,-1.81,0.22,1.41,1.98,0.61,0.76,-8.97
201506,-0.07,-1.29,4.13,-0.58,-1.08,-2.56,-0.9,-2.05,-3.39,-3.01,-3.12,-2.22,-1.9,-1.39,-4.07,-2.33,-1.95,-3.11,-1.66,-0.4,0.26,-0.69,-2.98,1.52,-2.71
201507,1.97,6.23,1.42,6.86,1.73,-0.05,7.63,2.68,2.47,-1.55,-1.39,2.27,0.49,-1.69,-3.78,-3.18,1.1,-0.23,-5.86,-6.81,0.57,-1.22,-0.8,-8.07,-27.08
201508,-10.91,-6.27,-8.37,-5.53,-5.75,-7.84,-4.11,-7.88,-6.93,-3.54,-5.11,-5.85,-4.89,-5.98,-6.36,-2.3,-5.11,-5.61,-2.72,-4.25,-6.8,-6.54,-5.98,-7.68,-5.94
201509,-7,-2.15,-3.07,-1.07,-2.23,-8.29,-4.87,-3.02,-2.56,-2.96,-7.78,-0.77,-2.37,-3.99,-9.44,-4.46,-1.64,-1.12,-2.72,-10.13,-6.35,-4.75,-5.55,-6.49,-17.51
201510,4.71,12.36,9.72,8.31,7.67,9.35,11.14,7.82,7.99,9.12,6.04,9.45,7.85,7.94,8.01,6.07,6.31,6.35,8.65,-12.37,7.73,6.48,6.26,10.03,7.62
201511,4.4,3.9,2.1,1.28,-0.63,5.03,2.01,-1.41,0.83,-0.04,3.99,-0.01,-0.95,0.12,-1.1,3.36,0.59,1.23,-0.08,1.51,1.86,3.11,4.18,3.11,-3.08
201512,-1.6,-0.33,0.87,0.13,-2.38,-3.72,-2.75,-1.72,-0.8,-3.63,-5.02,-0.67,-2.38,-5.21,-6.39,-5.24,-1,-1.38,-7.35,-7.12,-4.83,-4.57,-3.76,-11.56,-22.94
201601,-20.09,1.51,-11.41,-8.11,-5.15,-15.35,-4.17,-3.45,-3.39,-6.59,-10.92,-6.89,-2.96,-6.54,-10.37,-5.87,-3.54,-2.93,-10.69,-13.5,-12.12,-10.39,-10.37,-7.79,-19.04
201602,-5.88,-2.77,0.17,-0.64,1.08,-2.74,-3.28,0.82,0.06,1.91,-0.24,1.08,1.95,1.06,5.34,0.85,1.55,-0.31,-0.99,-8.92,-4.1,-4.63,-3.97,-5.58,-24.34
201603,7.2,7.16,4.23,5.12,7.29,6.19,6.95,5.33,6.67,7.85,7.55,7.67,5.02,7.76,12.7,6.87,7.73,7.47,9.83,10.25,8.07,7.9,6.95,15.1,56.59
201604,3.41,2.32,7.52,1.45,-1.91,2.01,-4,-0.72,0.26,-0.17,1.96,0.9,4.16,3.74,2.03,2.43,0.07,2.42,6.35,0.38,4.86,6.86,8.36,5.66,30.33
201605,4.57,1.6,1.01,2.42,1.78,2.48,4.7,1.42,2.1,0.34,3.5,5.64,2.64,0.39,1.94,1.49,-0.91,1.16,-2.37,-2.42,1.91,1.24,2.59,-4.95,-2.59
201606,-1.95,-2.6,-2.44,0.77,0.32,-1.68,-3.46,0.54,0.24,1.1,-2.28,0,2.75,-0.19,-2.26,0.66,2.73,1.58,-2.74,-6.48,-5.45,-5.92,-4.88,0.03,-4.03
201607,9.76,5.7,2.46,6.7,4.21,3.19,4.66,3.91,2.45,5.97,3.41,-0.38,3.84,2.86,9.17,0.34,1.38,1.47,3.59,3.21,1.14,6.99,5.73,8.39,7.1
201608,-2.35,-3.57,-0.1,1.08,-0.65,3.71,0.06,-0.98,0.19,-0.19,4.38,-0.2,0.52,2.44,0.58,3.09,2.18,1.77,-2.65,4.27,2.18,7.18,1.49,-0.75,5.37
201609,3.76,0.94,2.71,-0.47,0.5,6.08,0.32,-0.54,-0.07,0.26,3.53,-0.67,2.14,0.31,4.52,1.09,-1.26,-4.87,0.28,-0.44,1.78,-0.34,-0.05,1.08,9
201610,-6.88,-0.61,-4.98,-2.97,-2.41,-9.97,0.28,-3.04,-2.86,-1.01,-5.7,-2.48,-0.68,-0.63,-2.81,-2.41,-0.12,0.6,-4.1,-3.4,-1.37,2.29,2.69,-5.73,-6.23
201611,2.71,-4.09,-4.89,0.45,2.43,7.94,0.43,1.57,6.68,11.61,6.77,4.36,3.27,9,11.98,5.56,8.52,8.83,6.81,7.34,9.97,19.33,10.55,4.87,10.09
201612,-4.16,-1.17,0.57,1.68,1.57,-2.94,1.72,2.24,0.8,1.45,-1.86,2.98,2.17,0.94,0.64,3.62,3.67,3.85,6.89,3.71,2.22,4.07,5.36,-0.16,-0.82
201701,10.14,5.63,3.49,3.8,2.41,2.51,1.55,1.34,3.64,0.99,-0.43,-1.51,-0.06,1.29,0.12,1.69,0.46,0.71,0.54,3.22,-0.77,0.64,-0.49,3.73,0.98
201702,4.36,5.59,4.27,4.35,4.82,-0.97,2.94,5.65,2.09,2.52,-1,0.09,4.31,3.43,3.22,-0.21,4,3.53,0.75,-0.25,0.37,5.22,4.94,0.41,9.57
201703,1.21,4.08,0.8,1.47,1.25,-0.06,0.87,0.81,0.38,-2.14,-1.36,0.56,-0.56,-0.09,-2.23,1.2,-2.02,-1.69,-0.62,2.43,-2.27,-3.42,-2.51,-4.46,3.37
201704,3.81,4.75,3.66,2.09,1.28,-0.04,4.41,-0.12,1.73,1.69,-2.95,1.22,0.76,1.55,3.92,-1,-0.06,-0.23,-1.29,-1.35,-1.13,-0.79,-0.38,1.05,1.38
201705,0.72,2.85,4.1,2.06,3.05,-1.87,3.13,3.84,0.46,-1.25,-4.71,0.96,0.09,2.11,0.09,-1,-0.29,-1.19,-2.63,0.06,-1.14,-2.89,-3.75,-3.97,-3.63
