date,LoBM LoINV,BM1 INV2,BM1 INV3,BM1 INV4,LoBM HiINV,BM2 INV1,BM2 INV2,BM2 INV3,BM2 INV4,BM2 INV5,BM3 INV1,BM3 INV2,BM3 INV3,BM3 INV4,BM3 INV5,BM4 INV1,BM4 INV2,BM4 INV3,BM4 INV4,BM4 INV5,HiBM LoINV,BM5 INV2,BM5 INV3,BM5 INV4,HiBM HiINV
196307,-1.32,0.78,0.38,-0.3,1,-0.87,-0.39,0.26,0.74,-0.5,-1.08,-1.8,3.48,-1.51,-0.95,-0.98,-1.7,-1.34,-1.04,0.28,-1.54,0.63,-1.61,-1.88,3.84
196308,4.6,5.38,5.37,5.43,7.02,6.74,4.41,5.07,3.61,5.55,4.81,5.91,4.32,5.18,6.11,9.73,6.06,4.93,10.8,4.94,6.55,4.88,5.47,4.96,9.1
196309,-1.96,-2.18,-2.98,0.1,-1.09,-1.71,-0.44,-3.08,-0.25,-0.39,0.51,1.48,-3,-1.69,-2.41,0.11,-0.68,0.05,2.6,-2.92,-2.58,-3.4,-1.14,-4.18,2.13
196310,3.09,1.91,1.07,4.86,11.89,0.38,-0.1,-0.54,3.35,1.55,2.69,-2.03,0.93,1.33,1.9,2.72,3.77,3.61,7.29,-2.33,2.77,3.02,-1.85,-2.79,4.54
196311,3.36,-0.04,-0.73,-0.82,-5.38,-3.81,-1.04,-1.41,2.67,-0.99,-1.77,-1.41,-1.66,-0.2,0.48,0.16,-3.01,-1.66,-2.62,-1.44,-1.7,-2.15,-0.31,4.18,-1.65
196312,2.35,5.58,3.35,2.3,-0.09,4.62,2.03,1.76,2.15,3.24,2.45,0.81,2.41,1.52,1.92,0.24,2.56,0.83,-0.19,7.66,-0.28,4.62,-2.78,5.65,-1.99
196401,4.18,1.38,2.54,4.53,0.4,2.23,1.32,0.91,4.71,-0.69,-0.13,1.35,2.74,1.13,2.84,4.95,2.62,4.81,0.45,-1.46,3.99,1.52,1.77,0.57,4.71
196402,3.43,0.73,1.09,2.38,1.49,-0.45,2.04,1.76,0.02,2.9,1.75,1.89,2.36,1.59,-0.08,3.12,5.52,4.05,7.58,3.26,3.14,1.99,7.81,5.31,3.39
196403,1.8,4.4,0.07,1.32,0.28,0.53,1.22,1.62,0.2,4.19,5.82,4.5,3.88,3.21,4.29,7.98,5.16,5.98,3.67,0.2,8.68,1.01,-0.06,-0.28,8.27
196404,-1.26,-0.38,-0.35,-1.63,3.74,0.15,-0.03,1.62,1.99,0.53,-3.97,0.01,3.94,0.18,0.63,-4.79,0.09,-0.94,-0.33,5.09,-1.98,8.41,2.79,-6.03,-3.96
196405,1.92,0.84,0.35,2.82,3.17,-0.45,1.43,1.44,-0.12,1.73,-1.45,-1.11,3.19,2.81,1.09,2.82,2.47,4.4,4.99,4.51,2.76,6.42,-2.43,-4.66,1.05
196406,-1.56,1.65,1.97,0.91,1.34,4.64,1.81,2.09,3.72,0.6,-1.72,2.34,-0.44,1.59,1.21,1.04,3.45,1.28,1.47,1.31,2,1.09,0.59,4.48,-2.03
196407,3.33,1.1,4.65,0.06,0.55,2.05,4.19,-0.47,2.7,2.34,3.35,3.7,2.99,3.91,4.37,1.21,1.77,2.28,2.73,-3.17,2.98,0.66,2.09,0.41,1.23
196408,-1.13,-1.8,-0.28,-2.65,-1.68,-1.3,0.49,-2.01,-0.93,-2.1,1.21,1.15,-1.32,-2.29,5.64,-0.47,-0.36,0.69,-2.2,0.7,-1.8,-3.65,1.34,0.05,0.21
196409,3.76,4.95,3.56,0.69,4.93,3.56,2.41,0.12,4.76,4.09,2.48,4.22,3.1,5.24,7.87,2.16,4.55,6.47,4.3,2.17,3.78,3.37,1.02,11.03,2.4
196410,-0.57,-0.77,1.42,-1,1.31,2.83,1.92,0.35,2.57,1.84,0.84,1.4,1.86,-0.53,-0.86,3.61,-0.55,-1.29,3.57,-1.18,0.89,3.48,1.52,4.13,-0.15
196411,2.56,2.37,0.88,0.57,0.63,1.05,-0.17,-0.85,2.6,0.63,0.57,-0.23,1.81,2.34,-1.28,-0.04,-2.03,-1.34,2.35,2.06,-0.84,-3.31,-1.79,-4.02,1.98
196412,1.11,-1.24,1.47,-0.49,1.65,-1.95,-0.06,2.33,0.18,0.59,-2.07,-2.48,1.43,-2.93,1.05,-2.03,-2.62,-0.22,1.19,-3.39,-0.84,-3.41,-1.69,-1.79,-1.43
196501,4.83,5.01,3.26,7.08,5.61,4.11,4.04,-0.23,2.86,5.4,5.95,4.75,2.75,3.01,3.71,6.24,4.56,3.95,2.29,5.62,6.99,5.9,7.84,6.1,8.28
196502,-1.11,2.32,-1.08,1.51,3.56,2.15,1.39,-0.57,2.03,1.77,2.17,2.07,3.56,-2.14,0.57,4.02,1.01,1.92,-3.67,1.76,1.93,3.21,2.32,-1.07,4.67
196503,-2.62,-2.78,-0.66,-0.4,-2.45,0.27,-0.8,-2.29,0.21,-1.95,1.18,-0.79,-2.37,-1.02,-1.78,0.36,0.83,-0.69,-0.32,-0.9,1.84,-1.72,-0.84,2.46,0.34
196504,1.16,2.59,5.18,3.29,7.9,2.16,1.6,1.99,2.8,3.09,4.26,3.06,1.69,3.64,3.28,5.2,2.25,3.89,1.8,4.92,4.78,2.96,5.78,9.57,9.82
196505,2.09,0.25,-1.94,-0.23,-0.17,-1.23,-0.54,1.44,1.04,1.06,0.02,-0.32,-0.75,0.85,-2.73,0.56,-0.06,-1.55,0.39,0.47,-1.01,-2.17,0.11,-3.5,-0.73
196506,-5.06,-6.28,-4.26,-4.21,-5.86,-6.44,-4.45,-2.92,-6.12,-6.53,-8.49,-6.34,-4.6,-5.16,-8.82,-7.36,-3.6,-6.01,-5.61,-8,-9.03,-7.09,-8.5,-8.37,-8.67
196507,-0.26,2.28,0.69,1.41,2.82,2.17,-0.55,2.66,-1,3.87,6.19,0.21,3.94,1.64,4.14,2.94,4.05,2.58,4.05,4.58,3.4,5.4,2.26,6.04,4.34
196508,1.58,2.76,2.44,3.3,5.84,6.77,-0.57,3.3,1.85,4.01,2.66,4.63,3.92,4.94,4.49,3.31,1.64,1.66,3.5,2.58,4.04,1.23,1.63,5.78,4.06
196509,4.7,6.28,3.93,2.69,3.24,3.85,3.35,2.22,1.38,5.54,2.69,1.25,3.42,1.95,3.64,3.82,3.52,4.01,4.81,5.18,7.06,1.15,4.63,3.61,2.85
196510,1.73,4.81,2.13,2.55,4.28,5.68,1.42,0.02,-0.63,3.35,3.93,2.81,4.63,2.99,4.87,4.1,4.18,6.38,6.23,7.91,8.95,5.38,8.24,5.99,12.57
196511,-0.51,-4.68,0.97,1.28,2.81,1.34,0.04,0.73,-4.47,3.64,3.11,1.93,1.41,1.19,6.94,1.78,-0.71,1.13,3.82,3.94,2.95,-2.09,-2.03,1.41,7.87
196512,1.24,1.24,1.46,1.6,-0.16,-1.98,0.38,-0.06,-0.28,2.25,-1.13,1.2,0.99,4.66,4.31,3.98,2.1,4.59,3.44,2.08,3,6.62,-0.35,9.94,6.06
196601,-0.09,-1.6,-0.86,-0.28,1.59,4.65,-1.34,0.08,-0.68,3.92,3.97,-0.57,3.84,3.33,8.29,7.02,1.09,6.06,4.7,5.74,8.28,3.24,0.48,6.59,6.26
196602,-3.03,-2.89,-0.8,-2.44,3.92,-1.36,-3.82,-3.78,0.59,0.04,-0.32,-2.9,-0.15,2.31,1.67,-0.22,-1.13,0.99,-1.11,3.27,0.36,-0.29,0.42,-1.44,2.21
196603,-2.62,-3.4,-2.86,0.03,-0.18,-3.94,-1.62,-2.45,-5.29,-1.08,-1.86,0.17,-2.27,-2.82,-2.36,-1.75,-2.31,-3.4,-2.14,-5.47,-2.07,-5.39,-3.85,1.45,-3.8
196604,0.55,-1.02,2.31,2.56,5.81,0.32,2.27,2.86,1.17,4.46,2.61,0.73,0.73,4.74,3.11,6.27,3.26,1.5,8.23,8,3.2,-1.51,1.91,1.56,-0.68
196605,-4.3,-7.09,-4.94,-3.21,-4.18,-6.3,-3.53,-4.53,-3.77,-6.88,-5.75,-5.27,-5.8,-8.12,-5.48,-9.55,-6.34,-7.67,-7.28,-10.69,-9.03,-5.99,-6.71,-9.23,-10.13
196606,-2.25,-0.96,-2.14,-2.37,-1.34,1.02,-2.73,-3.72,0.88,0.84,-1.23,-0.49,0.42,2.25,0.87,2.3,2.62,-1.5,2.55,-2.54,-0.33,-0.98,-3.49,2.18,0.94
196607,-0.47,0.16,-0.28,-1.84,-3.25,0.06,-1.32,-1.6,-1.41,-2.74,-0.03,-0.77,-0.39,-1.12,-2.5,0.64,0.98,-0.91,1.69,-3.5,-2.61,0.44,-1.03,0.31,-1.6
196608,-8.38,-5.11,-8.18,-6.47,-10.52,-7.88,-8.1,-9.29,-7.43,-11.5,-6.28,-5.92,-4.67,-9.61,-9.3,-6.11,-7.75,-6.82,-7.84,-3.26,-8.27,-10.96,-9.28,-6.17,-5.5
196609,2.54,1.53,-1.06,-1.93,-2.42,2.04,2.07,3.02,-1.77,-4.52,-0.41,-0.23,3.52,-2.99,-2.93,-2.21,3.21,-4.03,-0.4,-1.76,-2.86,0.42,-0.32,-2.72,-3.09
196610,4.79,4.69,2.31,1.78,2.3,7.84,8.18,7.58,-0.52,1.3,2.58,9.66,7.53,6.5,2.95,3.79,6.98,4.57,4.1,-0.68,2.92,7.39,3.96,2.18,4.2
196611,0.15,2.61,1.82,3.46,10.89,-0.49,0.42,1.13,2.99,8.81,1.84,-3.29,-1.51,0.65,2.89,0.27,-0.49,-1.59,1.12,-0.84,-1.16,0.65,1.1,-5.16,-2.15
196612,2.61,0.54,-0.71,-0.02,-2.11,2.81,0.21,-0.14,0.41,1.31,1.76,1.52,1.16,0.83,5.91,2.15,-1.56,2.99,1.83,-0.67,1.05,0.94,0.75,-2.08,-1.1
196701,6.56,4.86,6.89,9.39,8.91,2.88,6.15,7.65,8.99,13.83,10.99,4.57,5.66,9.52,10.57,11.39,6.92,10.35,13.17,13.97,17.7,14.04,9.06,19.4,13.99
196702,1.58,1.92,-0.55,3.26,3.39,-0.09,0.08,0.87,0.71,1.22,-1.72,-0.82,-0.71,0.48,3.84,1.08,-1.96,-0.42,-0.76,0.72,0.47,-1.45,2.37,-0.79,0.93
196703,3.17,3.03,4.62,4.84,4.62,2.45,1.95,2.65,5.16,6.52,2.32,4.02,1.95,4.11,7.59,4.31,3.92,7.35,6.93,6.96,5.3,5.34,8.7,11.49,7.71
196704,2.22,3.35,4.04,8.76,7.14,2.91,1.53,2.08,4.46,4.8,1.05,-0.2,2.78,1.5,2.21,3.55,4.28,1.74,4.2,6.64,2.22,2.76,3.65,6.06,5.65
196705,-0.99,-1.73,-4.5,-6.02,-5.91,-2.91,-4.98,-3.97,-1.66,-4.06,-2.78,-4.24,-4.26,-2.95,2.39,-3.82,-4.52,-0.37,-3.99,-2.12,-2.3,-3.35,-2.67,-6.89,-3.22
196706,1.93,1.92,-0.05,1.72,4.24,0.16,1.86,0.5,2.52,2.3,3.4,1.88,1.04,1.81,6.75,4.42,2.26,5.36,4.87,8.37,4.01,3.66,7.85,2.4,4.87
196707,8.13,2.63,9.5,2.14,4.43,8.1,3.25,4.92,6.58,1.79,8.42,-1.04,8.37,6.75,3.67,7.05,4.17,6.21,6.52,10.39,10.21,7.3,10.48,7.65,11.97
196708,-1.42,0.09,-0.53,-0.04,-1.36,-0.19,-1.77,-0.03,-1.09,-3.65,-1.76,-1.62,-2.15,-1.53,1.94,0.31,1.16,-0.45,1.67,-0.33,2.1,1.42,4.39,-0.07,0.89
196709,0.46,-0.09,2.99,3.91,5.78,4.92,2.56,0.71,5.88,-2.05,3.25,3.55,3.32,3.27,2.23,1.66,2.35,2.6,6.62,2.67,1.04,2.73,4.32,-0.66,5.74
196710,-3.15,-5.66,-4.38,-2.5,4.07,-5.32,-5.79,-3.97,-1.43,-3.11,-5.07,-1.96,-2.46,-5.58,-6.86,-4.76,-5.09,-3.89,-4.57,-3.66,-6.79,-4.9,4.76,-2.68,-2.9
196711,-0.29,2.52,1.55,0.71,2.15,-0.58,-0.44,1.78,-0.49,2.5,-0.14,0.1,1.33,-0.98,1.58,-1.69,-2.53,-0.84,-1.17,2.01,-3.28,-0.07,2.52,0.01,4.46
196712,3.86,4.91,-0.04,2.12,2.63,2.73,5.57,2.22,3.65,3.32,3.47,1.64,3.37,6.91,4.18,3.85,4.97,7.76,5.95,6.97,4.88,3.89,4.99,10.07,5.53
196801,-0.75,-2.18,-5.9,-5.28,-9.1,-3.75,-2.37,-3.97,-6.68,-8.55,1.66,2.48,-3.1,-3.42,-1.29,3.1,-0.31,-0.47,-3.59,-5.67,1.1,-3.27,-1.54,7.28,2.98
196802,-1.78,-4.59,-3.01,-3.17,-3.83,-2.33,-1.88,-2.38,-3.77,-3.64,-2.12,-1.75,-2.55,-4.43,-5.94,-0.86,-1.84,-5.85,-6.49,-5.48,-2.42,-3.27,-6.05,-5.19,-8.74
196803,-0.6,-0.32,1.44,1.99,4.94,-0.66,-3.16,-0.06,-2.66,-0.83,0.04,-0.6,0.35,-2.29,-0.27,-2.83,-0.85,0.65,-1.43,-1.7,-1.61,3,-1.46,-4.05,-0.01
196804,9.62,6.83,10.19,12.34,12.24,8.12,5.99,7.37,8.55,10.51,8.31,2.49,4.51,8.61,13.09,8.98,8.78,12.01,13.53,12.37,11.98,12.79,13.63,11.41,15.8
196805,0.73,1.51,-0.96,2.92,4.8,0.88,0.09,0.81,4.84,4.79,3.58,-1.22,0.82,3.7,2.74,2.21,2.26,2.67,3.59,2.66,7.14,3.28,2.51,4.65,8.48
196806,1.02,4.73,-0.41,-0.64,-0.99,1.1,4.59,2.19,-0.97,-1.57,6.88,4.02,3.37,2.13,2.43,1.55,3.11,3.77,2.1,-0.1,0.49,-3.47,2.21,2.21,-3.86
196807,-3.47,-6.09,-6.18,-5.03,-5.73,-1.85,-1.84,-2.36,-0.38,-1.44,-2.92,-2.45,4.74,-1.98,-3.98,-0.19,0.75,0.94,0.78,-1.59,-1.18,0.6,-1.92,6.08,-2.94
196808,2.16,0.69,1.12,0.7,2.34,1.35,-0.57,0.18,2.23,1.14,2.23,2.09,1.42,3.23,2.26,4.25,1.42,1.71,1.7,2.88,1.95,5.14,4.64,2.58,6.56
196809,6.71,4.33,2.4,2.14,3.01,5.42,5.16,3.97,7.01,5.31,6.52,3.85,1.22,2.48,7.09,7.22,3.76,3.74,5.44,10.35,9.37,4.31,5.71,9.63,8.03
196810,0.31,-1.77,2.51,-4.16,-1.02,5.27,-0.42,-0.49,0.09,1.98,0.96,1.73,2.23,2.19,2.61,0.5,3.37,3.33,5.66,-0.65,2.92,-0.87,3.15,0.25,-0.32
196811,1.46,4.53,6.16,8.11,6.97,-1.85,6.42,5.74,8.8,5.18,9.34,5.98,5.26,7.45,5.96,4.35,6.61,6.66,4.15,3,2.33,7.43,5.5,7.5,12.18
196812,-0.65,-5.93,-5.23,-5.03,-4.15,-3.74,-4.96,-3.34,-5.43,-3.85,0.17,-2.48,-3.83,-3.65,-2.32,-1.43,-3.77,-2.38,-1.01,-3.48,-0.72,-3.57,-2.01,-4.02,-2.43
196901,-2.27,-0.55,-0.85,-2.94,-2.76,-0.46,0.25,1.4,0.32,-2.52,0.77,0.59,1.29,-0.72,-1.88,-2.68,1.06,-0.2,-1.9,-2.26,-0.49,-0.78,3.41,1,-2.94
196902,-4.2,-3.45,-4.26,-3.08,-7.33,-1.81,-6.12,-5.86,-5.47,-3.81,-9.27,-4.85,-3.46,-7.44,-6.51,-5.95,-5.03,-6.48,-4.57,-7.6,-6.23,-6.42,-8.46,-6.37,-7.92
196903,-0.11,4.99,5.49,5.76,1.68,3.96,1.11,1.01,-0.22,3.59,2.13,1.71,4.28,4.36,1.6,0.9,1.77,0.46,5.62,2.5,1.96,2.1,6.79,13.2,8.6
196904,-1.51,5.27,3.9,3.12,3.77,0.23,1.14,2.43,3.49,-0.83,3.16,1.91,0.4,-2.01,2.63,0.81,5.18,-0.84,0.25,-2.72,0.32,4.17,-0.07,2.66,0.34
196905,-1.71,-0.65,1.46,-1.41,-0.43,1.53,-0.54,1.11,0.36,-1.01,-0.24,0.48,1.24,3.24,-2.05,-0.23,2.26,-0.27,2.21,0.47,-1.82,0.73,-0.74,2.31,-7.33
196906,-6.97,-4.72,-4.43,1.43,-6.38,-5.75,-6.55,-7.76,-8.88,-8.94,-9.17,-4.54,-8.06,-9.13,-8.51,-9.46,-6.83,-6.16,-8.3,-9.79,-9.04,-6.68,-9.05,-11.42,-12.44
196907,-7.38,-7.04,-3.51,-3.8,-8.3,-6.2,-5.58,-6.99,-7.49,-9.2,-8.29,-5.87,-6.07,-7.14,-11.54,-4.25,-7.02,-9.32,-7.45,-4.29,-6.32,-4.68,-8.36,-7.02,-9.19
196908,2.49,7.48,6.46,7.07,9.35,3.91,1.96,6.01,7.51,9.04,6.83,1.97,5.07,4.33,7.8,4.29,3.84,5.19,1.83,1.6,2.02,1.91,2.85,2.15,3.99
196909,1.25,0.47,2.59,-0.97,-2.49,-2.1,-0.95,-2.97,-1.34,-2.77,-3.97,-0.95,-2.95,-4.91,-3.55,-6.75,-5.12,-6.28,-1.53,5.2,-1.79,-4.36,-3.1,-9.96,-4.61
196910,9.25,9.57,6.54,6.14,7.39,5.78,5.16,6.07,6.22,7.67,4.54,5,7.71,3.51,9.46,3.42,5.41,1.73,3.22,7.19,7.45,2.94,7.21,4.65,2.83
196911,-6.13,-0.7,-2.74,-1.29,-2.25,-5.13,-4.56,-2.57,-4.46,-4.44,-2.43,-3.58,-4.19,-4.22,-6.58,-4.83,-5.79,-4.86,-2.22,-3.13,-6,0.01,-6.17,-3.7,-7.67
196912,-4.69,2.26,1.42,1.85,-3.76,-3.79,-2.51,-0.46,-2.37,-3,-3.84,-1.54,-2.73,-0.34,-3.89,-3.28,-2.37,-1.43,-3.54,0.13,-4.84,-5.72,-4.03,-4.38,-5.47
197001,-6.47,-6.99,-7.73,-7.54,-11.19,-8.27,-4.92,-7.31,-8.96,-9.65,-8.05,-6.28,-7.88,-9.87,-13.1,-7.12,-5.87,-10.1,-10.64,-4.03,-4.35,-2.69,-6.97,-11.68,-4.27
197002,11.7,5.02,3.26,3.36,3.1,8.07,2.06,6.65,3.63,5.6,5.18,8.02,10.33,5.72,11.87,7.75,7.37,6.03,9.48,5.45,7.31,8.22,9.34,5.75,5.82
197003,-3.45,-4.36,-3.13,-1.85,-4.21,-0.26,0.81,1.14,-2.59,-4.57,0.88,3.79,1.5,1.98,-1.13,0.84,0.8,1.32,-1.28,2.07,1.63,2.15,1.55,-0.01,0.14
197004,-18.16,-12.4,-9.2,-11.29,-17.55,-12.11,-5.29,-10.37,-12.88,-15.24,-8.05,-7.58,-11.04,-10.74,-17.62,-7.88,-8.4,-7.33,-8.24,-3.97,-9.66,-7.64,-7.57,-11.64,-10.7
197005,-11.76,-9.85,-7.79,-8.3,-10.26,-5.44,-3.16,-7.46,-10.28,-13.27,-6.82,-5.42,-8.53,-4.1,-7.77,-2.67,-3.45,1.96,-5.83,-11.7,-5.2,-4.24,-6.8,0.34,-10.32
197006,-5.38,2.07,-5.57,-6.72,-8.88,-5.56,-1.44,-3.3,-9.01,-8.87,-2.09,-3.32,-5.31,-3.91,-12.88,-3.7,-4.06,-2.6,-0.06,2.42,-10.48,-8.67,-5.19,-1.27,-17.01
197007,12.05,8.71,1.55,7.82,4.17,7.45,8.53,9.51,5.19,8.31,11.4,8.6,9,7.18,6.51,9.69,10.68,10.42,7.34,11.74,5.7,7.25,8.78,7.36,12.36
197008,3.53,2.63,2.81,4.46,7.77,3.37,8.01,4.25,6.49,4.17,3.94,3.22,6.83,4.59,2.04,3.99,6.73,2.76,7.45,9.16,6.9,6.11,5.4,8.1,4.97
197009,7.3,6.26,7.78,5.61,12.11,8.47,-0.58,3.63,5.69,6.28,1.39,4.58,-1.04,0.73,11.71,3.95,1.44,-0.82,4.21,8.11,5.31,5.06,5.63,10.59,9.07
197010,0.24,0.19,0.99,-1.17,-4.12,-2.29,-2.36,-2.19,-2.02,0,-2.4,-4.78,-2.65,-4.35,-9.83,-2,2.28,-3.11,-1.98,-1.83,-3.86,-4.31,-3.4,-8.81,-9.85
197011,3.77,7.86,4.4,3.5,4.8,4.96,6.67,5.43,5.9,3.52,4.2,4.78,5.46,5.26,4.29,4.19,5.92,6.56,5.37,2.77,2.95,8.39,2.01,0.87,3.01
197012,6.87,2.48,5.48,6.91,3.86,6.16,5.54,8.57,7.85,7.26,7.72,8.85,7.17,8.42,9.8,6.72,4.35,7.06,10.89,6.16,9.92,6.45,6.95,9.98,6.61
197101,7,4.2,2.27,4.25,8.18,7.9,3.97,7.07,4.18,8.04,6.58,3.71,4.45,3.52,9.61,6.23,-0.28,9.14,5.95,8.2,6.1,8.74,6.39,15.86,18.62
197102,7.89,-0.32,2.51,4.19,2.15,1.95,0.85,1.06,1.62,1.66,-1.67,-0.38,0.59,3.48,3.89,2.35,4.52,-4.37,4.06,0.31,2.72,0.07,1.32,-1.43,3.39
197103,3.97,5.37,5.51,6.46,8.32,5.99,2.2,5.38,3.44,7.45,3.92,5.08,5.07,4.14,5.8,3.8,2.1,0.34,4.45,0.2,2.15,2.7,4.29,4.09,6.3
197104,7.74,3.77,2.13,4.14,4.46,4.03,6.14,4.58,1.17,5.4,5.59,0.59,0.23,-0.02,3.96,-0.07,4.32,0.61,5.93,3.52,5.82,6.65,4.91,10.38,8.42
197105,-1.46,-1.26,-3.82,-2.96,-1.36,-4.3,-3.92,-3.69,-2.94,-5.9,-3.43,-4.36,-3.76,-5.24,-5.15,-3.54,-4.66,-5.2,-6.08,-0.93,-3.99,-3.8,-5.06,-3.77,-7.99
197106,1.5,1.34,-0.39,1.82,2.63,1.02,-2.51,1.93,1.46,-1.26,-1.04,0.4,-0.02,-0.33,0.12,0.01,0.18,1.39,1.03,1.36,-0.1,-2.07,-3.74,-3.25,-4.75
197107,-4.25,-4.99,-1.5,-5.03,-5.02,-3.71,-2.96,-3.31,-5.23,-6.92,-3.08,-4.62,-2.22,-5.7,-4.36,-7.23,-4,-3.62,-3.28,-2.64,-8.71,-5.24,-0.89,-12.13,-8.07
197108,8.83,9.08,6.47,4.91,3.02,7.85,5.06,2.85,3.61,8.1,3.22,2.85,-3.08,0.76,2.31,6.71,4.83,3.42,0.64,2.52,9.56,12.19,9.11,10.97,10.45
197109,-0.44,1.1,0.95,0.07,0.9,-3.64,-0.32,-1.25,0.06,-1.09,-0.72,-0.26,-1.13,-1.62,-1.12,-1.18,-2.57,-1.06,-0.44,-1.76,-3.23,-3.5,-1.66,-2.77,-3.08
197110,-5.92,-5.39,-3.51,-1.6,-4.74,-1.73,-5.77,-5.38,-3.31,-7.8,-6.61,-4.97,-3.36,-1.73,-1.4,-5.32,-5.69,-3.15,-1.96,0.36,-5.53,-6.61,-4.79,-1.63,-5.52
197111,1.01,-0.2,1.18,1.15,0.53,3.8,-1.29,-1.14,0.75,-0.65,-1.31,-2.94,0.26,-0.23,-1.7,-2,0.55,-1.95,-0.69,-1.94,-1.7,-3.48,-2.68,-0.62,1.18
197112,4.05,6.4,8.91,10.14,10.84,5.11,10.59,11.15,9.59,9.91,9.4,11.11,8.58,8.44,10.2,11.23,8.25,7.8,7,6.86,13.41,9.97,10.76,11.26,9.26
197201,1.18,3.08,1.85,3.84,3.87,4.86,-0.32,0.44,2.79,4.14,0.91,-1.24,0.27,1,1.71,8.22,1.36,3.29,0.59,5.1,15.02,7.85,4.81,7.99,6.51
197202,0.62,2.45,8.33,3.1,5.84,3.88,3.51,2.17,2.3,2.97,2.71,2.25,1.34,0.25,1.11,2.32,2.48,2.05,-0.94,-0.91,3.21,0.57,-2.89,6.38,2.81
197203,4.63,3.69,3.23,1.88,1.21,-0.69,0.49,1.28,-0.16,1.14,-2.4,2.51,-4.25,-0.55,-1.83,-0.05,-2.7,-0.36,-0.86,-3.71,0.07,1.66,3.04,0.62,-1.24
197204,-3.75,1.51,1.36,1.09,0.97,-1.72,0.69,0.57,0.45,1.82,1.66,0.18,-0.81,-0.69,1.2,2.92,-1,2.39,-0.39,-0.04,0.78,1.22,0.15,-0.34,1.17
197205,-2.52,2.59,3.42,3.45,4.95,-1.22,-1.61,-1.25,0.45,-1.34,-0.4,-1.19,5.03,-0.11,-1.44,-1.51,1.27,0.75,0.27,-1.64,-0.75,-3.56,-3.61,2.24,1.3
197206,-2.37,-3.04,-0.74,-0.32,-0.88,0.49,-1.91,-2.55,-3.95,-2.66,-5.03,-2.25,-2.54,-2.26,-3.32,-2.71,-2.18,-2.95,-2.74,-2.4,-1.92,-6.23,-4.27,-13.06,-8.31
197207,-1.34,1.62,1.68,1.09,0.15,-2.71,1.12,-5.82,0.67,-1.95,-1.11,-2.13,0.12,-1.24,-0.21,-4.56,-1.88,0.9,-1.46,0.03,-2.76,-0.52,-2.7,0.46,-6.7
197208,-0.93,2.78,-1.78,2.11,-0.02,5.75,4.87,4.4,5.06,5.5,5.05,8.86,6.26,4.36,3.81,7.63,9,7.8,8.34,2.1,5.57,5.46,8.63,2.21,3.77
197209,-7.38,0.07,1.35,-0.18,-0.69,-3.07,-0.76,-3.14,-2.63,-1.4,-4.26,-3.34,-0.83,-0.25,0.13,-2.68,-0.6,-0.99,3.1,-1.03,-3.4,-3.79,-4.1,-1.38,-4.75
197210,-1.12,1.51,1.61,-1.17,2.22,1.02,1.92,1.56,2.95,-3.53,-1.72,3.19,2.28,1.09,3.03,-0.88,2.15,1.07,2.94,1.61,-0.54,-0.19,1.25,-0.7,-4.74
197211,3.6,1.61,1.97,3.06,0.64,5.6,3.97,7.29,3.42,9.75,7.97,7.53,5.84,8,4.7,9.86,8.73,9.26,6.35,7.71,10.2,12.05,10.03,3.46,13.3
197212,-2.42,1.67,3.8,3.61,3.13,-1.85,-0.37,-1.13,1.3,-0.89,-2.84,2.41,-0.96,-2.38,-0.53,-2.41,-2.6,0.76,0.53,-2.69,-1.82,-3.07,-1.53,-2.05,-7.42
197301,-9.47,-6.68,-2.9,0.1,-3.96,-2.03,-1.06,-5.56,-5.53,-5.53,-5.72,-2.67,1.21,-5.3,-5.64,-4.54,0.04,-2.51,1.99,-4.37,-4.28,-4.63,0.17,-2.06,-5.16
197302,-12.17,-4.67,-3.12,-1.89,-3.69,-3.77,-7.62,-5.62,-3.34,-3.96,-6.07,-6.12,-4.85,-4.48,-5.34,-4.29,-3.97,-7.89,-5.58,-3.19,-4.86,-4.54,-1.55,-3.82,-4.89
197303,-8.52,-1.07,-2.27,-0.32,-1.59,-3.08,-3.47,-0.96,-0.59,-2.55,-2.86,2.97,2.42,-1.34,-1.76,-0.56,-0.16,0.73,1.98,-0.46,1.38,1.1,1.13,-2.48,-2.14
197304,-7.11,-3.4,-4.7,-6.49,-8.13,-1.59,-6.78,-6.56,-4.38,-3.33,-4.66,-2.42,-1.2,-3.9,-3.36,-6.16,-2.38,-3.29,0.96,-3.66,-6.04,-2.86,-2.95,-1.19,-6.19
197305,-11.15,-2.12,-0.51,-0.52,-0.12,-5.03,-5.35,-2.7,0.91,-5.26,-4.36,-1.05,-1.77,-2.15,-1.25,-2.05,0.1,-4.68,-4.03,-1.56,-7.15,-4.42,-7.27,-4.83,-11.95
197306,-7.49,-2.89,-0.18,0,-1.83,-3.36,-2.14,-1.21,0.3,-1.86,-3.63,-0.52,1.59,-1.23,-2.2,-4.54,-0.82,-1.7,-0.12,-3.12,-3.44,-2.71,0.69,-2.9,-3.08
197307,7.99,6.67,7.8,4.24,12.76,4.24,6.26,8.63,5.8,9.84,8.57,2.02,-2.18,3.5,7.35,6.64,6.83,0.96,0.98,2.84,7.34,4.88,8.75,5.98,10.92
197308,-2.24,-3.96,-4.01,-3.09,-4.32,-1.61,-2.08,-4.07,-4.04,-2.88,-4.64,-4.19,-3.61,-1.95,-2.67,-2.44,-2.47,-3.08,-2.71,-4.59,1.23,-1.63,-3.78,0.13,-6.4
197309,5.2,4.2,4.95,-2.38,5.93,6.13,10.54,10.65,10.76,8.03,9.72,8.3,8.79,9.53,13.03,14.16,9.52,8.89,3.79,8.7,9.75,10.46,8.38,3.56,11.28
197310,0.09,-0.86,-0.41,1.09,-2.06,-1.21,2.7,-3.77,-0.46,0.2,5.63,2.6,-0.83,-2.1,-1.51,-0.08,2.62,-4.31,-0.81,-1.47,4.3,3.63,-1.23,-3,-0.14
197311,-16.44,-11.34,-10.83,-10.87,-16.97,-15.41,-13.75,-14.34,-18.92,-12.18,-14.41,-10.44,-12.47,-12.57,-13.69,-9.27,-14.66,-6.09,-11.2,-12.15,-10.39,-11.55,-18.67,-13.31,-19.31
197312,-4.47,-1.66,-1.84,-2.86,0.48,0.67,3.51,-2.21,-1.3,1.94,5.67,5.05,9.39,4.55,2.4,6.49,2.94,5.38,-1.06,3.04,6.94,10.36,2.12,4.7,-0.56
197401,1.18,-0.87,0.13,-2.14,-1.54,3.73,-0.99,2.4,5.88,1.32,4.45,-3.32,-2.21,3.59,4.31,-0.74,6.91,1.76,7.54,6.71,5.52,2.26,9.7,4.53,8.66
197402,-1.12,-0.86,-1.38,-1.66,-1.13,1.42,3.34,0.76,-0.98,0.7,4.75,-0.74,-1.99,1.19,2.26,-0.46,0.6,3.59,3.11,1.13,4.28,3.09,5.12,0.07,1.65
197403,1.12,-3.05,-2.34,-0.71,-2.82,-1.38,-2.83,-4.16,-3.2,-3.13,-3.74,-1.83,-1.77,-4.82,-3.94,-2.49,-1.78,-2.92,-3.87,-2.38,-2.44,-3.83,-2.26,-2.76,2.03
197404,-3.49,-4.23,-3.17,-3.25,-4.2,-5.4,-1.77,-5.58,-6.83,-5.9,-4.36,-4.07,-4.66,-7.6,-7.69,-3.05,-4.38,-6.16,-10.32,-7,-1.24,-2.15,-14.5,-7.89,-6.52
197405,-3.84,-4.42,0.84,-0.57,-3.3,-0.63,-5.19,-7.62,-5.83,-9.13,-6.13,-4.14,-5.53,-8.51,-8.59,-7.05,-4.51,-2.04,-8.04,-7.08,-8.79,-6.2,-9.55,-5.87,-9.7
197406,-4.1,-1.21,-0.26,-1.21,-4.34,-0.88,0.25,-3.42,-5.14,-8.57,-0.98,-1.81,-0.32,-5.51,-7.18,-1.8,-3.15,-1.75,-6.07,-5.11,1.91,0.77,-3.19,-8.88,-2.63
197407,-4.44,-11.55,-9.96,-11.26,-11.39,-3.17,-4.34,-5.57,-1.89,-5.41,-3.35,-1.88,-5.52,-0.34,-3.75,-4.53,-2.37,-2.97,-3.02,-5.09,-2.49,2.15,-6.56,-5.99,-3.82
197408,-7.81,-6.25,-11.07,-10.74,-9.48,-5.5,-10.93,-5.81,-8.62,-12.83,-6.33,-9.07,-1.95,-8.61,-9.54,-5.55,-6.86,-6.32,-8.9,-10.39,-6.69,-7.3,-8.62,-7.98,-8.39
197409,-7.54,-13.26,-12.87,-14.67,-17.94,-12.37,-8.32,-7.67,-11.42,-8.49,-8,-5.28,-4.2,-7.26,-6.63,-4.34,-4.95,-6.84,-5.45,-8.9,-7.82,-6.09,-7.75,-8.54,-7.86
197410,18.84,29.07,19.15,22.55,23.89,24.53,14.3,11.95,14.1,9.36,16.56,12.06,11.84,11.98,10.14,11.01,10.6,7.97,9.67,6.48,13.12,8.31,-6.73,8.1,11.08
197411,-0.22,-0.69,-4.81,-5.12,-5.13,-0.9,1.6,-3.56,-4.92,-4.8,-2.04,-3.68,-3.76,-4.21,-3.84,-1.95,-3.12,-4.15,-4.98,-3.81,-3.49,-4.2,-7.01,-8.15,-7.48
197412,-1.54,-1.38,-3.2,-4.31,-6.17,-1.26,-1.14,0.09,0.57,-6.79,0.69,0.84,0.59,-1.4,-7.88,-1.93,-1.39,-4.03,-3.19,-7.93,-6.02,-6.11,1.33,-7.23,-9.34
197501,13.52,2.95,11.1,7.92,15.2,6.96,15.37,14.91,17.85,25.35,16.17,18.47,13.87,21.87,26.14,19.1,19.24,29.59,23.77,31.84,24.94,22.85,22.08,36.51,31.53
197502,4.78,9.31,8.6,13.24,6.3,1.56,2.49,2.08,4.77,4.15,3.19,1.57,3.95,2.48,2.09,4.4,2.5,2.09,3.33,2.57,4.27,2.02,-5.56,7.26,1.41
197503,5.69,3.28,1.41,3.57,5.16,4.13,5.22,3.07,1.06,8.3,6.4,1.4,-1.81,1.07,3.99,3.87,8.49,4.87,3.81,8.36,3.95,7.63,9.45,13.66,5.63
197504,7.42,3.35,2.67,8.18,8.58,6.49,0.6,5.61,5.97,4.55,-0.63,2.28,-0.09,3.68,3.49,3.9,5.3,4.41,3.06,4.56,7.19,5.01,-0.5,-2.65,4.35
197505,6.42,8.76,5.37,4.56,4.79,9.03,9.11,6.81,9.51,3.56,9.98,4.88,4.08,8.12,4.64,5.98,0.52,3.78,5.2,9.13,2.77,2.28,4.71,5.22,9.57
197506,6.77,4.13,4.45,3.04,3.51,4.6,7.48,8.1,5.25,8.3,3.73,7.84,4.3,7.47,9.64,8.18,5.57,10.45,10.72,7.63,5.08,6.77,9.24,6.66,6.49
197507,-4.26,-7.42,-9.67,-7.59,-6.89,0.4,-7.4,-4.6,-4.18,-5.28,-3.9,-4.17,-4.76,-3.84,-4.12,-5.38,-4.12,-3.21,-4.98,-5.16,-2.7,-4.94,-2.32,-5.19,-4.43
197508,-4.86,-2.62,-1.85,-2.31,-2.59,-2.91,-3.62,-2.62,-1.32,-1.48,-5.15,-3.29,-0.15,-3.72,-2.75,-3.59,-0.98,0.79,0.06,-0.75,-5.72,-3.83,-5.18,-5.73,-8.02
197509,-4.44,-3.38,-2.94,-4.99,-5.95,-0.73,-2.97,-1.42,-2.41,-1.99,-5.22,-3.12,-2.76,-5.22,-1.54,-6.39,-4.33,-1.9,-3.22,-3.59,-4.99,-2.75,-7.48,-5.03,-2.68
197510,8.13,10.35,8.86,7.19,3.86,9.04,4.43,6.59,4.6,2.52,4.67,6.18,4.64,3.78,4.02,4.95,9.03,3.91,5.12,2.04,3.64,4.02,0.16,3.94,1.81
197511,0.23,6.53,5.06,1.73,1.43,3.05,3.59,3.11,2.58,0.73,3.79,5.62,4.28,4.99,-0.28,2.48,4.93,4.07,3.79,7.11,4.1,4.05,5.04,2.07,2.59
197512,-3.34,-3.47,-3.44,-1.47,-2.03,1.23,0.08,0.5,-0.19,1.56,-1.7,-0.98,1.79,1.71,-0.04,-0.16,0.69,0.55,-1.1,-0.29,-0.56,2.54,0.61,-3.09,1.83
197601,17.63,8.74,11.95,8.78,12.93,11.85,10.8,9.91,14.4,9.02,20.44,16.58,14.56,13.76,15.15,22.23,18.37,17.97,15.42,21,23.15,20.74,23.69,29.51,21.34
197602,5.13,-2.65,-1.52,-2.16,-1.7,3.95,4.5,1.56,-0.13,1.64,6.07,2.72,3.35,3.7,-1.63,5.08,4.11,1.14,2.05,9.71,13.49,9.68,11.07,8.81,10.63
197603,2.55,4.29,3.36,1.95,2.12,5.8,3.11,2.02,2.33,3.37,3.44,0.25,-0.17,2.05,6.45,0.55,4.42,1.43,1.22,1.15,2.95,0.89,4.52,1.67,0.21
197604,-4.06,-4.58,-3.17,-0.78,-1.09,-0.5,-2.11,0.97,0.42,-0.35,-1.33,-1.1,1.11,-2.2,3.1,-1.68,-0.9,1.91,-0.58,-1.72,-2.56,-1.4,0.21,-1.3,-1.38
197605,-2.41,-3.61,-1.05,-1.36,-0.39,-1.58,-1.1,-1.62,0.36,4.31,-0.94,-2.07,-1.23,-0.44,-0.24,-1.23,-4.92,-2.46,-1.63,-1.16,-2.33,-0.94,-1.87,-0.34,-2.54
197606,10.18,3.34,5.84,3.12,3.89,2.2,7.09,3.6,4.2,4.48,5.41,7.22,4.51,8.59,5.12,7.89,5.3,2.98,5.56,8.63,5.18,3.9,3.01,6.28,5.36
197607,-1.13,-1.32,-0.75,-1.99,-1.5,2.29,-0.92,0.89,0.6,-2.06,-2.42,-0.98,-0.4,1.24,0.77,0.08,-0.91,1.44,1.71,-1.44,2.12,1.18,0.16,3.46,0.35
197608,-2.86,-2.75,0.13,0.73,-1.73,-1.99,0.85,0.73,0.09,-0.77,-1.36,-0.32,0.65,2.82,0.75,-3.74,-2.05,0.77,-0.97,-0.27,-2.51,-0.68,0.71,-1.21,-1.02
197609,0.45,0.43,1.5,1.15,2.93,-0.74,2.67,4.66,3.71,3.45,2.46,3.54,3.64,2.37,4.56,2.39,3.73,3.56,3.58,3.32,0.48,0.5,0.76,1.69,2.2
197610,-3.81,-4.05,-1.69,-2.55,-2.31,-1.38,-1.67,-2.28,-1.37,-3.2,-4.09,-3.45,-2.12,0.69,-0.41,-1.09,-2.61,-3.11,-1.96,-1.08,-3.33,-4.65,-3.34,0.65,-0.77
197611,2.51,-1.44,0.45,-1.28,-0.61,3.88,2.36,1.17,0.87,0.37,3.16,1.88,1.9,2.32,3.84,2.09,1.1,2.56,3.23,4.1,2.81,2.21,6.78,3.68,5.22
197612,7.64,6.57,5.53,4.15,3.58,8.31,6.25,7.53,8.27,6.8,10.1,7.66,6.68,5.59,5.02,10.45,9.13,8.13,7.63,9.94,11.4,8.73,8.33,8.24,9.15
197701,-5.25,-5.73,-7,-6.7,-7.9,-1.23,-3.17,-2.41,-3,-2.47,-0.04,0.19,-0.76,-0.67,-3.02,1.15,-0.32,-1.53,0.86,1.95,3.5,3.32,0.76,1.08,2.06
197702,-4.27,-2.04,-1.62,-0.31,-2.69,-2.75,-1.18,-2.87,-3.21,-2.31,-1.11,-3,-0.99,-0.48,-1.23,-0.18,-2.79,0.62,-2.32,-0.03,-2.63,-1.24,-0.97,-1.42,-0.59
197703,2.76,-0.58,-2.42,-2.07,-1.08,-1.47,0.53,-1.47,-1.51,-0.07,0.79,-2.01,0.15,-0.55,-2.18,0.2,-1.24,0.64,1.49,-0.13,-1.89,1.84,2.89,3.44,2.39
197704,-0.76,-1.26,2.11,-4.11,-0.62,3.63,1.32,1.82,2.63,1.18,1.02,1.34,0.51,1.71,3.65,2.3,3.12,2.83,6.75,0.55,2.1,1.3,6.12,3.94,5.69
197705,-2.75,-0.31,-0.88,-3.39,-1.37,-0.15,-1.3,-0.14,-0.78,-1.96,1.07,-0.01,-1.15,1.69,-0.18,-0.36,-2.46,-0.9,0.64,-0.22,-1.55,-0.45,0.31,-0.37,-0.54
197706,5.28,4.31,4.31,6.92,6.52,5.47,3.14,4.76,4.69,4.05,2.76,6.34,3.59,2.77,4.78,5.37,4.83,4.62,4.21,5.85,5.4,7.72,3.8,6.77,7.68
197707,-0.71,0.38,-1.37,-0.59,-2.36,-2.75,-0.9,-2.48,-2.89,-2.43,-0.15,-0.41,-0.84,-0.62,-1.05,-1.59,0.45,-0.03,-1.04,0.13,-1.02,-2.77,-4.16,-2.07,0.24
197708,2.14,2.57,1.23,1.02,-0.05,-1.03,-2.21,-2.97,-3.26,-2.03,-0.53,-3.02,-2.77,-1.58,-1.29,-2.77,-3.59,-2.44,-3.82,-6.65,-2.46,-4.01,-3.72,-1.96,-0.37
197709,-0.19,-0.82,-1.4,-0.09,-0.52,-0.17,0.63,-0.22,-0.78,-0.4,-1.49,0.42,2.97,1.06,0.74,-0.07,-0.4,0.17,1.16,2.65,-1.9,1.18,-2.15,1.13,0.81
197710,-6.79,-5.29,-4.82,-3.82,-4.48,-2.35,-4.81,-3.6,-3.55,-3.57,-3.08,-3.06,-4.97,-3.41,-4.38,-3.85,-2.85,-1.88,-2.48,-2.23,-2.62,-3.55,-2,-3.78,-3.46
197711,8.47,4.86,3.81,3.44,5.22,8.23,5.58,3.16,4.45,5.55,7.31,4.45,2.88,6.44,6.23,6.83,3.24,4.82,3.44,5.84,10.8,6.25,6.66,5.09,8.88
197712,-0.37,-1.74,-0.69,1.09,0.23,1.88,0.74,1.49,1.58,-0.62,2.68,0.39,1.71,0.15,-0.28,1.76,0.7,-0.22,1.21,-0.65,0.1,2.11,1.48,1.05,-1.79
197801,-4.54,-6.52,-4.96,-5.65,-7.59,-4.44,-6.2,-6.05,-7.42,-7.42,-4.19,-4.77,-5.29,-3.42,-6.26,-2.99,-3.96,-4.18,-5.4,-4.74,-1.45,-2.72,-1.42,0.05,-1.49
197802,0.77,-2.84,-2.97,-2.48,-2.48,3.17,-0.71,-1.23,-1.1,-0.51,1.67,0.01,2.84,-0.53,1.17,2.47,-0.95,0.34,-0.58,0.09,1.42,-1.32,0.02,-2.71,1.79
197803,7.2,0.43,2.18,0.89,3.89,6.52,4.91,3.63,4.54,4.68,7.83,4.11,3.16,4.26,4.7,5.34,3.74,3.77,3.14,5.26,10.85,4.43,5.58,5.73,3.93
197804,6.57,12.28,11.57,11.35,11.23,9.49,10.17,6,9.03,9.34,9.52,6.4,4.95,3.91,4.35,7.17,3.62,5.68,5.27,8.54,9.04,4.89,8.07,5.72,10.65
197805,6.76,1.82,4.46,0.68,3.29,5.14,4.02,1.96,1.7,2.87,6.12,1.99,-0.07,1.55,3.55,4,0.17,4,1.86,0.74,8.6,2.97,2.63,4.01,4.29
197806,-2.22,-2.15,-1.35,-0.8,-1.22,-1.29,-1.48,-3.37,-2.33,-0.46,-0.16,-1.19,-2.04,0.49,0.81,-0.99,0,0.82,-1.83,-1.57,0.45,0.32,-0.97,-0.3,-0.23
197807,5.37,9.68,6.35,6.19,7.01,3.56,5.04,6.37,3.92,5.72,9.47,4.94,1.83,3.95,8.92,4.15,4.32,4.42,5.37,6.88,6.69,6.78,4.79,7.03,5
197808,4.46,4.27,0.59,4.28,6.07,5.16,3.13,4.83,4.75,5.37,6.62,5.87,4.75,2.92,6.27,5.56,2.5,4.53,3.62,5.96,6.28,2.4,5.22,4.97,2.36
197809,0.36,-4.69,-2.29,-2.16,-3.55,0.03,0.01,-0.94,0.24,-0.68,-1.04,2.84,1.64,0.46,-0.68,1.19,1.38,-0.01,-1.27,-1.24,-0.7,0.01,-2.43,1.84,1.22
197810,-22.12,-6.35,-9.44,-10.8,-16.63,-13.67,-12.49,-9.88,-12.81,-12.96,-19.54,-8.41,-7.48,-9.54,-11.19,-12.26,-10.77,-10.47,-12.15,-14.11,-17.35,-14.71,-16.03,-16.07,-14.76
197811,8.46,3.89,3.41,1.83,4.29,3.44,2.99,1.28,3.58,6.63,4.07,3.77,3.55,3.73,5.54,3.19,3.91,3.03,2.76,2.2,3.77,2.55,4.94,2.61,2.61
197812,2.04,6.81,2.19,1.65,1.94,2.77,0.14,-0.24,2.44,2.97,1.32,0.51,0.44,1.16,1.23,1.63,-1.04,0.59,2.07,2.45,0.85,-1.21,0.34,0.35,2.32
197901,5.45,3.03,3.09,2.28,4.93,7.23,8.39,4.37,4.4,5.79,7.25,5.04,4.53,4.33,5.84,8.52,5.72,6.29,6.7,8.13,9.58,9.54,11.1,7,2.34
197902,1.1,-2.95,-5.03,-4.25,-4.42,-4.49,-2.28,-4.35,-1.13,-1.26,-3.16,-2.4,-0.66,-2.95,-6.82,-1.11,-0.73,-2.84,-3.27,-4.73,-3.79,-3.32,-2.27,-2.81,-0.21
197903,13.97,5.61,3.54,4.55,9.88,8.02,7.45,6.15,6.87,7.41,10.03,6.29,2.92,7.26,7.53,9.14,7.09,5.53,7.21,8.35,9.37,7.54,7.83,9.83,8.51
197904,2,-0.58,0.55,0.23,1.61,-0.13,-1.19,1.07,2.53,0.96,0.11,0.25,-1.46,2.92,0.01,2.92,2.4,1.66,-0.97,1.36,1.59,0.07,-0.38,0.61,4.63
197905,-1.84,-2.12,-3.42,-1.72,-1,-2,-0.65,-1.14,-1.92,-0.12,0.28,-2.47,-0.39,-1.21,-1.68,-0.67,-1.24,-2.73,0.13,3.42,-2.06,-0.82,-0.95,-0.06,-1.84
197906,5.05,-0.91,3.05,3.75,6.23,3.49,5.26,3.72,7,5.74,6.36,6.09,3.86,6.41,4.34,6.85,7.46,6.57,4.1,8.82,4.84,3.15,6.3,4.8,6.32
197907,3.79,-2.53,2.09,0.42,1.32,1.91,1.29,2.82,2.68,1.19,4.2,1.22,1.4,3.99,3.96,2.53,1.54,2.35,1.3,2.74,3.82,4.27,3.16,-0.16,5.49
197908,10.19,3.26,8.14,7.2,9.36,7.62,6.69,7.83,6.26,8.61,4.53,3.71,5.78,5.31,9.3,5.44,5.6,5.04,6.23,6.64,8.35,4.71,5.96,7.73,6.82
197909,-1.13,-2.03,-0.85,-2.32,0.7,0.14,2.09,0.88,-0.35,-0.2,-1.77,1.84,1.14,0.13,-0.19,0.25,-1.1,0.02,1.49,-1.32,2.77,-1.77,-1.78,-2.21,-5.67
197910,-9.3,-6.62,-6.97,-6.66,-7.07,-7.9,-1.84,-8.18,-8.27,-8.4,-7.77,-4.4,-7.56,-9.39,-9.33,-8.11,-8.31,-9.31,-6.04,-10.47,-8.59,-8.57,-10.21,-10.61,-12.19
197911,12.23,5.06,6.49,5.01,10.68,7.92,7.21,7.79,6.38,7.41,9.47,4.21,3.36,7.29,8.75,7.05,5.6,7.28,8.39,7.66,5.13,3.09,1.09,5.78,7.6
197912,11.1,2.03,2.6,1.74,5.5,7.96,1.22,4.41,4.25,5.88,4.36,-1.47,2.16,0.91,4.52,3.19,1.24,2.57,-0.05,4.24,4.51,2.43,4.48,3.87,5.7
198001,8.62,6.95,3.23,1.38,7.09,4.63,10.19,8.47,3.4,9.56,6.43,3.7,7.74,7.23,7.6,4.76,7.98,3.48,6.95,4.81,12.38,8.23,8.59,6.17,7.63
198002,1.19,-5.68,-2.91,-4.78,-1.15,-2.92,6.65,-0.84,-3.18,-4.33,-3.23,6.89,1.13,-3.92,-0.68,-1.89,1.91,-3.77,-0.39,-3.63,5.13,-0.03,-5.67,-0.11,-3.75
198003,-18.25,-11.17,-5.93,-5.11,-13.18,-13.4,-13.02,-12.49,-10.5,-14.22,-12.29,-9.46,-12.16,-8.91,-17.25,-11.75,-13.13,-11.96,-9.96,-11.93,-19.26,-12.82,-10.59,-16.34,-19.76
198004,6.72,-0.29,3.71,5.06,5.23,3.59,4.84,4.54,4.91,1.58,7.93,6.72,3.94,5.44,7.85,7.68,8.14,6.53,10.85,6.24,4.46,4.39,4.43,6.57,2.62
198005,3.99,3.85,6.68,6.14,6.23,7.6,4.43,7.17,5.24,8.05,7.34,5.62,5.42,6.56,9.24,6.05,4.72,7.12,3.28,8.47,8.1,8.09,4.56,12.26,9.1
198006,4.7,5.02,1.37,1.51,5.24,4.83,5.75,3.13,3.76,2.88,2.99,0.5,4.04,4.92,4.66,1.94,3.52,3.93,7.84,5.44,0.09,2.62,2.11,9.67,5.09
198007,7.81,10.1,10.54,10.64,14.43,7.98,6.93,5.19,5.79,9.6,8.16,2.7,5.97,5.29,2.89,8.63,2.41,1.62,5.08,8.73,11.47,4.56,1.79,1.37,12.09
198008,5.32,6.93,0.02,4.04,5.23,6.6,2.57,2.19,1.33,0.66,3.59,2.18,0.66,1.73,2.37,1.62,2.66,2.08,-1.51,1.42,0.58,0.9,1.21,0.91,0.29
198009,2.54,5.75,2.39,2.02,7.12,3.55,5.95,5.69,5.97,3.95,2.65,2.23,3.58,0.8,10.04,-1.04,-1.14,-0.22,-0.28,-0.04,1.84,1.11,-1.64,-1.25,1.99
198010,4.54,1.7,0.05,2.02,2.19,4.85,5.63,2.57,4.61,0.77,0.08,2.55,3.82,4.9,4.48,-4.01,-1.78,0.25,2.32,2.03,0.69,1.73,1.41,-0.69,1.09
198011,15.77,14.86,6.92,9.32,15.71,14.27,12.17,13.18,15.75,10.79,4.75,16.34,14.1,14.07,20.98,-0.63,1.39,12.61,3.01,2.69,-0.06,5.59,2.62,-0.95,3.68
198012,-1.89,-3.11,-0.05,-0.02,-3.43,1.12,-6.67,-3.99,-6.4,-3.87,-1.37,-5.77,-1.58,-5.73,-5.6,-0.09,0.38,-4.14,0.51,0.19,-2.05,-1.23,-0.87,2.56,-5.63
198101,-3.14,-8.78,-3.33,-5.44,-7.81,-7.55,-4.5,-6.18,-7.78,-6.33,-1.59,-2.08,-4.26,-4.08,-12.09,0.39,4.88,-4.25,-0.79,0.39,3.89,1.44,5.5,0.94,3.62
198102,3.81,1.69,4.47,2.5,0.78,0.43,6.87,1.85,1.21,-3.36,1.26,3.58,1.55,-2.14,1.9,5.07,1.94,1.59,2.19,1.84,3.01,-0.19,2.85,0.42,-0.82
198103,1.5,8.26,4.24,2.7,7.14,6.52,2.49,2.74,4.67,6.71,7.62,0.26,6.86,0.51,1.01,11.95,3.12,1.7,8.15,9.97,12.31,6.03,6.59,6.89,11.28
198104,-2.25,-0.72,-2.41,-2.43,0.68,-3.07,-1.02,-2.85,-5.56,-0.28,-0.77,0.02,-4.25,0.24,-5.21,1.33,4.53,-0.39,1.54,2.1,0.31,0.43,0.18,0.76,2.49
198105,-1.33,1.23,0.79,2.22,4.57,2.57,-1.32,-1.29,-1.57,0.2,1.35,-2.18,-0.6,-1.44,2.77,2.56,4.44,1.06,2.37,2.05,1.79,1.85,2.84,3.76,4.06
198106,-4.72,-3.43,-3.09,-3.38,-7.84,-4.93,0.89,0.91,1.71,-0.44,-1.36,1.45,3.11,3.24,2.9,-0.53,-1.05,2.31,1.87,0.88,-0.88,0.16,1.55,0.77,-6.26
198107,3.22,-3.01,0.71,1.93,1.39,0.12,0.16,-2.6,3.03,3.91,-4.99,-4.75,-2.75,-0.2,-0.28,-2.42,-1.19,-2.87,-4.18,-1.72,-4.15,-0.93,0.09,1.25,-5.34
198108,-6.82,-0.47,-6.3,-6.77,-9.22,-8.92,-8.06,-5.75,-7.2,-5.37,-5.4,-5.51,-6.44,-4.6,-6.73,-8.83,-5.91,-3.68,-4.92,-3.26,-6.4,-3.22,-0.12,-1.41,-8.44
198109,-8.52,-3.63,-6.33,-6.74,-9.44,-8.9,-4.23,-4.64,-5.9,-9.4,-5.58,-5.38,-6.69,-6.37,-8.43,-0.04,-4.28,-2.32,-0.28,-5.25,-5.63,-5.05,1.73,-5.26,-4.44
198110,13.15,-1.16,9.11,8.24,11.46,5.5,6.3,3.59,8.38,10.06,5.66,5.09,4.95,0.85,8.58,5.29,0.62,4.8,4.9,3.97,1.95,5,3.69,6.2,13.59
198111,-0.79,6.77,4.48,3.67,1.41,4.3,3.59,6.66,4.54,6.95,5.91,2.61,3.28,5.71,5.44,6.93,4.19,4.66,5.83,5.75,3.39,4.77,3.94,4.98,6.1
198112,0.88,2.22,-2.64,-3.64,-4.46,-2.71,1.04,-2.99,-3.56,-4.62,-1.56,-3.27,-1.72,-4.1,-2.81,-1.85,-1.28,-2.1,-3.88,-2.58,-1.21,-2.4,-1.95,-2.8,-2.3
198201,-4.18,9.08,-2.49,-3.27,-4.55,-4.22,-4.69,-1.51,-2,-8.26,-3.13,-3.41,-4.3,-1.93,-5.31,-1.49,-1.52,-2.32,0.48,-1.42,-1.42,-0.67,1.71,2.72,-1.77
198202,-1.83,-2.12,-4.88,-8.22,-10.27,-5.71,-9.51,-4.12,-6.75,-7.78,-2.83,-1.96,-3.22,-2.1,-4.92,-5.46,-1.61,1.05,-1.98,-0.61,-1.44,-0.16,-3.51,1.89,-5.82
198203,-1.08,-3.12,-2.4,-3.31,-3.81,-2.57,-0.59,2.35,1.43,-3.74,-0.81,-0.88,1.03,-2.34,-0.24,-2.48,3.72,1.03,-0.16,0.34,3.48,1.04,2.52,1.85,-7.34
198204,9.23,6.56,6.24,6.5,6.82,6.66,6.38,1.67,4.82,4.5,5.93,4.64,3.3,1.85,5.73,6.2,3.75,3.55,1.62,3.21,5.6,4.82,-0.76,3.56,8.31
198205,-5.39,-2.46,-3.71,-4.08,-4.88,-3.79,-1.83,-4.31,-2.45,0.95,-3.85,-2.37,-4.03,0.29,-3.97,-5.15,-1.01,-3.7,-7.32,-2.19,-2.67,-2.3,-0.54,-2.13,-7.44
198206,-3.26,-0.78,-0.81,-3.11,-5.58,-3.21,-0.74,4.83,-2.02,-5.88,-2.01,-0.43,-0.74,-0.82,0.8,-1.36,-1.36,-1.63,-2.9,-0.25,2.14,-1.64,-2.92,-2.18,-4.28
198207,-1.2,2.71,3.45,-0.06,-3.48,-0.47,1.49,-1.52,-4.16,-6.71,-2,-3.88,-2.94,-3.24,-5.15,-1.57,-2.04,-2.04,-1.73,-5.24,-3.67,-2.04,0.33,-2.97,-2.46
198208,12.63,5.59,9.46,13.11,10.82,14.7,11.85,11.1,10.77,12.69,10.18,12.13,12.19,11.55,15.11,13.34,12.94,12.15,13.56,17.04,12.94,10.54,12.09,10.46,15.17
198209,1.28,2.61,3.1,1.47,1.53,3.37,2.68,2.29,1.83,3,3.33,3.7,2.28,3.83,-0.47,0.4,2.35,0.36,-0.82,2.29,-1.94,2.88,1.6,0.86,-0.26
198210,14.38,11.18,10.14,10.17,17.4,17.95,11.44,10.21,11.07,14.08,11.48,11.77,11.67,9.28,12.04,16.18,12.76,8.81,14.97,14.49,16.29,9.69,3.36,9.87,10.62
198211,8.6,9.92,6.65,6.4,9.11,11.07,5.74,5.44,2.9,7.24,4.47,3.73,4.79,0.85,1.67,6.77,3.47,2.69,6.57,3.53,8.86,3.99,1.29,5.44,14.76
198212,-0.35,1.4,5.6,2.05,-0.7,-0.58,1.62,-1.59,1.91,-1.94,1.35,1.7,-1.16,3.55,-0.11,-1.65,0.55,0.31,1.48,0.3,5.31,3.4,4.68,2.63,2.86
198301,11.69,-0.85,2.34,0.89,6.55,8.55,0.54,2.03,4.34,2.95,4.15,1.62,3.98,4.2,7.37,4.27,4.31,7.59,3.98,0.81,3.13,3.56,3.61,2.67,3.18
198302,1.95,2.99,2.84,3.88,3.39,1.58,3.02,5.2,4.52,3.06,6.48,5.4,5.07,1.01,2.38,5.51,2.08,1,1.39,4.68,1.99,5.02,4.44,3.94,4.28
198303,2.36,6.54,3.16,2.77,1.97,5.36,4.93,0.82,2.89,3.67,4.36,6.21,4.68,3.63,2.87,6.29,6.09,2.92,1.82,8.27,6.08,4.23,1.4,3.47,4.48
198304,9.04,4.93,9.04,4.63,5.56,3.73,4.17,6.62,6.81,7.3,9.04,8.2,8.59,9.11,7.05,9.84,7.45,7.94,9.13,11.52,10.61,7.12,4.87,6.93,5.01
198305,2.6,1.17,-2.41,0.11,5.04,2.88,-1.67,-2.29,0.09,3.78,1.67,-1.48,1.3,1.4,6.44,2.38,-1.59,-0.5,-0.48,0.14,2.16,1.17,3.03,1.88,4.33
198306,5.97,1.57,6.77,6.53,5.07,1.14,3.55,5.31,6.83,4.91,3.62,2.28,3.66,3.38,3.19,1.7,0.23,-0.69,4.71,5.01,5.83,1.39,-1.29,-0.56,6.89
198307,-4.65,-6.72,-4.41,-2.93,-6.75,-2.27,-1.89,-3.69,-6.58,-7.96,-1.89,-4.04,-2.91,-4.57,-0.24,-0.19,0.4,1.3,-1.54,-1.63,0.41,-0.48,-3.35,0.87,1.49
198308,-6.35,0.38,-1.04,-1.01,-3.23,-0.6,-3.28,-1.91,1.28,-3.05,0.5,1.32,-2.81,0.7,1.06,-1.37,4.82,4.01,1.66,0.52,1.19,6.37,6.02,1.96,5.65
198309,0.66,3.99,1.87,4.71,0.15,2.96,5.08,4.47,-0.56,-0.06,1.37,1.37,1.86,2.69,3.74,3,-1.01,-0.23,0.93,2.69,2.75,-0.3,0.88,5.1,1.74
198310,-6.47,-1.96,-3.72,-1.32,-8.73,-2.85,-1.97,-0.23,-5.78,-3.89,-2.49,-3.17,0.96,-2.21,-1.07,-2.92,0.13,-0.05,-0.75,-0.57,-1.34,0.96,-2.89,2.1,-1.1
198311,4.77,6.22,6.55,-1.85,5.19,4.72,3.66,1.53,3.77,3.68,3.41,7.1,2.13,5.93,-1.26,7.26,3.22,3.15,-0.55,1.76,2.92,1.69,2.04,0.09,2.76
198312,-2.24,-0.97,-2.66,-0.15,-1.88,-0.46,-0.15,0.33,-0.31,-0.34,0.87,-1.91,-2.43,-2.7,-1.22,1.33,-0.47,-1.58,-1.73,-2.53,0.86,-0.57,1.19,-1.4,1.2
198401,-4.73,-5.23,-5.37,-5.54,-7.02,-1.08,-3,-1.19,-1.03,-1.61,-2.75,-3.9,4.21,-0.88,1.06,-1.83,0.84,2.27,1.79,0.23,-0.01,5.16,7.88,0.47,1.9
198402,-7.35,-3.68,-5.18,-3.15,-6.39,-4.64,-6.62,-5.96,-5.54,-7.41,-8.64,-4.32,-2.11,-4.4,-6.82,-6.04,-3.11,-2,-1.92,-2.89,-6.7,4.42,-1.76,-2.84,-4.66
198403,3.71,1.37,0.99,2.56,-0.22,0.28,1.96,2.39,2.45,3.28,5.11,5.56,-1.91,0.22,-0.79,4.44,1.64,1.8,0.46,1.4,2.16,1.91,-3.18,2.26,8.12
198404,-6.35,0.7,1.67,0.78,0.58,-1.02,-0.27,0.38,-0.78,-0.09,-0.02,0.26,2.05,-0.76,1.31,-2.92,4.19,-0.31,0.08,-4.92,-2.18,2.58,2.03,-0.57,-1.67
198405,-5.76,-4.19,-3.05,-5.7,-5.36,-3.79,-4.87,-3.9,-1.96,-5.33,-8.02,-8.94,-4.13,-7.06,-3.51,-5.8,-5.07,-4.22,-1.9,-5.2,-7.68,-6.32,-6.48,-4.08,-4.2
198406,4.78,3.1,5.05,2.85,5.46,4.04,4.35,6.36,5.47,3.92,1.78,0.04,3.22,3.78,-0.93,0.59,0.44,0.73,-2,-0.93,0.82,1.06,8.48,1.36,-4.12
198407,-7.39,-3.37,-0.9,1.61,-3.91,-5.1,-1.18,-3.06,-1.82,-3.92,-5.9,-2.45,-0.35,2.19,0.51,-5.89,-4.15,-0.98,-1.78,-4.18,-5.57,-2.73,-0.39,0.4,-2.49
198408,13.34,12.54,9.13,12.02,13.15,12.71,8.26,10.89,9.89,15.66,10.55,12.85,9.82,9.51,10.8,13.82,11.36,10.13,10.59,11.35,16.57,10.87,11.25,8.86,14.71
198409,-0.15,-3.81,-1.18,-1.57,-5,-1.62,-1.27,-0.87,-0.92,-1.61,-0.61,-2.35,0.8,1.9,0.15,-0.34,1.71,2.38,3.05,1.69,0.96,2.64,4.47,6.03,2.24
198410,-2.27,2.54,2.29,0.34,-2.27,-1.09,2.35,2.65,0.78,1.42,0.75,0.6,1.13,2.55,-0.64,-2.43,-0.96,-0.83,2.61,1.95,-1.2,-4.16,1.32,4.89,-0.81
198411,-3.99,-1.44,-1.07,-2.64,-5.31,-0.2,0.82,-1.35,-0.25,-4.02,-0.52,-1.63,-2.02,-1.37,-0.51,-1.24,-0.1,-1.14,0.29,1.16,-2.11,1.69,2.2,2.82,0.63
198412,1.45,1.49,3.99,2.54,2.37,0.68,1.73,2.89,2.59,2.68,1.36,2.09,0.45,4.59,2.37,0,3.83,1.88,4.05,3.18,-4.12,1.99,2.19,3.76,3.31
198501,13.03,8.43,7.87,10.11,14.56,11.31,3.97,9.59,9.88,14.68,7.03,7.52,8.23,8.24,9.32,9.14,6.61,8.32,6.63,8.27,7.98,5.26,3.61,4.08,10.9
198502,2.13,-1.29,1.72,1.21,0.9,1.93,2.55,2.16,1.59,2.18,3.36,1.98,2.62,-0.19,1.75,3.74,2.22,2.59,2.25,2.32,3.13,2.86,2.12,1.21,-0.96
198503,2.66,0.07,-0.51,-2.44,-4,-0.53,1.06,-0.96,0.85,-2.07,2.63,-1.68,0.13,-2.31,-0.77,-2.43,2.27,0.31,0.46,1.14,0.93,2.98,1.25,4.6,-1.99
198504,-2.28,-4.7,-0.43,-1.1,-2.75,-2.66,-3.06,-3.12,-1.7,-1.2,-2.77,0.51,-0.01,-2.02,0.77,-0.84,0.98,1.66,2.07,2.96,0.49,2.48,4.63,1.39,-1.64
198505,5.23,4.86,5.87,5.43,5.88,3.77,5.19,7.97,7.35,6.27,5.16,6.76,8.82,7.37,8.65,3.85,5.72,3.77,8.93,3.5,1.68,3.08,5.04,6.88,11.23
198506,3.37,2.87,1.46,-0.56,2,2.32,0.31,2.82,3.04,3.37,1.48,2.19,0.64,1.97,2.89,0.38,0.5,1.32,2.33,2.76,-0.96,1.59,2.9,4.67,2.52
198507,-2.53,-0.38,0.35,2.18,0.35,-1.38,1.2,1.01,0.15,1.44,-2.27,0.28,0.08,-0.51,0.85,1.84,-2.2,-1.23,-2.91,-1.44,2.16,1.75,-1.51,-2.51,-2.12
198508,-0.29,0.09,-1.67,-1.43,-3.36,0.82,-0.19,0.61,-1.43,-1.09,-0.08,0.08,0,-0.85,0.89,-0.35,1.5,-0.05,0.08,-2.43,-0.18,0.51,0.48,0.07,1.72
198509,-3.53,-3.8,-3.98,-3.41,-6.82,-0.57,-3.14,-2.6,-5.67,-4.35,-2,0.14,-3,-4.04,-5.56,-2.97,-2.44,-4.64,-6.39,-5.55,-4.55,-3.19,-4.83,-4.08,-3.31
198510,2.32,5.18,3.92,3.79,3.88,2.5,4.42,6.09,4.61,3.38,1.78,6.01,6.03,4.43,3.71,4.2,5.17,5.83,8.5,4.63,0.63,1.93,7.22,7.53,8.32
198511,6.34,8.31,10.48,9.18,9.92,9.61,8.55,8.35,5.88,6.84,9.06,5.92,7.01,7.85,8.62,4.87,2.42,6.03,5.05,7.81,5.28,6.55,5.56,5.35,-3.84
198512,5.75,3.2,6.95,7.51,4.48,4.06,4.82,3.12,3.92,5.45,4.61,5.52,3.72,3.83,3.65,2.39,2.35,4.34,6.34,3.55,3.52,2.79,5.13,3.72,-0.6
198601,6.2,1.21,-0.81,-0.66,2.39,0.36,1.85,1.09,0.19,3.96,-5.46,2.47,2.33,4.91,2.84,-4.35,-2.12,3.76,3.12,0.81,-5.11,2.51,4.37,3.96,-1.48
198602,6.99,5.92,10.02,5.46,9.03,11.28,8.33,9.77,9.06,8.62,5.91,8.06,8.59,7.97,9.35,8.44,4.87,6.42,7.84,9.82,6.6,7.05,8.57,7.58,4.8
198603,8.47,8.76,7.06,4.31,4.9,7.9,8.97,6.61,9.06,2.18,1.66,5.7,5.74,6.23,8.91,5.35,3.65,4.74,6.44,5.48,2.29,4.49,3.93,5.12,1.4
198604,1.72,2.28,-1.68,1.96,0.88,-1.08,0.84,-1.47,1.19,0.72,4.22,-0.15,-2.74,-3.98,-3.93,-0.49,-1.42,-1.76,-3.36,-5.92,-1.98,-3.34,-5.25,-4.86,1.09
198605,8.62,6.04,6.7,3,6.02,6.65,5.24,5.68,5.65,3.01,3.44,5.15,5.21,2.83,4.92,6.68,6.03,5.12,4.79,6.72,3.49,6.7,2.31,4.29,5.51
198606,3.4,5.48,4.15,1.74,-1.32,3.65,1.45,1.4,2.35,-2.3,0.84,2.13,3.01,-0.94,-0.7,0.88,0.96,1.89,2.24,0.13,-3.28,-0.4,2.2,3.21,-0.56
198607,-7.79,-7.46,-6.66,-6.58,-9.18,-8.98,-6.9,-7.07,-4.53,-7.49,-8.99,-5.4,-6.85,-4.81,-6.32,-11.02,-2.44,-0.86,-5.86,-5.96,-12.3,-3.51,0.74,-0.5,-10.91
198608,2.13,4.07,5.37,3.42,4.04,9.26,6.47,6.03,3.9,5.65,10.72,5.17,7.43,4.76,5.91,13.84,9.68,9.54,7.78,9.5,12.02,10.2,10.18,9.91,6.24
198609,-7.69,-9.26,-11.25,-11.54,-8.27,-4.47,-5.93,-11.86,-9.28,-10.24,-7.42,-5.3,-4.58,-8.86,-7.78,-1.73,-6.89,-7.86,-10.63,-3.9,0.95,-5.56,-8.48,-7.52,-5.83
198610,6.8,7.5,7.17,6.97,2.28,2.47,4.99,6.63,7.52,6.63,4.16,7.85,3.92,5.96,4.26,5.78,5.53,3.19,5.02,5.02,4.86,5.76,4.64,6.72,3.46
198611,-0.64,0.8,4.37,1.12,1.6,3.04,2.27,1.95,1.26,0.37,2.01,5.83,1.25,2.02,-0.41,-0.01,1.38,2.27,1.49,1.76,-0.96,1.51,2.21,0.15,3.81
198612,-4.49,-4.11,-0.33,-1.05,-3.92,-2.03,-3.95,-3.27,-1.2,-2.12,-2.58,-3.89,-3.9,-4,-4.21,-2.77,-3.23,-1.64,-3.52,-4.03,-0.68,-1.66,-3.79,-2.24,-6.91
198701,13.88,16.12,14.85,12.93,12.38,12.53,15.74,14.35,18.22,13.49,11.41,6.48,11.87,9.85,14.31,15.59,11.04,13.44,10.87,9.41,13.2,10.08,10.08,15.65,11.77
198702,8.28,5.98,7.12,8.39,9.57,6.06,7.81,7.58,5.13,6.22,6.03,0.63,3.86,7.09,2.89,4.45,0.45,-1.16,3.05,5.99,4.54,-2.07,-2.01,2.91,4
198703,1.5,-1.38,0.8,1.16,2.06,8.09,3.1,1.62,2.4,-0.21,2.91,4.36,1.15,-1.39,0.61,6.62,4.29,2.73,-0.76,-0.62,7.24,7.17,0.2,2.03,2.01
198704,-3.9,-0.42,-2.04,-2.89,-0.87,1.3,-0.31,-2.03,-0.55,-4.11,0.06,2.36,-2.26,-4.45,-4.34,-0.11,-1.62,-1.7,-0.86,2.94,-0.2,-2.78,-3.44,0.44,9.59
198705,1.57,2.72,2.43,1.63,1.07,-0.57,1.37,0.44,-1.46,-1.02,2.87,0.93,-0.94,0.51,-1.54,5.16,0.36,-0.13,-0.76,2.17,2.9,2.08,-0.12,-0.18,-2.81
198706,3.04,6.4,5.92,4.01,3.2,5.64,2.75,4.4,4.54,5.31,3.32,4.54,6.86,6.54,4.46,4.4,5.24,5.84,2.92,2.49,4.5,5.72,5.18,5.92,-0.9
198707,5.47,7.84,4.14,4.98,5.22,2.73,6.93,2.51,3.83,2.58,10.83,6.58,3.44,5.72,2.7,5.15,2.16,0.78,5.04,6.27,4.76,4.56,1.56,4.93,0.12
198708,1.58,9.89,3.42,4.07,4.62,2.69,5.6,4.49,4.47,5.16,4.04,0.74,3.67,5.31,4.02,3.62,5.46,4.38,2.85,2.53,-0.86,3.48,2.23,5.36,4.13
198709,0.65,1.39,-1.7,-2.38,-3.85,0.07,0.46,-6.53,-2.49,-2.42,0.2,1.06,-1.86,0.34,-1.88,-1.04,-2.14,-0.56,-3.82,-3.97,-4.02,2.97,0.25,-6.59,-0.45
198710,-26.72,-19.62,-23.37,-21.81,-26.43,-26.77,-26,-22.21,-26.7,-24.81,-21.13,-25.12,-22.56,-23.16,-25.78,-21.14,-13.73,-11.77,-24.77,-26.45,-22.65,-19.64,-15.8,-24.66,-24.53
198711,-6.08,-8,-8,-9.26,-9.69,-9.19,-4.02,-9.23,-5.45,-8.47,-5.57,-5.45,-8.63,-7.54,-5.98,-8.71,-7.32,-6.14,-5.26,-5.61,-9.74,-4.72,-4.07,-4.93,-3.28
198712,7.24,-0.35,11.69,10.43,10.01,5.78,8.23,8.54,9.54,7.19,5.88,9.3,8.09,8.62,7.79,4.31,3.24,2.08,5.14,6.95,10.65,4.55,2.38,4.61,5.07
198801,5.6,0.05,3.19,1.8,1.8,3.72,-1.86,-0.2,6.66,5.74,7.96,7.16,2.09,5.45,5.95,6.52,9.01,10.52,6.97,2.52,6.82,5.94,8.39,10.96,8.02
198802,5.06,7.92,6.18,3.75,6.54,10.97,8.8,5.81,7.85,4.25,1.87,8.03,5.04,6.31,6.46,3.62,2.86,0.89,4.58,6.71,5.82,5.13,-0.27,4.92,2.97
198803,-2.58,-2.9,-2.89,-2.62,-3.91,3.24,-1.43,-3.79,-1.87,-1.89,-4.27,-0.45,-2.08,-2.03,0.08,-0.61,-2.86,-3.87,-4.01,1.92,4.78,0.6,-1.32,-2.89,-1.76
198804,-0.5,-1,-0.25,-0.64,-0.38,1.07,0.72,2.84,0.46,-0.68,0.89,1.64,2.46,1.96,0.01,2.8,2.85,-0.19,2.15,1.09,3.28,1.27,-0.59,4.19,1.39
198805,0.57,-1.26,-1.05,-0.29,0.01,1.39,-1.42,0.19,-1.01,0.52,0.32,-0.69,-0.24,-0.42,-1.71,0.15,1.85,3.66,3.84,-0.08,-0.55,3.05,4.53,1.15,0.17
198806,2.5,3.85,3.43,4.1,7.41,6.6,5.16,9.65,5.43,5.92,3.33,4.99,7.02,5.69,7.63,1.28,2.64,4.34,5.11,6.38,-1.6,5.25,6.69,8.68,6.88
198807,-0.73,-2.3,0.65,-1.3,-3.04,-2.51,0.15,-2.05,-1.62,-2.39,-1.48,0.69,0.9,-0.58,-0.76,0.6,-0.31,-0.42,0.49,-0.29,0.37,2.51,0.39,-0.32,-2.57
198808,-1.44,-2.17,-1.34,-2.76,-5.12,-5.98,-2.98,-5.3,-4.55,-3.9,-2.04,-2.34,-1.74,-1.56,-2.32,0.12,-1.56,0.59,-4.21,0.69,-0.42,-2.46,-0.62,-4.32,-0.53
198809,3.28,7.33,5.62,5.67,3.95,1.29,4.87,4.01,4.26,4.72,2.56,3.82,-0.01,5.87,1.94,1.38,3.2,4.71,4.71,2.3,4.85,3.74,3.97,2.45,6.12
198810,-0.64,0.54,1.07,2.61,-1.53,0.72,10.65,3.78,1.55,1.46,0.28,1.86,1.13,1.06,0.03,2,1.38,1.71,4.12,0.24,3.54,3.48,0.14,5.97,2.47
198811,-4.54,-2.53,-1.06,-1.54,-3.03,-0.24,2.67,-2.46,-3.36,-3.38,-2.78,-2.68,-2.31,-1.9,-2.32,-0.87,-0.16,-1.15,-1.06,-3.15,-1.22,-0.96,0.53,0.41,-3.06
198812,3.13,4.56,2.97,1.36,4.73,3.91,-0.83,2.66,3.27,4.55,2.13,2.18,2.57,0.83,0.71,1.81,1.52,0.33,0,2.4,0.74,1.8,-0.02,0.73,-1.42
198901,6.44,5.44,6.19,7.96,6.75,6.76,8.73,6.04,5.66,5.5,4.73,5.98,6.69,4.83,5.74,4.86,5.52,6.41,6.83,9.3,12.48,6.71,5.43,7.95,10.47
198902,-2.29,-0.67,-1.93,-2.74,-2.66,-0.36,-0.95,-3.05,-1.62,-1.49,0.65,-1.25,-2.83,-1.17,-1.06,1.31,-1.35,-0.18,-3.28,-0.77,0.92,-1.69,-0.38,-1.61,-2.67
198903,3.39,3.33,5.42,1.62,1.2,1.31,4.47,-3.79,2.22,3.61,2.51,4.66,2.45,3.9,3.47,2.43,3.3,1.84,0.75,2.89,4.28,2.18,2.06,0.04,2.01
198904,4.52,6.66,5.51,5.85,6.35,5.24,6.4,3.75,5.72,5.26,4.25,6.18,2.1,7.26,3.75,2.79,5.23,5.33,2.52,3.62,5.64,3.86,5.41,2.79,2.77
198905,4.2,4.08,4.39,4.64,5.49,2.92,3.96,1.79,5.28,2.91,5.14,5.79,2.32,5,2.98,4.05,4.46,5.6,2.41,3.52,6.37,3.88,4.84,1.97,3.28
198906,-0.68,2.29,1.83,-1.6,-3.54,-0.34,-1.82,0.05,-0.39,-1.82,-1.86,-0.92,-0.09,-2.25,-0.34,0.16,0.67,-0.67,-2.47,-0.41,0.72,0.6,1.51,2.05,1.58
198907,10.14,11.21,10.49,9.7,9.5,14.06,7.62,9.18,6.67,9.52,6.63,5.33,6.42,7.1,6.06,6.25,8.26,6.24,6.33,5.77,5.83,5.16,6.54,7.91,5.37
198908,-0.32,-0.04,-0.43,0.22,2.69,2.57,5.33,1.83,2.68,1.76,6.05,0.83,3.97,3.31,2.98,2.91,-0.09,3.86,2.78,4.39,-0.25,1.56,2.21,1.34,7.02
198909,0.44,-0.04,2.21,1.04,0.76,7.13,-1.57,-0.96,-4.19,-0.74,-2.03,-0.41,-0.16,0.07,-1.39,1.79,0.47,-1.51,2.13,-1.24,1.17,1,-0.61,-0.13,-3.46
198910,-1.17,-1.7,-1.05,-1.29,-0.81,-5.36,-4.54,-2.79,-4.77,-3.07,-3.84,-1.22,-5.28,-6.44,-5.52,-2.25,-4.21,-3.13,-2.04,-5.08,-3.25,1.35,-3.28,-1.83,-6.19
198911,2.46,3.98,3.29,1.04,0.28,0.21,4.88,1.37,-0.19,5.45,3.08,2.12,3.82,-0.09,-0.66,3.03,1.91,-0.14,1.07,-0.79,2.58,1.21,1.8,0.77,-1.44
198912,1.11,2.38,1.42,2.8,-0.82,3.2,0.19,1.13,0.75,0.72,5.69,4.76,1.91,2.29,0.96,6.19,4.46,2.51,5.54,-0.08,3.45,1.12,-0.02,1.62,-0.96
199001,-8.38,-6.48,-8.39,-7.76,-7.86,-12.79,-4.78,-7.14,-3.98,-5.45,-3.34,-6.93,-8.07,-8.58,-9.71,-9.37,-6.19,-9.17,-7.72,-6.64,-4.72,-5.87,-7.66,-11.39,-5.1
199002,0.53,-0.79,-0.22,1.84,1.16,2,3.2,-0.66,3.26,2.05,3.61,1.45,3.12,0.96,2.99,3,1.41,1.88,-0.96,3.52,1.7,0.93,1.94,1.4,7.16
199003,4.53,4.53,3.1,3.9,4.51,6.35,6.55,3.65,2.24,3.63,2.12,0.04,1.09,1.1,0.62,1.53,0.61,1.37,0.68,1.78,-0.27,0.09,1.91,2.32,0.48
199004,-1.28,-2.17,0.07,-3.11,0.81,-4.61,-3.29,-0.1,-0.62,-2.76,-4.1,-3.77,-4.32,-5.1,-2.28,-3.25,-4.86,-4.91,-3.58,-4.64,-5.05,-4.97,-3.98,-4.07,-5.11
199005,12.06,11.81,11.4,11.2,10.53,7.03,13.68,11.59,8.62,11.13,6.12,8.34,8.83,7.11,7.82,6.37,5.06,6.61,8.53,5.47,6.71,5.77,8.34,7.61,10.57
199006,-0.64,2.42,3.35,-0.14,4.1,-7.23,-0.43,1.03,-1.87,-2.04,-2.11,-1.99,-2.48,-1.87,-0.55,-3.4,-2.53,-2.46,-3.25,-2.74,0.19,0.63,0.93,-1.48,-1.98
199007,-3.3,1.22,-1.02,0.48,-3.85,3.8,-1.9,0.35,-0.41,-5.49,2.5,2.53,-2.13,3.2,-3.27,-4.87,-0.21,-2.6,-3.45,-0.4,-3.32,-0.76,-2.09,-4.76,-4.51
199008,-12.33,-8.64,-8.69,-9.49,-9.53,-7.38,-6.93,-11.7,-12.55,-12.63,-6.56,-4.74,-8.89,-7.63,-12.1,-11.05,-8.65,-9.44,-8.85,-12.19,-10.39,-8.55,-10.86,-12.34,-10.73
199009,-6.92,-3.69,-3.7,-6,-7.19,-4.76,-0.27,-3.31,-7.3,-9.48,-5.61,-0.06,-0.91,-5.85,-11.82,-7.41,-3.96,-7.52,-7.89,-10.74,-9.18,-3.68,-8.51,-8.95,-8.63
199010,-7.59,-1.3,2.4,2.69,-1.03,-6.63,-0.55,1.28,-1.92,-4.93,-2.47,-2.57,-1.15,-2.13,-6.69,-8.31,2.78,-0.76,-1.36,-6.08,-2.43,3.28,-1.55,-2.97,-6.96
199011,7.99,7.19,2.45,7.93,9.58,6.95,4.19,6.47,7.33,13.32,6.19,3.16,7.8,8.18,10.69,5.42,5.7,7.44,6.45,11.83,4.85,6.32,4.21,3.44,5.97
199012,1.89,3.44,2.49,3.78,4.22,5.39,1.34,2.3,5,4.97,1.44,1.23,2.13,3,4.68,2.01,1.43,3.95,2.4,7.11,4.43,3.24,-0.26,1.54,1.81
199101,5.25,5.74,6.94,1.98,8.83,0.33,0.5,3.57,7.79,10.49,2.55,-0.77,6.49,2.56,10.72,4.9,3.57,6.67,6.41,9.85,7.77,3.32,3.64,7.25,6.63
199102,9.23,6.72,9.63,6.61,9.45,10.89,9.14,5.98,7.23,7.07,7.32,5.59,4.33,7.86,7.87,10,6.35,6.39,7.64,8.73,8.3,5.51,8.25,9.88,13.61
199103,5.99,4.31,4.59,5.84,4.45,-0.42,0.29,1.95,3.11,4.86,1.62,1.31,-3.01,3.57,2.72,3.74,2.95,2.85,3.37,2.36,5.68,3.32,1.49,0.68,8.27
199104,-0.89,0.13,0.88,-0.68,-0.72,-1.73,0.26,1.45,0.44,-1.4,2.12,1.13,-3.32,4.04,0.68,0.9,1.57,1.76,1,2.54,0.95,0.23,-1.98,1.98,3.57
199105,2.2,4.81,2.42,4.72,5.22,1.77,2.05,4.15,7.06,4.03,2.32,-1.16,3.92,4.73,6.79,4.22,3.09,3.36,4.74,6.72,3.73,1.71,7.85,8.66,3.03
199106,-7.92,-3.01,-3.74,-5.02,-4.69,-5.07,-4.22,-4.33,-4.53,-7.67,-6.44,-2.34,-5.68,-3.02,-4.61,-6.08,-2.34,-5.12,-4.44,-3.33,-3.77,-2.28,-4.82,-4.53,-5.96
199107,1.67,3.72,5.55,5.13,7.93,-1.09,4.35,3.77,3.48,1.08,3.25,4.57,4.88,3.02,5.12,5.95,4.76,2.33,6.91,4.44,5.18,4.97,0.41,1.26,4.19
199108,2.51,3.13,1.96,3.97,4.91,1.79,1.13,0.77,0.27,3.11,1.57,4.41,1.96,2.53,3.61,-2.36,2.73,2.34,2.38,2.73,3.76,5.7,-0.21,1.37,5.56
199109,-2.3,-0.66,-0.81,-2.36,-1.46,0.39,-1.04,-0.28,-0.27,-4.27,-2.43,2.19,0.39,-3.17,-1.43,-3.15,2.12,0.18,-1.01,-1.27,-3.97,-3.3,-0.81,-0.2,0.4
199110,2.31,3.13,1.4,1.66,1.6,4.32,2.23,0.95,0.26,0.73,0.2,0.99,1.59,2.86,2.68,3.81,4,0.7,2,5.85,1.93,3.54,0.91,2.32,5.09
199111,-0.85,-0.93,-5.1,-2.63,-0.08,-4.5,-5.7,-5.9,-4.9,-4.65,-6.94,-0.89,-4.57,-6.4,-8.09,-3.61,-1.61,-5.13,-2.39,-8.49,-8.01,-6.43,-7.92,-3.96,-7.02
199112,10.38,13.55,13.16,14,16.25,7.83,8.95,6.74,8.56,14.2,5.14,6.75,8.4,9.69,8.36,10.53,7.34,6.13,6.59,10.81,9.33,11.37,13.91,9.31,10.34
199201,6.14,-4,-4.03,-1.8,-2.01,9.13,-0.46,-2.75,-0.44,0.92,7.87,-2.43,-3.28,1.51,2.89,2.54,0.02,2.65,0.49,6.29,17.18,5.75,6.07,1.71,9.98
199202,2.86,2.13,1.09,-0.62,-0.02,1.93,-1.87,-0.21,0.15,2.92,5.46,-0.63,1.7,4.01,3.16,3.81,2,5.59,3.77,4.02,9.92,8.27,9.87,1.56,8.1
199203,-3.96,-4.76,-1.4,-2.36,-4.53,-0.1,-2.56,-1.72,-0.27,-3.82,-1.65,-0.69,-1.55,1.56,-3.09,-0.63,0,-0.78,-2.43,-2.12,-0.72,-0.93,0.47,-2.86,-2.77
199204,-4.78,0.89,-1.26,0.88,-2.12,-0.16,5.47,6.79,3.23,-0.29,-1.86,3.41,5.3,3.23,1.75,2.32,3.95,3.58,-0.45,-0.94,3.53,3.85,9.12,-0.55,0.67
199205,1.52,-0.52,1.3,0.72,1.17,0.36,-0.2,0.97,0.39,-0.42,2.21,1.23,0.83,-0.74,1.45,0.14,1.13,-0.13,1.07,-1.98,1.57,3.3,0.39,-2.52,3.4
199206,-0.27,-4.03,1.05,-4.04,-3.66,-5.58,-1.22,-1.81,0.98,-0.89,-3.78,-0.32,-2.27,-2.77,-2.62,-0.07,-1.42,2.48,-1.9,-4.02,1.39,-1.02,1.72,-3.03,-2.29
199207,2.34,3.55,4.5,6.22,4.47,3.45,5.02,4.2,2.44,4.42,4.08,3.97,5.84,4,2.8,5.1,3.19,3.58,2.79,4.55,3.39,0.87,0.43,3.94,-0.95
199208,-4.11,-0.44,0.18,0.29,-2.58,-4.07,-2.3,-6.46,-2.48,-2.37,-3.52,-0.19,-0.01,-2.66,-3.19,-4.5,-2.94,-3.35,-0.69,-2.74,-4.99,-7.3,-8.5,-2.85,-4.58
199209,3.85,3.59,1.5,-1.05,1.25,-0.06,0.5,2.59,3.91,4.01,0.7,-0.06,1.24,3.6,2.84,0.4,0.37,-0.76,2.54,2.38,5.27,-0.56,-1.38,0.82,2.87
199210,1.01,2.61,-1.02,3.77,3.7,-0.2,-0.61,0.24,2.07,2.87,-4.95,-0.52,-1.82,-0.86,2.84,4.78,1.07,-3.07,-0.93,2.48,4.91,0.94,-0.66,-0.17,4
199211,4.25,2.49,3.65,3.27,6.8,3.49,4.39,7.04,4.86,5.59,1.49,0.94,0.45,4.38,6.64,4.07,3.04,3.05,2.6,6.21,7.89,7.77,5.27,4.67,8.31
199212,0.65,-0.68,-0.97,0.41,-0.06,6.68,1.75,1.89,2.61,4.47,4.27,2.18,4.09,4.1,1.98,2.18,3.6,-1.92,3.87,6.01,6.06,4.41,2.07,3.3,2.57
199301,0.33,-1.34,-3.38,-2.97,-0.59,4.07,3.03,0.92,-1.13,3.41,4.78,1.97,0.32,0.99,4.21,4.8,3.87,3.3,2.56,2.07,8.99,8.66,8.75,3.48,3.99
199302,1.67,1.45,-4.92,-2.02,-6.14,-1.75,2.85,1.72,0.26,2.69,1.34,4.51,5.35,1.87,1.94,2.42,3.75,5.11,4.45,0.38,2.5,2.28,1.52,4.76,0.74
199303,1.72,2.7,0.86,1.66,0.64,2.27,4.01,2.87,4.38,3.09,4.23,3.99,2.1,4.82,3.48,2.46,1.71,0.01,3.59,3.12,1.26,7.1,0.89,4.32,2.82
199304,-2.55,-1.06,-9.46,-3.75,-6.58,-2.8,-2.34,-2.12,-1.09,-3.51,-2.39,-0.47,-0.44,-1.48,-1.58,0.54,-2.52,-1.06,-3.09,-1.43,-1.21,-0.8,3,-1.99,-4.58
199305,4.06,2.53,4.17,2.03,5.99,5.13,4.55,3.4,3.45,5.74,1.74,2.59,0.62,1.55,2.24,0.36,0.71,1.78,1.71,4.67,4.84,0.61,0.1,2.84,-0.58
199306,0.22,-1.14,-2.08,-0.32,-3.29,0.4,-0.83,-0.79,1.85,0.98,0.07,0.72,2.55,3.31,2.23,0.94,2.21,1.18,1.89,2.35,4.2,3.3,4.99,2.02,3.69
199307,-1.92,-2.41,-1.35,-3.73,-3.23,2.12,0.55,1.04,0.48,-1.66,2.7,1,1.68,-0.85,1.1,4.48,1.87,2.06,2.66,2.02,-3.76,0.25,4.13,0.31,0.86
199308,3.65,7.44,4.55,3.7,3.4,4.38,1.98,3.02,2.76,2.87,4.93,3.23,4.9,4.94,3.65,5.54,3.66,2.63,5.03,6.18,3.63,3.22,1.15,4.04,9.21
199309,0.48,-1.69,-0.61,-0.59,0.85,1.37,1.65,-3.57,-0.1,1.19,-0.33,0.85,-1.28,-0.62,2.22,2.47,1.95,1.63,-0.55,-2.28,-1.42,-0.34,-1.39,-3.35,-0.11
199310,3.74,6.16,5.68,2.78,3.54,1.7,0.72,0.43,0.61,0.11,2.39,0.51,-0.16,-0.51,-2.69,3.35,-1.37,-1.24,-1.58,-0.69,5.03,0.99,6.34,2.05,-0.13
199311,-5.45,-0.13,-0.51,0.57,1.18,-1.41,-1.26,-1.84,-2.47,-2.38,-2.19,-4.29,-0.4,-1.37,-4.4,-4.11,-2.63,-4.33,-4.11,-0.68,5.88,-1.99,0.19,-1.81,-3.3
199312,0.92,1.87,1.43,1.74,-0.04,4.68,1.77,0.74,4.4,5.32,1.47,0.72,1.59,2.75,3.08,0.45,1.42,2.64,3.4,-0.54,2.46,0.7,3.91,4.09,3.54
199401,4.02,-1.99,1.96,0.66,2.95,4.78,3.11,4.94,2.59,3.34,3.96,4.3,2.76,6.03,4.42,5.65,4.51,-0.38,1.71,2.14,3.22,5.4,6.47,6.69,3.3
199402,-1.63,-5.36,-2.34,-2.18,0.01,0.04,0.24,-2.91,-0.91,-0.38,-1.13,-3,-3.86,-1.56,-2.54,-5.68,-4.17,-4.07,-2.87,-4.09,-3,-4.3,-5.25,-2.02,-2.91
199403,-7.68,-3.9,-6.33,-3.95,-5.69,-5.86,-4.1,-3.01,-4.37,-5.18,-2.96,-3.36,-2.66,-3.37,-4.8,-5.71,-3.98,-3.73,-4.42,-4.22,-0.73,-5.22,-5.59,-3.42,-5.22
199404,-0.86,1.62,1.55,1.76,-0.51,0.74,1.1,0.59,-2.64,1.56,0.68,2.83,3.4,2.8,2.32,2.88,1.27,-0.11,0.98,3.01,1.95,3.12,1.87,-0.11,2.16
199405,-1.94,3.16,-0.43,1.58,-0.19,-0.96,1.72,2.91,3.44,0.58,2.52,0.35,-0.22,3.04,2.29,2.55,0.68,-2.93,-1.12,4.33,5.3,-1.6,-1.31,0.04,0.4
199406,-6.16,-1.2,-1.64,-2.65,-4.52,-2.58,-1.14,-2.87,-4.75,-1.42,-1.48,-2.07,0.24,-3.54,-2.52,-2.4,-0.73,-1.71,-1.48,-4.25,-4.48,-1.2,-3.54,-2.82,-4.05
199407,2.38,4.52,2.35,0.13,3.21,2.39,3.41,1.29,3.72,4.01,3.08,3.6,3.91,5.44,3.92,4.82,3.67,3.73,2.91,3.54,3.44,3.26,3.32,4.56,0.31
199408,6.21,7.03,3.8,7.87,7.84,5.5,1.57,1.74,5.93,4.6,4.58,0.73,2.89,1.53,2.73,7.5,4.88,2.38,2.36,4.07,7.35,2.57,4.45,-0.51,5.58
199409,-0.62,-0.47,0.63,-0.88,-0.6,-0.7,-3.94,-3.88,-2.72,-3.2,-0.05,-2.5,-2.51,-2.3,-5.02,-0.08,-1.26,-3,-3.95,-5.14,1.14,-5.77,-3.89,-4.37,-5.32
199410,1.49,2.52,2.5,2.08,3.45,-1.37,3.89,-1.18,0.94,2.2,1.39,4.34,2.24,1.48,2.62,4.32,-0.31,2.17,0.93,0.06,-0.01,-6.45,0.88,2,0.53
199411,-0.39,-2.46,-3.06,-2.33,-2.25,-5.62,-3.1,-5.24,-5.12,-4.71,-6.34,-3.68,-1.47,-1.07,-3.82,-5.26,-7.25,-2.85,-3.71,-5.41,-3.74,-5.03,-4.76,-4.21,-3.87
199412,1.01,0.21,2.35,1.07,0.04,2.44,0.5,2.32,0.97,4.22,1.85,0.69,-0.27,0.18,2.46,2.13,2.17,0.93,3.11,-0.32,0.87,2.8,1.35,2.53,1.71
199501,2.34,4.23,1.67,2.22,1.32,2.02,3.79,3.05,1.43,1.48,-1.58,1.78,3.8,6.75,4.41,-1.14,0.73,0.66,3.77,5.3,1.66,-0.48,0.92,0.19,5.45
199502,2.44,2.4,4.92,2.84,3.98,4.79,3.08,4.39,4.69,6.82,5.39,3.98,2.16,1.24,2.82,4.9,5.9,3.58,2.71,4.77,6.78,8.02,4.05,5.12,4.48
199503,1.78,3.49,2.25,2.04,3.93,4.02,2.97,2.38,4.01,2.75,5.15,3.06,1.45,1.6,0.96,6.17,2.64,1.3,1.12,0.89,2.58,2.3,-0.35,2.62,0.29
199504,-0.16,4.59,1.86,3.04,1.07,1.03,1.92,1.91,1.22,4.17,4.93,3.04,1.84,2.33,2.74,9.33,2.29,2.3,2.21,2.04,6,2.93,6.81,3.07,3.76
199505,2.05,4.25,2.26,3.16,3.87,3.71,1.89,2.83,3.1,2.12,2.54,4.35,3.18,3.95,5.55,0.15,5.52,4.21,6.22,4.41,5.03,4.9,5.5,4.89,4.93
199506,3.24,2.4,2.74,2.6,8.29,2.72,0.39,2.31,3.67,3.6,2.56,-1.6,1.95,2.57,2.03,2.65,1.95,3.51,2.36,1.85,3.98,0.99,3.09,1.82,2.6
199507,4.26,-1.18,3.27,3.89,6.2,2.34,2.95,3.9,5.51,4.63,3.82,3.97,5.54,2.78,4.31,2.11,2.06,4.79,5.3,7.61,3.62,2.16,3.81,3.74,5.11
199508,1.28,2,-1.54,-0.58,0.75,2.2,2.15,1.53,0.64,-0.83,0.81,-1.59,1.95,2.67,2.34,0.94,1.4,2.66,3.17,1.23,3.85,3.6,1.7,6.32,3.01
199509,5.22,9.6,5.77,3.84,4.73,3.79,3.63,4.61,1.55,2.69,2.53,2,1.71,3.05,1.76,4.53,6.08,2.89,4.53,3.28,1.93,3.59,2.87,2.12,2.5
199510,-1.94,2.06,2.41,-0.96,-1.48,-1.84,-1.49,0.68,-1.34,1.29,-1.56,0.86,0,-2.51,-3.69,-3.9,-1.2,-2.36,-4.12,-3.28,-1.54,-4.57,-3.72,-5.01,-2.07
199511,6.43,5.29,6.47,5.62,2.42,5.68,4.72,4.08,-0.2,-0.21,3.55,3.54,4.53,6.51,3.5,5.14,4.78,7.45,7.91,3.26,3.72,5.82,5.52,4.72,5.51
199512,5.14,0.4,2.61,1.48,-2.56,3.29,1.47,3.51,0.08,1.61,7.51,2.26,2.91,3.23,0.65,3.65,3.25,0.43,1.1,-1.64,0.06,1.77,4.64,1.8,0.88
199601,5.2,2.4,5.49,3.08,1.39,4.26,5.26,0.76,1.5,1.07,1.18,3.16,2.35,1.6,4.16,3.02,1.98,3.16,3.91,0.95,2.96,1.77,0.48,5.16,0.43
199602,0.93,2.73,-0.12,2.05,3.17,0.17,-0.16,2.35,5.76,1.21,2.21,2.36,0.16,0.27,2.96,0.15,0.11,2.03,2.56,1.74,-1.45,3.03,0.02,3.96,2.4
199603,1.95,-2.42,-1.23,0.41,0.94,0.11,4.81,1.34,-0.12,0.13,0.95,1.14,1.58,1.7,2.05,0.49,0.77,3.17,2.67,3.5,0.92,0.24,1.82,6.58,0.39
199604,1.25,1.08,-0.11,1.49,5.89,4.4,0.88,2.02,4.1,6.69,4.53,1.22,1.75,2.27,2,2.4,-0.57,-0.13,-0.79,-0.08,2.33,0.62,-0.81,1.1,3.17
199605,4.79,5.66,4.11,4.45,4.08,0.14,0.48,0.15,2.14,3.76,1.91,-0.11,1.61,1.69,2.29,1.54,2.22,2.15,4.04,2.3,3.53,2.6,3.46,2.13,2.72
199606,0.7,4.08,1.48,-0.06,-2.6,1.37,0.05,-0.57,-2.92,-0.59,-0.28,-0.24,1.19,-1.15,-1.74,0.13,1.32,-0.02,-0.93,-5.6,-2.55,-0.51,-1.72,-4.02,-0.43
199607,-5.55,-4.83,-5.13,-6.14,-8.27,-4.69,-4.05,-4.81,-4.35,-7.42,-2.1,-2.96,-4.93,-3.29,-7.29,-5.99,-5.76,-2.58,-4.16,-4.68,-9.29,-7.54,-4.7,-4.59,-1.65
199608,-0.61,-4.33,2.94,3.84,4.24,2.89,1.91,1.79,2.87,4.52,4.54,3.79,5.54,4.34,4.63,5.06,2.44,3.2,3.36,5.56,3.65,1.23,3.81,4.45,4.33
199609,3.42,3.65,5.9,6.98,10.02,4.23,3.91,3.77,5.79,5.4,5.23,4.23,3.77,4.13,3.25,2.91,2.31,3.95,4.81,3.54,3.39,2.53,-1.1,4.2,5.04
199610,1,3.5,0.5,0.07,-1.04,1.37,3.62,1.06,3.21,-2.86,4.84,4.16,3.8,2.9,0.01,3.47,1.21,5.82,3.92,3.65,0.44,2.72,5.82,3.86,4.53
199611,5.72,7.22,7.62,5.7,7.76,5.43,5.36,6.57,6.37,8.34,9.69,5.95,5.78,6.89,10.16,3.46,4.5,7.97,8.39,8.79,5.61,6.26,6.12,7.67,6.76
199612,-1.62,2.55,-0.14,-4.12,-2.65,0.11,0.79,-0.7,-3.19,1.37,-1.86,-1.13,-2.31,-1.85,-1.13,-0.45,-0.15,-0.62,-0.4,-0.35,2.65,1.56,-1.71,0.7,-2.82
199701,7.23,6.76,6.91,5.62,7.74,6.36,6.46,2.78,4.56,4.93,4.67,4.48,2.58,4.41,7.76,1.35,1.18,5.29,5.39,2.55,2.31,-0.01,4.55,6.29,5.06
199702,2.3,4.03,2.6,0.64,-5.69,-0.08,-1.2,1.38,1.48,-3.42,-2,-0.54,3.01,1.93,-0.53,-0.06,0.56,4.59,1.94,2.93,2.79,2.63,0.06,3.64,5.49
199703,-6.07,-6.93,-6.57,-4.11,-6.16,-4.38,1.51,-3.94,-4.88,-5.53,-3.55,-1.14,-2.63,-4.25,-3.86,-3.06,-4.35,-5.32,-3.96,-4.53,-2.62,-3.11,-4.88,-1.28,-6.7
199704,4.34,3.26,7.57,8.02,7.06,3.91,2.61,1.71,5.92,1.39,6.35,2.19,3.1,5.67,4.89,0.67,-2.59,5.5,4.76,4.32,1.31,3.17,4.16,0.57,1.28
199705,6.16,7.75,6.49,5.86,9.76,5.05,5.85,7.52,6.36,12.36,5.16,5.27,7.16,5.46,5.46,5.94,5.5,5.25,7.14,7.97,8.15,7.5,6.2,7.37,5.25
199706,5.29,4.2,5.17,5.99,1.67,1.46,5.26,3.06,2.56,4.77,6.52,4.13,4.66,5.72,2.9,3.95,3.73,8.08,1.48,4.41,2.82,2.14,2.76,5.28,5.3
199707,4.77,3.48,3.29,8.3,12.89,6.22,7.72,5.14,9.16,10.53,10.05,9.23,8.51,9.87,8.11,8.25,4.78,5.1,7.17,7.85,5.79,8.45,8.23,9.02,7.72
199708,-6.72,-6.69,-8.08,-6.81,-2.51,0.53,-3.82,-4.29,-3.05,1.99,-1.3,-5.03,-3.99,-1.89,-3.52,-1.56,-0.35,-1.76,-4.35,-5.43,2.33,-1.51,-0.56,1.33,-6.27
199709,5.16,6.33,4.69,6.65,4.06,8.18,5.56,4.95,4.33,7.08,5.09,5.55,5.74,8.47,7.65,6.55,5.26,6.95,7.58,7.49,4.91,6.38,4.69,5.56,11.87
199710,-2.42,-2.91,-1.58,-1.52,-5.52,-2.79,-4.73,-2.34,-6.06,-5.12,-3.94,-2.67,-2.52,-5.78,-2.39,-4.22,-2.53,-0.85,-1,-4.73,-2.87,-2.55,-4.88,-4.85,-1.58
199711,4.27,5.67,6.97,5.47,0.87,6.23,4.05,4.63,4.45,0.4,4.55,3.77,0.78,3.11,4.32,1.85,3.08,4.4,5.06,2.69,2.26,1.83,0.46,5.72,-1.68
199712,0.08,6.09,2.94,0.78,-2.81,6.45,0.37,1.96,0.54,0.23,3.48,3.79,2.74,3.01,4.07,6.03,3.41,4.65,2.84,2.92,1.75,4.86,4.76,2.94,1.76
199801,2.97,1.38,1.22,4.27,4.35,1.24,-1.69,0.21,-1.22,1.73,-3.99,-3.72,-1.95,-2.42,-4.28,-0.36,-1.81,-1.76,-1.77,1.83,0.37,-2.24,3.51,0.12,5.18
199802,4.5,4.66,7.08,6.69,10.98,2.87,6.54,5.74,10.01,6.81,10.09,6.8,9.08,8.82,8.54,4.17,4.11,6.51,9.71,9.47,6.36,9.42,9.43,7.15,8.51
199803,4.07,0.37,4.62,7.79,3.69,7.44,5.22,6.74,5.09,0.28,5.99,5.72,4.55,5.68,5.39,3.18,4.99,5.34,5.19,10.36,9.08,5.08,8.54,5.87,8.33
199804,-2.68,-2.48,-1.08,4.18,2.37,-3.29,4.26,-1.2,0.08,5.71,2.44,0.52,2.29,-0.31,1.07,1.06,0.04,0.61,1.2,1.89,0.72,0.18,3.57,2.81,1.05
199805,0.56,-2.89,-0.27,-3.18,-5.32,-0.6,-1.47,-2.26,-0.23,-7.34,-3.64,-1.93,-3.33,-4.28,-2.75,-1.24,-2.89,-1.57,-1.68,-1.01,-2,4.26,4.81,-5.57,0.7
199806,2.71,5.2,6.23,6.58,9.36,-0.4,1.14,1.23,2.84,-0.56,0.97,0.18,4.59,0.22,-0.39,-1.96,1.53,0.54,0.89,7.06,-0.66,-0.4,6.61,0.3,3.22
199807,-1.52,-0.55,-1.57,-1.14,-0.48,-5.24,1.77,-1.83,-5.35,-1.33,-4.98,-2.78,-2.97,-4.61,-7.44,-5.57,-6.25,-0.88,-6.19,-2.72,-1.91,-2.21,-2.38,-3.93,-7.35
199808,-13.58,-12.72,-11.96,-15.94,-17.61,-11.23,-13.99,-17.48,-18.8,-20.9,-17.1,-12.47,-17.32,-20.45,-21.42,-11.15,-9.71,-14.74,-13.74,-19.93,-17.06,-13.16,-17.67,-14.41,-15.97
199809,7.8,1.07,8.24,12,15.88,6.01,7.86,1.76,6.54,2.19,10.96,7.76,2.43,-1.51,2.58,5.92,3.49,9.08,2.14,1.31,9.05,2.14,7.63,5.93,3.41
199810,6.83,12.26,8.45,8.29,1.09,4.73,8.59,8.83,10.32,10.47,6.72,2.57,7.77,9.26,11.55,5.2,4.49,5.81,6.87,6.91,4.17,6.81,7.82,2.54,1.34
199811,9.85,5.43,4.85,11.09,9.97,6.73,6.78,5.36,6.41,5.72,2.51,3.29,5.81,6.99,1.63,2.82,5.02,5.07,5.73,4.98,4.02,6.42,2.78,7.48,5.09
199812,8.14,7.26,5.84,10.65,15.04,1.04,6.11,5.49,5.91,-0.11,-0.54,1.16,-0.09,3.88,3.7,2.99,0.75,10.03,4.06,-2.03,3.63,1.42,6.73,4.68,3.58
199901,1.38,1.46,0.99,8.43,15.26,0.77,3.2,-1.97,2.63,8.02,-4.98,-7.13,-1.27,0.94,5.06,1.9,-3.35,2.98,-2.72,2.89,1.03,6.25,1.98,2.46,-2.25
199902,-2.07,-3.3,-0.15,-6.11,-11.57,-3.37,-3.63,1.15,-6.66,-3.51,1.44,0.29,1.13,-2.07,-2.79,-4.97,-4.39,0.12,-0.61,-5.24,0.5,-4.56,-4.09,-4.81,-7.76
199903,7.43,2.79,3.68,3.35,6.7,4.59,1.98,0.96,2.97,0.34,5.87,3.86,3.55,4.4,5.11,4.55,2.57,4.36,0.02,4.4,-1.3,1.64,-0.9,3.37,-1.23
199904,1.43,-0.28,0.35,2.39,-0.97,9.06,8.73,9.13,9.4,11.15,13.71,11.8,8.31,7.09,6.92,15.43,7.22,0.35,7.93,8.85,9.12,5.71,10.05,1.48,5.83
199905,-4.38,-0.61,-3.94,-4.01,-3.45,-1.25,1.27,-1.62,4.8,-3.46,-1.86,-0.71,-3,0.08,-0.22,1.31,3.07,4.86,0.38,-3.12,0.75,-0.09,-3.02,2.31,5.36
199906,2.13,2.98,7.41,9.44,11.12,2.4,4.05,3.82,9.5,8.15,2.88,1.21,4.67,1.75,3.77,2.88,1.3,0.76,-1.53,4.32,4.68,0.32,0,2.5,0.14
199907,0.63,-2.16,-1.68,-2.73,-6.31,1.89,-5.1,-2.99,-3.07,-4.68,-4.26,-2.59,0.15,-3.06,-6.12,-0.8,-2.09,-2.59,-3.59,-1.92,-2.15,-6,-4.8,0.08,-3.21
199908,-2.79,-2.86,2.09,-0.05,2.89,-3.42,-1.49,-3.03,-3.07,-5.92,0.49,-1.93,-3.05,-2.41,-6.12,-3.59,-3.32,-3.61,-2.83,-4.37,-1.07,-1.23,0,-2.14,-7.09
199909,-1.93,-3,-4.33,1.54,-0.54,-2.55,-2.46,-3.86,-2.96,-3.18,-4.34,-5.47,-8.27,-5.07,-6.32,-5.2,-4.45,-4.39,-6.15,-10.22,-2.54,-4.88,-7.61,-1.99,-1.41
199910,3.69,1.93,5.81,10.3,7.09,0.86,11.66,1.17,9.37,13.1,5.72,2.02,5.89,4.6,8.06,-4.37,2.94,-2.07,3.08,9.36,-1.04,3.86,6.75,2,-1.72
199911,2.12,5.3,4.49,2.97,9.14,1.16,1.59,0.72,-0.68,-2.42,-1.4,-3.06,-1.87,-0.75,-6.11,1.38,-5.15,-0.26,0.58,-5.78,2.44,-1.24,4.88,1.07,4.21
199912,4.22,2.59,3.39,10.27,20.01,4.29,5.94,3.44,4.57,0.21,5.55,1.03,-0.97,7.01,-6.25,5.93,1.9,3.14,4.54,1.8,4.22,4.49,2.12,-0.69,9.18
200001,1.2,0.53,-6.2,-4.28,-8.13,-5.56,-4.39,0.71,-2.21,-3.69,-2.99,-4.16,-3.87,-7.16,-4.78,-6.54,-4.81,-1.78,-2.68,-6.2,-2.66,-7.67,3.47,-9.6,-5.81
200002,3.74,-1,-2.53,3.3,10.67,-2.13,3.72,-3.53,-3.37,-5.77,-8.07,-6.9,-3.27,-4.06,-4.85,-0.3,-4.94,0.6,8.77,-6.1,5.22,-5.32,-0.14,-0.81,4.62
200003,6.82,9.12,6.08,7,7.48,4.52,8.41,11.21,12.55,10.83,5.43,11.19,15.76,5.9,11.09,7.17,7.96,5.56,5.36,17.58,6.32,13.15,6.85,13.78,2.95
200004,-2.88,-2.36,-0.68,1.45,-16.06,-6.35,-7.03,1.44,-0.82,-3.42,5.46,3.11,1.7,3.25,-5.62,-2.66,3.11,3.35,-3.06,0.49,0.63,-4.52,6.03,-3.01,-1.21
200005,-1.59,-5.89,0.5,-2.41,-10.04,6.37,-3.71,-0.93,0.69,0.69,-1.35,3.94,0.19,1.11,7.24,-0.94,0.36,-2.67,-3.04,-0.29,6.14,3.39,-11.84,-0.65,-4.52
200006,2.31,4.91,2.17,7.2,12.79,-3.75,-2.48,-5.95,-0.12,-0.79,-1.9,-4.78,-6.03,-0.5,-13.32,-2.44,-6.39,-0.69,-1.06,-4.66,3.43,-0.41,-6.23,-1.41,6.93
200007,-2.67,0.38,-3.15,-4.32,-3.66,-0.88,0.56,-0.81,3.18,-2.05,1.99,8.11,3.98,8.65,-0.17,4.36,6.36,5.79,7.6,-0.75,3.54,5.53,-1.94,4.34,1.07
200008,6.88,4.08,2.93,6.92,10.25,7.55,8.9,4.67,8.32,10.46,4.37,11.51,6.95,10.94,5.55,8.1,4.26,5.16,0.17,8.16,5.5,7.45,16.84,6.4,4.17
200009,-3.79,-4.02,-1.22,-0.2,-11.34,-3.72,1.8,-3.6,-0.68,-4.13,-1.13,1.63,7.86,5.11,-4.26,2.43,3.1,5.75,5.81,1.51,1.79,-0.07,-5.2,-4.51,-6.29
200010,0.71,-1.19,0.8,-0.87,-5.02,1.1,8.36,-1.65,3.35,-0.36,0.23,-1.8,-0.74,1.73,-8.88,-0.16,3.44,-0.64,3.96,-4.68,-1.3,3.93,-1.92,1.64,-0.52
200011,-8.35,-2.08,-0.86,-7.15,-18.72,-1.33,2.83,-9.35,-5.09,-6.68,-4.18,-5.8,-0.14,-1.3,-10.79,2.07,1.31,1.15,-5.32,-2.57,-2.8,0.89,-8.04,-2.75,-4.76
200012,6.28,0.61,2.02,3.52,-6.38,7.81,9.41,10.4,5.16,8.24,11.74,11.15,8.71,10.05,1.1,3.17,8.91,9.47,10.04,14.45,8.62,7.55,4.78,12.86,2.59
200101,1.52,3.15,0.79,-0.34,8.44,-0.89,-1.22,5.12,3.01,5.68,2.07,5.99,-0.82,-4.65,12.92,-4.59,1.33,-4.29,4.47,-2.37,6.37,0.26,6.12,6.64,10
200102,-2.95,-6.28,-5.19,-7.61,-20.52,-4.17,3.38,-5.13,-2.67,-4.99,-0.85,-2.57,1.43,1.47,-2.98,0.85,1.95,3.12,0.12,0.9,2.92,4.11,0.36,-3.46,-1.02
200103,-3.65,-7.03,-6.15,-8.28,-11.33,-3.98,-1.68,-1.44,-3.6,-5.02,-2.1,2.03,-1.75,0.12,-6.23,-6.36,-2.51,-1.48,1.5,0.66,-0.25,-1.61,-0.9,-6.28,0.88
200104,6.26,9.01,3.78,8.26,13.83,6.88,5.92,4.48,5.24,7.85,6.41,2.43,3.7,5.72,6.4,6,3.12,6.8,4.25,4.74,3.69,7.5,6.1,4.94,8
200105,4.21,1.24,1.88,1.13,-1.76,2.03,2.21,1.65,2.58,2.61,1.48,4.65,3.94,3.77,-0.5,5.04,5.54,2.72,-3.37,1.05,5.18,3.85,5.59,8.72,5.01
200106,-0.41,-3.34,-2.52,-2.59,-0.41,-3.7,-1.95,-4.24,-1.29,-1.26,-1.41,-0.78,1.07,-0.52,1.72,-3.27,-0.67,-0.21,-0.22,-3.2,-0.41,-0.09,8.4,2.46,0.99
200107,-3.86,-1.75,-0.32,2.01,-4.75,-3.1,-0.22,1.83,-1.79,-3.08,-0.72,1.12,-2.41,-0.76,-5.61,-0.28,0.16,0.23,1.62,-3.7,0.27,-0.24,-0.45,2.51,6.7
200108,-1.3,-2.62,-4.12,-5.97,-11.65,-1.72,-3.48,-1.56,-3.67,-7.44,-2.97,-1.04,-3.16,-2.57,-5.77,-2.42,-6.47,1.1,-2.36,-8.79,-4.72,-3.25,-7.3,-1.67,-8.9
200109,-7.37,-4.11,-7.88,-2.84,-12.67,-7.52,-11.9,-7.96,-12.32,-10.47,-10.03,-5,-2.87,-10.91,-14.8,-7.89,-10.96,-4.84,-11.28,-16.96,-3.79,-14.27,-18.5,-16.66,-4.84
200110,1.3,4.33,2.49,-1.9,8.6,0.58,1.07,-2.54,4.16,1.64,-0.76,0.24,-3.43,0.35,2.56,4.76,0.99,-2.8,1.65,5.58,-2.67,-0.65,-1.01,3.54,-12.05
200111,6.71,2.14,8.59,5.87,11.2,8.97,8.43,7.31,7.83,3.79,8.78,3.73,6.15,6.35,6.29,9.38,10.74,5.35,6.72,13.17,9.1,10.8,13.87,11.44,12.57
200112,1.41,2.15,2.37,-0.66,-0.44,0.62,5.06,4.12,3.47,3.47,3.14,4.33,4.23,8.23,4.02,2.89,-0.63,3.38,6.11,1.19,2.26,7.07,1.19,5.59,4.92
200201,-1.02,-3.41,0.16,-0.74,-1.15,1.96,-2.03,-0.26,-2.21,-4.51,1.42,1.1,-1.29,-1.55,-2.43,5.76,3.07,0.66,4.26,-3.88,-9.26,4.83,2.33,3.15,-3.75
200202,0.2,-0.28,-0.28,-1.05,-6.71,0.37,1.73,3.58,-2.5,-0.75,-0.84,1.27,4.23,1.12,-5.15,0.12,0.75,-2.3,-1.69,-2.06,-8.86,0.26,4.48,-1.34,-9.74
200203,5.27,3.58,2.66,1.65,4.48,5.08,7.18,4.41,7.35,6.08,4.69,3.57,4.16,5.4,7.94,6.64,4.82,6.05,5.89,8.18,5.99,7.85,9.28,9.24,3.88
200204,-3.24,-10.39,-4.19,-6.61,-9.62,-1.87,0.17,2.26,-5.05,-6.25,2.36,3.38,3.01,1.24,-6.04,-0.15,-0.73,1.79,6.02,-2.82,-10.84,-1.67,4.11,2.75,-13.94
200205,-0.65,0.17,-2.14,0.64,-3.47,2.61,0.17,1.27,-1.56,-2.55,-1.81,2.13,-1.53,-3.03,-1.91,-0.19,2.14,-1.4,-2,1.84,-2.19,-1.8,-2.95,-1.86,-6.82
200206,-6.1,-4.81,-11.26,-6.38,-7.45,-5.64,-5.36,-3.33,-5.74,-7.09,-3.88,-5.2,-3.96,-6.29,-7.81,-2.81,-3.6,-5.04,-3.17,-13.42,-11.36,-2.77,-10.76,0.27,-11.26
200207,-3.3,-5.06,-6.69,-5.95,-6.71,-13.44,-9.21,-8.56,-8.45,-13.4,-12.15,-10.18,-8.95,-7.37,-6.82,-10.58,-12.71,-7.29,-11.51,-12.91,-16.54,-16.45,-10.46,-13.68,-20.1
200208,-4.88,0.63,1.34,0.44,0.43,-0.94,-3.96,-1.18,3.13,1.3,0.75,1.8,-0.45,-0.28,3.12,7.66,-0.74,-0.62,3.5,4.77,1.94,9.25,2.6,-0.4,5.62
200209,-14.45,-9.82,-11.68,-10.99,-9,-14.59,-12.47,-8.85,-9.93,-10.56,-10.5,-9.77,-9.52,-8.85,-6.5,-10.51,-12.05,-8.78,-5.29,-7.54,-12.28,-9.96,-11.38,-7.84,-9.42
200210,17.8,8.72,5.41,9.54,9.51,5.03,12.55,11.9,11.2,2.09,-0.38,7.34,3.95,0.44,1.64,6.09,1.91,7.31,6.26,2.16,-0.65,3.59,-0.3,-1.58,20.55
200211,14.34,3.9,5.82,5.17,2.94,9.5,10.35,6.82,4.14,6.03,11.63,5.78,6.34,7.11,2.01,12.87,10.67,2.52,7.26,1.89,10.08,13.1,3.34,9.85,11.22
200212,-15.16,-3.39,-4.9,-6.03,-6.94,-9.02,-6.64,-4.77,-5.86,-4.26,-5.18,-2.67,-3.18,-3.23,-1.63,-9.34,-3.74,-0.54,-8.04,0.93,-3.65,-5.27,0.4,-1.85,-15.65
200301,1.5,-1.24,-3.49,-3.92,-2.62,-7.21,-3.86,-2.27,-1.39,-2.81,-2.46,0.14,-2.5,-2.69,-2.33,-9.4,-4.8,-4.12,-3.56,-2.34,-2.1,-0.25,-4.92,-1.76,-8.02
200302,2.41,-1.44,-1.25,-0.72,-1.63,-2.28,-6.06,-4.33,-2.07,-1.74,-2.47,-2.57,-1.6,-2.48,-3.46,-2.72,-5.39,-3.1,-2.32,-1.49,-1.82,-7.9,-5.5,-4.86,-2.32
200303,-1.79,2.8,-2.55,3.65,3.35,-0.07,-1.15,0.75,1.24,-1.3,-0.04,0.71,0.05,-0.34,2.27,-3.17,0.25,1.17,-0.25,-0.55,1.61,-3.54,-2.8,0.34,-2.45
200304,11.73,3.45,7.21,8.09,7.83,10.71,9.93,7.93,10.5,7.61,8.22,11.28,7.08,8.89,7.95,8.66,11.1,7.78,12.91,9.13,9.27,9.12,7.98,10.65,20.74
200305,12.31,4.86,12.27,0.58,5,10.16,9.73,4.1,5.97,10.36,9.6,5.78,7.99,8.1,6.93,14.49,5.49,5.8,7.68,8.91,11.52,8.94,5.15,12.14,10.33
200306,-1.95,-1.95,2.77,3.33,-0.27,1.66,1.54,1.88,2.2,1.65,0.42,3.36,0.82,1.56,1.6,0.25,1.7,-0.32,-1.64,-0.17,4.62,5.5,1.63,6.49,5.8
200307,4.68,7.02,0.79,0.67,1.56,6.46,-1.88,4.9,6.65,3.21,2.78,-1.55,4.82,1.99,-0.34,-2.06,2.47,3.19,3.61,0.57,8.76,2.57,-2.52,5.6,1.29
200308,2.22,7.02,3.45,1.15,0.67,9.88,2.11,-0.16,0.61,3.06,5.54,1.21,2.73,0.37,1.31,6.06,4.21,4.6,1.49,3.04,5.52,6.56,4.51,6.14,8.5
200309,-3.62,-3.58,-1.69,1.27,-0.92,-2.93,-3.85,0.14,-2,-0.23,-0.07,-0.76,-2.1,-1.28,-0.58,-5.41,-5.94,-1.7,-0.72,-0.83,1.22,2.31,-2.13,-1.49,-3.81
200310,4.3,10.72,4.11,2.24,5.71,11.85,6.36,6.15,8.1,9.8,7.62,8.71,7.05,8.82,8.68,5.75,6.62,7.24,7.55,9.69,10.46,9.01,8.17,3.72,7.5
200311,3.76,1.82,0.41,0.42,1.71,2.65,0.05,0.94,1.18,1.81,1.62,0.55,3.58,2.54,-1.3,5.17,-0.06,3.51,2.11,0.67,4.25,4.61,4.56,3.31,5.82
200312,6.12,2.72,3.46,5.94,2.32,3.22,6.41,3.71,5.48,2.77,7.14,6.54,3.66,1.83,4.95,6.62,7.69,3.89,4.26,5.06,2.11,7.14,9.48,6.31,4.18
200401,0.63,-0.72,0.65,2.63,2.29,4.15,2.32,1.27,0.94,2.02,4.65,1.11,1.91,3.66,4.72,3.43,0.43,1.43,3.79,1.18,9.94,4.02,-2,7.45,3.41
200402,0.12,-0.45,3.44,-0.65,2.23,0.13,1.52,1.91,2.56,4.02,2.11,-1.28,3.94,2.71,-2.5,0.51,-0.89,1.32,2.92,4.65,1.01,2.09,0.04,7.07,2.01
200403,-4.01,-3.71,-1.6,-2.7,0.06,-3.3,-1.29,1.2,-1.65,0.26,-0.98,0.28,-1.9,-1.37,-0.46,-1.91,0.93,-0.3,0.92,0.99,0.75,0.36,-0.91,-1.85,-3.35
200404,-0.74,-1.47,1.06,-0.18,-0.09,-7.38,-0.84,-4.6,-2.17,-4.7,-3.21,0.33,-4.01,-3.59,-3.9,-2.46,-2.44,-1.96,-3.98,-3.77,-7.7,-3.23,2.25,-1.25,-3.37
200405,2.2,3.14,-0.02,1.9,1.1,4.17,-1.35,0.67,2.61,1.3,0.96,-0.58,0.67,1.39,1.64,1.97,-0.08,1.27,-0.98,1.64,3.77,1.93,-2.77,0.19,2.61
200406,0.17,0.44,0.7,3.26,0.38,1.62,4.43,1.89,0.91,2.17,-0.71,1.31,0.25,2.67,1.97,2.75,1.33,4.69,4.89,2.56,3.82,7.15,5.75,2.63,2.3
200407,-10.29,-6.36,-4.88,-3.36,-6.16,-6.68,-3.84,-2.2,-1.42,-3.15,-3.68,-1.44,-2.32,-1.86,-3.14,-4.87,-4.99,-1.57,-0.88,-3.41,-0.62,-2.67,-0.09,-3.38,-4.67
200408,-4.86,-0.74,-0.7,-0.43,0.79,-3.63,0.5,1.05,2.33,0.03,2.63,0.4,-1.82,3.15,1.07,0.47,1.6,0.77,0.88,0.07,0.34,0.8,-2.96,2.48,-1.12
200409,-3.67,2.99,-0.66,0.51,2.77,4.63,3.45,3.39,0.56,2.08,2.98,1.12,4.14,1.48,5.73,2.44,1.2,0.82,3.18,3.89,3.65,3.15,5.78,3.64,3.59
200410,3.61,3.96,1.54,1.28,1.16,3.31,1.21,1.07,2.1,-1.61,2.68,3.08,1,4.12,2.96,2.82,-0.73,0.6,1.86,-1.71,2.5,4.71,-0.62,-0.43,-0.47
200411,1.09,3.32,4.44,3.21,4.2,6.4,6.51,4.73,3.92,7.43,5.56,5.77,7.71,6.06,7.35,6.65,2.98,3.62,5.84,6.44,10.28,4.81,7.83,7.94,8.68
200412,5.31,4.33,5.06,3.17,3.48,3.9,1.81,1.85,3.32,4.44,1.7,2.27,1.64,2.55,1.97,5.02,3.92,5.65,2.17,6.15,3.55,4.06,1.55,2.98,2.17
200501,-7.64,-0.64,-1.83,-1.74,-5.43,-4.49,-3.45,-2.76,-0.99,-2.05,-6.73,-4.66,-0.85,0.54,-2.15,-2.31,-3.33,-2.56,-0.1,-1.88,-2.51,-0.13,1.11,-1.59,-2.68
200502,1.32,0.58,2.27,-0.83,1.65,1.7,2.2,4.6,5.93,1.06,0.97,1.47,5.92,0.24,4.74,2.91,2.37,0.51,5.16,-2.22,3.83,2.4,10.65,2.81,2.33
200503,-1.23,-2.26,-1.92,-1.82,-0.28,-1.84,-0.71,-2.5,-3.44,-5.86,-2.12,-0.55,0.12,-1.51,-1.44,0.72,-1.83,-0.22,-1.54,-2.5,-2.08,1.64,-2.08,-1.85,-2.83
200504,-2.99,-3.76,-1.82,-1.08,-1.12,-3.11,-0.98,-5.26,-1.88,-4.3,-4.49,-1.82,-4.83,-1.5,-4.63,-4.19,-1.73,-1.89,-3.84,-0.13,-3.33,-2.69,-3.79,-4.39,-5.02
200505,6.17,5.45,3.74,3.24,4.95,6.77,5.93,3.44,1.59,6.27,3.83,1.55,5.3,-0.11,5.02,3.25,2.77,1.8,5.44,4.86,4.86,2.55,4.58,7.49,5.9
200506,0.56,0.67,-1.96,-1.99,-0.46,1.28,2,-0.19,1.15,4.66,1.22,-0.55,3.5,2.85,5.25,1.35,2.26,1.43,4.04,4.11,4.21,1.28,5.62,2.86,3.59
200507,3.15,5.57,3.02,6.44,5.95,4.5,4.17,2.25,3.33,6.42,2.94,1.14,3.04,2.43,2.21,3.82,3.04,5.07,5.94,5.34,4.23,2.89,7.37,7.32,3.93
200508,-2.33,-2.58,-1.03,-0.06,-3.06,-0.04,-0.96,-2.24,-0.27,-0.98,-2.5,-1.94,-2.35,1.19,-1.11,0.97,1.16,-1.52,0.04,1.15,-2.14,0.65,-0.12,0.62,-3.16
200509,3.16,-1.15,-0.41,-2.4,2.53,-0.35,-0.11,-0.4,2.59,1.93,-1.22,0.89,-1.75,3.86,0.8,0.89,0.91,1.56,3.27,1.41,0.51,0.69,1.84,5.1,2.01
200510,-2.26,-2.11,0.76,-0.85,-0.8,-0.7,-1.46,-3.26,-3.92,-4.42,-1.37,-1.42,-2.2,-1.97,-0.96,-4.58,-0.9,-1.78,-2.53,-0.51,-4.83,-2.47,-4.22,-4.04,4.61
200511,3.23,6.91,0.67,5.32,5.01,3.83,4.91,2.49,5.03,5.73,3.48,1.96,4.58,4.03,4.8,1.39,4.62,4.49,4.03,3.29,2.82,3.99,1.84,-1.22,5.38
200512,0.27,-2.16,0.24,-1.74,-0.02,-0.02,0.75,2.63,-1.14,0.63,-0.72,0.79,-0.14,1.87,0.11,0.75,-0.67,1.15,1.61,1.17,1.17,-0.05,-1.42,-1.23,0.9
200601,7.29,-0.55,-0.36,2.92,4.49,1.61,0.68,4.99,3.86,5.38,3.32,4.67,4.63,2.13,2.9,6.27,3.7,6.06,6.6,5.12,4.65,3.36,6.5,7.68,3.77
200602,3.97,-1.05,1.02,-0.62,-1.32,1.86,2.65,1.9,-1.57,-1.26,2.32,0.63,3.25,-0.1,-0.16,-2.05,0.63,2.02,0.75,-1.09,-0.4,-0.05,-3.29,-1.08,1.09
200603,4.22,0.95,1.11,1.34,1.44,3.33,3.56,-1.29,3.31,4.01,0.11,-1.37,2.42,2.38,3.41,0.32,2.72,1.25,1.78,2.29,3.23,0.95,1.57,2.76,1.48
200604,-0.5,1.12,-0.07,-2.02,-1.26,0.64,2.34,2.71,1.42,-0.02,0.14,-2.78,2.17,4.01,3.86,3.47,0.13,-0.13,3.56,1.91,1.51,1.8,3.19,6.61,7.37
200605,-5.04,-3.71,0.49,-3.85,-7.17,-2.24,-2.13,-4.25,-2.59,-5.45,-3.63,-1.84,-0.77,-2.08,-4.65,-0.78,0.25,-2.08,-1.88,-4.15,-1.9,-1.25,-1.25,-4.26,-4.85
200606,0.64,0.61,-0.24,0.28,0.27,-1.44,-1.48,-1.08,-0.59,0.85,0.94,2.18,-0.93,-0.16,0.32,1.3,-0.47,2.36,0.69,1.01,0.8,0.03,1.31,1.4,-0.25
200607,-0.57,-0.64,1.83,-6.97,-2.87,0.49,-1.88,1.58,0.14,-1.36,-0.98,-0.42,-0.09,0.28,1.31,-1.19,0.18,0.41,3.16,-0.96,-2.22,2.1,0.69,-0.83,3.27
200608,6.03,2.09,4.66,2.26,3.31,4.65,2.53,1.4,0.44,1.64,4.34,6.08,3.29,0.23,-1.23,2.56,1.27,1.96,-0.91,-1.12,5.06,0.82,1.72,0.98,-0.3
200609,3.82,2.27,-0.2,3.03,3.68,3.56,3.53,1.35,2.95,0.38,2.11,0.85,3.06,2.33,0.47,1.45,2.67,2.22,1.46,1.7,1.08,4.38,1.43,2.09,2.59
200610,3.55,3.93,4.1,1.66,4.62,1.44,4.1,3.83,2.3,3.53,5.91,3.04,3.52,5.42,3.29,4.15,2.66,5.31,1.81,4.44,4.87,4.45,4.43,4.59,5.43
200611,2.78,-0.01,0.49,0.31,3.14,1.49,0.85,3.75,2.62,4.97,2.24,1.27,2.26,2.45,5.15,-0.35,1.63,1.51,4.54,3.87,4.05,-0.51,4,4.06,1.3
200612,1.61,-0.51,1.17,-0.79,-2.92,2.32,0.07,1.41,0.07,-1.02,1.46,6.49,2.85,1.31,0.19,2.22,2.2,3.38,1.6,2.14,1.77,4.03,1.94,2.72,2.64
200701,2.05,2.68,2.01,2.83,3.07,-0.39,5.16,0.26,2.83,3.29,1.87,1.32,-1.14,2.35,2.22,1.44,1.77,1.18,-1.36,1.71,3.71,3.86,0.17,1.01,3.39
200702,-3.63,-2.78,-2.12,-0.09,-1.48,-2.03,0.61,-1.01,-2.01,1.99,0.89,-4.41,-0.67,-2.43,-1.4,2.3,-1.02,-1.97,-0.62,-2.04,0.16,-4,0.25,-0.37,0.54
200703,0.78,-1.24,0.44,0.62,2.5,0.76,0.96,2.37,0.14,1.21,0.13,2.14,0.59,2.19,3.68,0.1,1.35,1.29,0.86,-0.28,2.2,-0.84,2.75,1.63,3.27
200704,6.65,5.5,5.6,4.43,2.7,4.67,2.98,4.11,3.77,4.16,3.18,3.67,4.09,4.3,3.72,5.28,2.76,2.83,1.67,3.13,2.34,5.17,1.44,1.44,1.58
200705,3.25,2.12,2.02,3.08,4.23,3.09,3.26,4.86,4.14,5.7,4.61,3.5,3.44,2.62,5.89,4.07,4.37,1.44,4.16,7.9,4.23,2.09,1.28,1.5,6.39
200706,-1.47,-1.36,-1.8,-0.39,-1.58,-1.25,-1.66,-0.35,-1.37,1.1,-1.55,-3.56,-2.05,-1.58,-0.78,-1.19,-3.08,-3.1,-2.29,-3.91,1.25,-1.34,-3.15,-4.75,-2.68
200707,-1.67,-3.22,-3.27,-1.94,-0.17,-3.91,-1.47,-1.22,-3.87,-0.63,-6.16,-2.74,-2.37,-6.18,-7.11,-2.93,-6.14,-5.8,-4.4,-4.75,-7.16,-7.06,-7.88,-8.52,-3.54
200708,0.82,1.47,1.43,1.39,2.92,0.76,3.3,2.12,0.62,3.61,2.98,1.56,2.27,-0.19,0.39,0.07,0.37,0.2,1.48,3.46,-3.36,-1.32,0.05,-0.2,0.09
200709,2.95,3.48,3.66,6.65,6.06,2.53,4.29,4.48,-0.54,6.14,-0.06,2.86,2.68,4.67,2.05,1.62,0.02,2.97,2.72,3.78,2.83,0.65,1.37,1.89,4.91
200710,5.73,3.17,3.35,1.93,5.08,1.84,0.49,2.06,2.43,3.21,2.42,1.61,0.12,5.15,-1.55,0.94,-0.93,0.78,-0.31,4.47,-0.5,-0.76,-2.19,2.33,-0.74
200711,-4.19,-2.53,-2.75,-4.56,-4.82,-2.69,-4.6,-3.34,-2.2,-1.55,-3.01,-3.93,-2.43,-5.07,-11.75,-7.98,-9.06,-2.76,-6.41,-1.82,-6.44,-8.15,-4.05,-4.02,-7.86
200712,0.27,-2,-1.33,-1.61,-0.34,-0.81,-0.63,0.86,-0.44,0.99,-2.07,-1.52,1.42,-1.43,-2.95,-3.26,-1.7,-0.9,-0.73,-0.64,-5.43,-1.66,-1.04,-3.89,5.05
200801,-5.25,-10.5,-6.24,-8.12,-10.45,-4.64,-5.52,-6.38,-1.06,-8.21,-1.6,-5.05,-6.99,-4.29,-5.95,-5.26,-3.66,-5.92,-3.31,-3.14,-6.89,-3.37,-5.92,6.68,-5.64
200802,-3.33,-0.49,-1.01,-1.75,-3.72,-1.14,-4.42,-0.08,-4.3,1.99,-3.73,-5.36,1.17,-4.04,-6.84,-4.17,-6.17,-3.48,-6.47,-0.25,-6.59,-5.01,-3.41,-11.73,-4.24
200803,0.19,-2.98,1.29,-0.26,0.67,1.36,4.51,-0.83,0.14,1.52,-3.49,-4.4,-1.69,-2.11,-5.32,-7,-0.44,-0.03,-4.4,-2.76,-2.2,-1.77,-1.36,3.91,1.36
200804,0.99,2.15,0.68,6.56,6.93,5.03,-1.46,6.51,6.61,3.16,1.51,4.01,7.89,6.73,11.13,4.91,6.65,5.92,4.09,3.73,4.54,5.83,4.49,9.32,5.1
200805,3.91,3.12,4.04,2.55,4.81,1.7,-1.35,-0.51,1.68,2.9,1.96,2.81,4.8,0.56,-1.36,1.87,3.46,4.49,-4.03,0.38,3.16,1.13,4.77,-7.42,4.57
200806,-6.96,-5.63,-9.57,-6.18,-7.67,-8.94,-8.7,-4.84,-9.63,-6.02,-7.06,-11.95,-5.63,-6.9,-13.35,-8.58,-11.51,-10.25,-13.59,-8.99,-11.28,-11.48,-10.4,-17.64,-8.93
200807,-3.51,-0.86,-0.56,0.22,-2.22,-2.06,5.58,1.65,-3.64,-8.88,-2.9,-0.16,-1.61,-0.58,-5.2,-2.97,-0.04,-3.3,12.35,4.07,1.99,2.27,-0.06,13.93,1.88
200808,3.49,2.11,1.01,0.23,1.38,1.93,0.94,3.06,2.31,-1.44,3.2,2.93,2.11,5.38,-1.25,2.37,0.43,0.21,0.11,-5.65,5.01,5.84,4.97,-1.57,4.26
200809,-5.72,-9.63,-10.58,-8.14,-14.33,-11.38,-7.25,-4.18,-11.56,-15.56,-20.75,-9.24,-1.15,-2.51,-13.47,-10.82,-6.92,-15.74,1.48,-7.05,-7.15,-8.7,-7.02,-1.46,-1.29
200810,-17.03,-15.46,-14.86,-14.2,-17.98,-17.28,-10.55,-14.73,-17.91,-22.9,-19.91,-8.31,-17.75,-16.6,-21.25,-28.97,-21.66,-24.24,-29.39,-17.67,-21.97,-24.77,-20.18,-9.55,-16.69
200811,-9.87,-5.55,-8.77,-3.69,-9.13,-10.07,-2.55,-6.15,-5.11,-8.95,-9.52,-2.7,-9.52,-9.36,-11.89,-14.56,-3.48,-5.82,-26.67,-12.52,-15.24,-9.29,-14.16,-21.36,-15.09
200812,-1.77,4.65,5.19,0.36,3.1,5.16,0.78,2.19,2.03,2.52,3.42,1.38,-0.65,1.79,2.68,-5.72,2.07,2.65,-6.18,1.68,3.73,8.5,7.88,1,1
200901,-7.01,-4.42,-4.15,-3.3,-2.03,-5.42,-7.01,-12.71,-8.29,-7.19,-3.61,-11.15,-10.58,-15.03,-6.07,-13.26,-12.23,-9.14,-35.5,-9.6,-15.16,-11.79,-20.1,-17.39,-16.6
200902,-6.32,-11.52,-9.52,-8.75,-3.7,-9.49,-9.81,-7.29,-10.82,-10.67,-13.31,-9.78,-12.32,-17.19,-7.08,-4.99,-13.33,-18.54,-28.83,-16.23,-12.56,-14.2,-15.66,-12.53,-16.85
200903,10.48,7.42,5.72,6.79,11.14,7.49,2.25,8.51,10.79,12.69,10.56,7.65,8.88,12.12,11.66,5.35,9.12,8.44,29.69,4.41,12.54,8.42,12.05,15.02,10.77
200904,10.51,7.12,5.01,6.22,10.6,13.37,5.07,9.33,8.07,13.86,15.39,5.84,14.07,19.58,13.95,20.15,10.32,12.23,23.18,14.79,20.38,20.38,16.71,22.69,12.52
200905,4.06,4.68,7.74,4.13,5.04,7.26,4.86,2.47,3.97,12.9,7.35,2.68,2.63,7.35,6.82,6.43,1.01,6.38,15.33,9.31,-0.76,5.32,-1.36,11.22,4.37
200906,6.5,1.45,0.69,1.75,1.39,-0.52,-1.17,-0.48,-1.65,-0.63,-0.42,1.72,-0.4,-2.99,0.19,-1.5,2.36,-3.88,1.3,-2.07,1.86,3.7,1.66,-6.9,1.29
200907,9.59,4.31,6.47,7.16,5.67,10.7,10.21,10.04,7,7.8,9.26,8.42,11.49,6.33,6.04,11.26,12.13,7.84,9.81,8.31,10.79,8.37,11.35,14.09,8.63
200908,3.37,1.22,0.63,1.23,1.35,7.19,5.06,2.6,2.25,4.8,5.05,2.61,3.48,0.98,2.33,4.13,8.62,2.39,5.44,7.76,19.25,7.29,14.29,14.99,4.44
200909,5.25,2.22,4.51,3.29,5.47,3.3,0.79,4.6,3.17,4.53,5.51,2.83,9.42,0.86,4.64,6.83,2.96,7.75,6.3,4.85,6.18,7.43,6.21,-0.43,11.19
200910,-2.39,0.9,-0.86,-2.27,0.22,-3.7,-0.82,-2.36,-0.24,-2.93,-1.15,-3.96,-7.36,-1.82,-1.64,-6.7,-5.55,-2.69,-4.42,-5.1,-7,-7.23,-14.56,-10.37,-9.67
200911,5.7,6.51,6,7.16,6.91,7.13,4.13,8.02,5.34,3.07,2.21,3.08,7.71,2.55,3.72,2,8.18,3.42,3.44,5.28,1.33,4.63,11.14,7.72,4.25
200912,2.61,-1.73,1.57,1.2,4.77,4.89,3.78,3.82,2.16,3.43,4.55,2.39,3.17,5.23,6.13,2.73,3.47,6.01,5.07,2.02,1.52,11.73,6.34,-1.08,6.56
201001,-5.35,-3.16,-2.29,-2.73,-6.89,-5.04,-3.36,-4.97,-3.31,-3.18,-4.18,1.85,-1.52,-3.95,-2.1,-7.45,0.07,-2.67,-3.85,-5.41,-4.41,-3.69,1.43,0.65,-4.09
201002,3.48,1.74,3.02,3.62,2.38,6,3.27,4.33,2.67,3.34,2.56,2.1,4.27,1.97,4.37,4.46,4.28,4.66,4.89,4.63,6.27,7.31,8.18,6.47,4.96
201003,8.68,4.64,4.33,4.93,7.17,5.41,5.42,6.99,5.05,6.31,7.51,5.21,9.26,5.99,5.25,6.97,6.8,6.96,5.54,6.92,11.29,11.05,13.18,8.11,5.19
201004,1.72,0.86,-0.38,0.81,1.49,4.67,2.5,2.3,4.94,1.98,7.29,0.07,3.77,0.25,1.98,-0.58,1.67,3.12,3.97,0.71,8.26,2.65,9.64,3.08,3.56
201005,-6.5,-6,-6.46,-7.18,-8.71,-6.32,-7.5,-6.05,-7.63,-9.25,-9.12,-7.67,-9.43,-6.5,-12.04,-6.15,-8.92,-10.02,-7.18,-7.26,-9.05,-9.44,-9.77,-10.27,-8.33
201006,-7.28,-3.15,-0.99,-4.06,-6.28,-7.01,-6.44,-4.91,-5.68,-8.66,-7.48,2.68,-7.69,-5.11,-5.14,-8.67,-6.66,-8.56,-6.17,-7.69,-10.53,-14.17,-13.09,-8.33,-8.75
201007,8.09,5.46,7.33,8.3,6.35,8.49,5.4,5.54,7.31,4.65,6.87,8.92,9.65,5.99,6.5,5.07,10.1,8.13,6.78,4.59,7.74,8.66,5.94,7.56,0.75
201008,-5.76,-4.22,-6.07,-3.17,-3.66,-7.95,-4.18,-2.26,-5.65,-3.4,-4.58,-8.32,-4.14,-2.95,-0.44,-7,-10.68,-2.74,-3.1,-1.6,-6.15,-9.57,-6.73,-6.79,-10.16
201009,12.65,8.92,9.91,8.2,12.19,15.29,8.36,6.55,10.21,10.44,10.7,10.69,8.84,8.63,9.17,9.58,7.99,8.22,8.16,6.95,8.18,8.27,11.16,8.02,7.26
201010,4.58,3.25,4.6,5.32,4.43,3.3,4.84,5.47,3.42,4.78,5.48,6.44,3.14,4.45,3.72,2.81,2.37,3.86,2.44,-0.38,4.45,1.93,1.83,3,-5.89
201011,4.57,0.96,0.26,-0.63,-0.47,6.52,0.52,4.08,2.55,2.26,-1.13,3.02,0.69,1.01,-1.52,4.31,0.94,-0.23,-0.34,0.2,-2.3,-0.98,0.29,-1.06,-3.4
201012,10.23,4.34,4.94,5.32,3.99,10.03,8.07,5.27,6.02,5.91,8.63,6.78,8.03,6.13,6.15,10.58,12.8,7.08,7.63,6.04,10.53,13.77,10.57,9.04,15.87
201101,3.2,1.18,3.97,-0.47,0.83,4.55,2.27,5.01,1.57,3.64,3.84,2.76,3.06,2.28,0.67,1.07,4.28,0.38,2.28,1.83,-2.11,2.1,2.18,1.86,5.31
201102,2.9,5.13,-0.09,2.69,2.92,4.45,3.02,5.09,3.04,5.62,9.52,3.66,7.28,3.24,3.29,2.68,2.43,3.9,6.26,4.67,9.15,0.2,4.53,5.44,4.44
201103,0.38,0.76,0.82,-0.5,0.45,2.05,0.85,0.27,0.8,0.83,0.72,2.78,1.45,1.52,2.12,1.32,-1.96,3.28,1.09,-1.32,-1.97,-2.26,2.2,-1.1,-2.47
201104,2.83,4.48,4.51,2.97,3.35,1.04,3.7,4.33,5.08,2.89,2.27,2.94,1.12,3.24,5.25,0.31,-1.27,3.74,3.82,-0.24,3.5,3.04,1.81,2.23,-4
201105,-2.44,-0.43,-0.83,0.17,0.34,-4.36,-1.06,-2.22,-2.13,-1.27,-1.11,-1.36,-1.91,-1.66,-0.65,-4.47,-3.5,0.31,-0.91,-3.82,-2.53,-5.81,-0.39,-2.25,-1.92
201106,-4.43,-1,-1.07,-0.25,-1.6,-2.64,-2.86,-1.48,-1.88,-1.14,-4.29,-0.5,-2.34,-0.78,-3.35,-2.45,-3.42,0.42,0.14,-1.9,-2.03,-1.58,-3.24,-1.34,-4.69
201107,-3.26,-0.08,-1.42,-2.5,0.76,-3.16,-3.06,-3.63,-3.56,0.13,-4.09,-2.82,-3.38,-0.93,-0.57,-5.35,-3.94,-2.52,-3.88,-3.04,-5.29,-6.56,-2.67,-4.93,-4.32
201108,-9.52,-3.25,-3.65,-5.81,-4.01,-2.04,-3.35,-4.74,-5.91,-7.83,-3.48,-7.9,-8.19,-6.14,-12.47,-6.08,-4.5,-5.13,-5.37,-3.98,-10.59,-11.56,-7.76,-10.01,-13.17
201109,-12.37,-7.52,-5.45,-9.39,-5.02,-3.99,-6.55,-7.14,-7.78,-6.2,-1.23,-9.44,-9.78,-8.29,-13.66,-7.49,-5.79,-5.9,-9.17,-7.54,-8.8,-13.41,-14,-9.41,-13.21
201110,14.51,10.39,10.88,11.58,8.81,7.47,12.36,11.8,10.68,13.51,6.1,16.14,14.61,13.61,16.9,11.01,8.29,8.95,12.75,10.9,11.59,14.33,14.64,13.2,16.27
201111,-2.67,2.58,1.64,0.02,-2.56,1.21,1.43,0.6,-0.06,1.43,2.4,0.08,0.85,1.19,-1.16,0.33,0.66,-1.07,0.75,0.19,-1.66,-5.75,-4.79,-1.67,-4.77
201112,-0.67,0.51,-0.25,-0.26,-1.58,2.24,1.95,-0.45,-0.03,1.15,5.23,0.38,1.14,1.79,-3.08,7.84,3.26,2.46,3.57,-1.4,-0.15,0.64,3.78,1.41,-0.94
201201,10.9,3.47,4.8,9.07,8.83,0.39,2.91,5.49,4.18,2.48,0.51,4.72,4.3,2.38,5.75,2.87,1.5,4.49,3.28,2.66,4,8.93,8.27,6.81,8.17
201202,4.06,4.76,2.67,4,6.92,6.11,3.18,1.48,2.17,4.31,1.95,3.31,3.19,4.82,3.51,2.49,6.67,5.53,0.93,2.63,7.87,6.32,4.13,5.33,7.02
201203,3.79,4.25,2.96,2.35,5.42,1.16,2.29,1.97,2.53,1.79,1.44,1.51,0.72,-0.29,-1.38,5.81,3.08,3.25,2.14,1.98,5.34,7.02,7,2.63,1.87
201204,-1.96,0.17,-0.86,-0.78,0.18,-2.42,1.18,-0.92,0.02,-1.3,2.98,-0.5,-1.64,-0.77,-1.74,-1.29,-0.16,-0.1,-0.49,-1.44,1.41,-5.37,-4.67,-1.99,-2.89
201205,-5.5,-5.79,-6.72,-8.02,-5.64,-3.3,-3.32,-1.93,-6.29,-9.05,-2.29,-7.52,-6.46,-5.47,-9.04,-3.91,-1.72,-5.18,-3.85,-4.41,-6.79,-8.58,-13.91,-10.99,-12.46
201206,1.98,4.14,2.33,1.57,3.17,2.26,3.51,3.48,3.93,5.26,8.03,2.93,2.21,4.81,3.35,6.38,4.96,4.89,3.32,3.81,4.3,5.28,6.18,4.85,5.89
201207,0.55,0.8,0.36,0.06,0.5,1.2,2.09,2.23,1.26,4.23,1.04,-2.85,0.66,1.93,-0.95,-0.72,3.61,0.52,2.52,-0.2,-3.16,-1.7,0.29,-0.03,-1.66
201208,4.01,0.07,2,0.61,5.7,4.42,1.03,2.49,1.21,4.38,1.5,3.21,0,2.97,3.42,5.49,-0.04,-0.57,3.74,1.31,8.34,3.98,4.41,7.9,3.38
201209,3.85,3.17,1.07,1.5,1.11,2.37,3.2,1.46,1.98,4.39,5.14,3.18,3.82,2.82,1.17,2.81,3.37,3.02,2.5,3.69,6.43,3.79,6.15,1.51,1.5
201210,-1.36,-2.5,-1.24,-2.48,-6.31,0.16,-0.38,-0.31,-0.77,-3.07,-2.37,0.73,-1.16,-1.48,-2.85,0.77,-3.39,-2.17,-0.14,1.48,4.79,1.5,2.99,-0.56,1.41
201211,3.58,1.3,1.77,3.05,1.02,2.61,0.97,0.61,-0.72,3.16,0.34,3.99,-0.88,-1.26,0.54,0.37,0.88,-0.48,-0.87,-1.74,-0.54,-1.03,-0.83,0.25,0.6
201212,-0.64,-0.28,0.73,0.57,-1.41,0.49,-0.64,-0.29,0.71,1.75,0.9,3.09,1.42,3.1,3.78,2.21,0.26,2.36,4.97,2.53,9.62,4.53,5.75,1.73,5.69
201301,8.91,6.64,6.22,4.93,0.76,6.33,6.8,5.23,4.81,6.85,7.13,5.04,4.52,6.01,7.31,7.36,5.91,6.6,11.26,5.95,6.32,8.84,4.75,11.67,5.37
201302,1,1.17,2.01,1.9,-0.29,2.45,0.14,1.99,0.49,2.6,2.03,1.62,2.52,0.66,2.03,0.52,3.19,3.13,2.42,1.05,0.5,1.52,0.97,0.57,-2.55
201303,4.49,4.1,5.73,4.88,1.85,5.13,5.52,4.21,2.99,2.05,4.11,4.84,6.11,3.34,3.35,5.57,4.04,4.9,4.33,4.07,5.18,4.72,0.97,5.29,2.66
201304,2.77,0.94,0.98,1.58,2.05,1.21,2.36,1.03,1.21,1.57,-0.4,2.29,5.55,0.31,0.12,1.35,2.04,1.78,-0.9,-0.36,2.49,1.61,4.63,-0.64,2.5
201305,2.84,-0.68,2.89,0.72,4.13,3.03,1.62,2.54,2.65,3.78,0.21,3.33,-2.41,4.48,2.51,5.15,-1.59,4.01,4.69,2.61,8.78,5,8.69,9.99,3.73
201306,-2.23,-3.71,-0.29,-0.95,-3.71,-1.3,-1.27,0.23,-0.67,-0.91,0.25,-1.65,0.83,-0.22,-1.28,-0.92,0,-0.03,-0.63,-1.15,-3.36,-1.67,-1.91,1.07,-5
201307,6.44,3.55,4.98,2.08,11.08,4.25,5.62,5.75,4.35,4.29,5.32,4.75,5.9,5.35,4.82,7.67,6.45,2.83,5.67,6.86,4.29,7.74,7.94,6.63,4.69
201308,-1.94,-3.44,-2.49,-1.35,1.66,-2.27,-3.66,-4.67,-0.66,-2.39,-4.23,-2.39,-5.31,-1.83,-3.07,-3.59,-3.98,-3,-4.1,-0.78,-3.31,-4.13,-5.01,-2.92,-3.74
201309,3.37,4.28,3.89,4.37,5.64,1.14,1.83,3.14,5.56,4.82,4.78,2.5,3.41,2.89,3.07,4.27,5.14,3.25,2.45,6.55,4.63,3.48,1.84,2.31,3.32
201310,3.39,2.92,2.96,5.38,4.66,6.27,3.39,5.1,1.55,5.33,6.48,4.67,3.3,6.09,2.84,7.03,4.18,3.88,2,5.25,4.38,4.22,3.87,4.82,2.77
201311,2.29,3.57,3.11,3.89,3.49,1.78,4.33,3.48,1.01,2.77,2.36,0.49,2.27,0.86,2.78,1.79,2.27,1.42,2.79,1.53,4.19,4.27,7.61,5.6,-0.34
201312,2.98,2.07,3.56,2.07,2.37,0.49,3.53,0.67,4.84,4.24,4.67,2.33,3.26,3.96,3.83,2.53,4.13,1.16,2.48,3.43,1.54,1.96,2.37,0.93,2.45
201401,-3.92,-4.08,-4.26,-2.81,-2.56,-4.34,-3.96,-3.71,-3.21,0.16,-7.78,-2.18,-1.29,-2.23,-2.39,-3.62,-4.37,-2.03,-5.29,-4.11,-6.6,-6.11,-1.71,-5.75,-2.4
201402,5.65,5.26,4.85,3.81,6.49,2.56,5.91,4.76,6.98,4.15,3.62,2.97,0.7,5.92,5.23,5.11,4.51,4.8,4.15,5.01,4.91,3.32,2.56,2.86,4.48
201403,0.45,0.24,1.05,-0.02,-5.29,0.42,0.24,2.43,-0.17,-2.63,1.83,3.8,1.01,0.89,1.64,2.42,-0.32,1.89,4.9,2.43,2.67,1.42,4.98,5.02,3.82
201404,-0.17,0.59,0.58,-0.48,0.04,0.15,1.15,1.13,-2.43,-1.72,1.57,2.33,1.13,1.86,-2.34,1.14,-0.28,0.49,1.6,-0.16,-1.31,0.41,-4.63,-0.59,0.15
201405,2.47,0.85,1.6,2.87,4.66,2.53,-0.63,1.64,2.83,2.1,0.07,2.61,3.13,1.93,3.56,2.43,1.73,1.71,0.68,0.45,1.41,0.84,0.71,2.74,3.14
201406,2.95,1.35,-0.7,1.4,4.46,-0.43,0.61,1.59,3.5,2.92,1.05,0.52,2.15,4.65,5.42,3.18,4.2,3.47,3.07,7.47,4.9,2.43,3.06,6.27,4.19
201407,-3.94,-3.55,-1.61,-1.04,-1.83,-1.82,-3.62,-2.86,-0.39,-1.83,-2.76,-0.07,-2.19,-0.56,1.04,-2.46,-1.98,-2.73,-2.91,-4.65,-1.79,-2.27,-2.83,-2.58,-2.27
201408,4.17,4.73,4.99,4.21,6.62,3.04,5.25,4.52,5.41,3.68,3.45,3.16,1.79,3.7,1.78,3.67,1.59,4.75,2.69,-0.91,4.96,4.35,3.54,7.85,3.29
201409,0.23,-1.72,-0.61,-0.73,-2.82,-2.29,-2.24,-1.3,-1.23,-1.72,-1.96,-2.48,-3.13,-1.29,-1.18,-5.41,-3.03,-5.24,-4.17,-4.44,-0.79,-1.53,-2.13,-1.73,-4.93
201410,3.82,3.9,0.14,6.08,1.96,7,1.99,2.71,2.92,1.3,2.63,4.25,3.61,1.24,1.04,3.57,2.08,1.16,0.56,-0.73,1.29,2.15,1.51,1.37,0.3
201411,4.47,3.96,3.16,3.83,2.3,4.16,4.4,4.11,3.97,0.11,2.67,3.92,-0.07,6.03,1.64,5.26,-0.05,2.3,-2.31,-1.61,-0.23,-0.9,0.15,4.97,-0.37
201412,0.21,1.26,-2.51,-0.58,-1.42,3.26,-0.11,0.94,-2.42,-0.92,-0.8,0.35,1.8,0.3,-3.68,0.32,0.15,1.87,1.61,-3.78,1.74,2.3,3.62,1.66,2.4
201501,-4.58,-1.95,-0.46,-1.18,1.14,-1.61,-0.03,-4.38,-2.65,-2.16,-3.97,-2.19,-4.41,-3.57,-4.95,-6.25,-1.85,-1.04,-5.93,-4.19,-8.38,-7.16,-9.4,-4.51,-1.93
201502,7.56,5.43,5.76,6.24,8.13,6.01,2.79,4.23,8.05,5.26,8.51,7.95,5.42,5.04,8.83,3.61,3.05,3.78,5.13,12.01,5.17,6.74,5.99,4.91,9.39
201503,-1.39,-2.22,-2.11,0.3,0.09,-0.27,1.01,-2.38,-1.94,-0.01,-1.3,0.02,-1.76,-1.47,-2.32,-3.51,-3.36,1.05,-1.36,-0.73,-2.26,-0.81,0.4,-1.47,-0.52
201504,-0.09,-2.4,-0.24,-1.07,1.23,-1.26,-0.71,-1.47,3.08,-0.61,2.19,-1.62,0.31,0.5,2.69,3.35,2.95,-0.08,2.89,2.8,1.61,2.63,2.56,-2.23,-0.88
201505,2,1.53,2.1,1.69,2.01,1.79,1.92,-0.9,1.59,1.06,1.62,2.8,0.34,2.25,-0.01,2.37,-0.12,2.22,-1.08,1.39,1.32,1.35,2.23,0.9,1.16
201506,-2.88,-1.81,-1.6,0.85,1.37,-1.35,-2.67,-3.96,-2.44,-1.07,-1.27,-0.92,-0.96,-3.85,-3.88,-4.39,-1.33,-3.65,-1.67,1.55,-0.6,0.45,1.39,-3.9,-0.67
201507,1.7,4.69,2.11,-0.18,5.52,1.04,0.23,3.54,5.8,1.72,1.85,-0.04,-0.22,0.6,-2.39,-7.95,-1.4,-1.64,3.2,-0.85,-2.05,1.23,-0.19,-2.82,-8.91
201508,-6.21,-4.55,-4.81,-6.85,-7.93,-7.68,-5.67,-8.28,-3.76,-6.17,-3.93,-6.33,-5.27,-4.51,-6.21,-3.29,-4.43,-5.36,-5.47,-3.14,-6.53,-7.73,-6.02,-5.92,-5.1
201509,-2.12,-1.3,-0.38,-2.99,-4.13,-5.75,-2.22,-2.45,-3.9,-2.84,-4.36,-2.76,-1.38,-3.11,-6.67,-6.28,-0.49,-0.82,-1.8,-4.91,-7.38,-5.42,-4.34,-4.13,-9.28
201510,7.73,7.67,6.07,7.55,9.29,9.89,5.89,8.01,9.16,13.16,8.78,10.11,7.16,6.38,6.93,8.46,11.21,6.65,3.77,0.74,8.71,7.19,6.27,4.65,9.21
201511,0.2,0.68,-1.06,0.14,1.45,-0.83,1.07,-1.48,2.01,2.28,-1.68,-0.56,-0.97,0.87,0.96,0.61,1.81,0.41,0.75,3.31,2.4,2.39,3.52,4.6,0.31
201512,-0.39,-0.7,-1.65,-5.39,-0.27,-2.21,-0.32,-0.87,-3.72,-2.26,-2.39,-3.78,-1.56,-2.4,-5.48,-7.27,-1.43,-0.72,-1.68,-5.66,-5.92,-4.5,-3.65,-6.23,-7.8
201601,-2.07,-2.44,-7.42,-8.14,-12.71,-6.25,-3.14,-4.07,-4.04,-3.94,-6.87,-4.98,-6.86,-4.94,-6.12,-4.49,-7.4,-1.42,-3.43,-7.63,-9.57,-13.14,-10.17,-10.03,-9.08
201602,0.84,1.33,0.82,0.03,-2.19,2.23,1.31,1.03,-1.67,-4.68,-0.52,3.51,2.04,0.83,-2.37,1.89,-0.08,1.23,-0.33,1.71,-4.41,-6.8,-3.19,-4.27,1.02
201603,6.87,6.76,4.97,9.29,5.57,7.41,5.73,5.6,6.98,9.11,6.54,5.28,6.98,8.29,10.49,7.75,8.69,8.63,6.07,8.85,8.68,8.42,6.64,8.41,13.54
201604,0.08,-0.55,1.24,-6.72,3.71,0.74,1.51,0.41,-2.65,-5.07,2.83,4.04,1.02,2.31,5.03,5.06,0.27,1.34,2.14,1.55,3.88,8.37,6.88,5.99,5.2
201605,1.13,0.71,0.5,3.96,3.43,0.12,1.93,0.75,3.46,5.42,2.11,3.53,2.5,2.08,1.61,-2.71,-0.72,0.56,0.19,2.97,-0.61,0.84,2.75,2.47,1.76
201606,2.49,2.49,1.12,-2.09,-3.2,0.45,2.79,-0.31,-2.41,-2.25,0.86,2.34,0.26,1.01,-3.43,0.45,2.27,3.8,0.1,-0.74,-3.92,-6.5,-5.79,-4.77,-1.97
201607,6.78,2.79,5.79,2.92,7.01,0.71,5.21,4.47,5.46,1.45,3.11,-0.5,2.09,5.84,3.83,3.32,2.68,0.9,1.45,1.58,3.27,5.23,5.17,4.84,5.81
201608,0.58,-3.01,0.53,-0.59,0.21,1.02,-1.05,-0.8,0.13,0.48,0.71,0.72,1.11,1.34,1.6,1.13,2.84,-1.01,3.78,-1.18,3.44,6.34,4.17,2.39,3.19
201609,1.68,-1.08,-0.95,0.09,2.28,0.2,-0.74,0.27,0.77,-0.16,2.34,1.16,0.93,1.39,0.07,2.17,0.14,0.3,-4.7,-0.45,0.6,0.1,0.33,-0.18,2.15
201610,-2.13,-2.31,-2.21,-3.58,-2.97,-2.15,-3.29,-3.54,-1.36,-1.62,-4.06,-3.22,-1.5,0.47,-1.66,-0.97,-2.64,0.73,0.6,-4.91,-0.95,2.2,2.23,0.94,-1.64
201611,3.65,1.91,2.32,2.54,-0.3,4.39,5.56,4.48,3.81,5.1,6.84,6.36,5.49,4.44,7.1,11.83,5.02,4.95,10.53,5.34,15.53,13.61,15.61,11.35,8.29
201612,-0.99,2.52,2.47,1.2,-0.16,1.75,0.85,1.21,1.99,0.25,-0.82,2.42,0.69,2.18,2.62,1.24,4.57,3.59,3.86,7.11,3.27,2.72,4.39,5.18,2.23
201701,2.6,1.74,3.34,0.81,5.6,0.87,0.1,2.46,3.56,3.21,0.88,-2.12,-0.93,0.7,3.13,-1,2.14,-0.06,1.21,1,0.85,-0.79,-0.48,0.95,1.2
201702,5.01,4.86,3.68,3.17,5.8,1.82,4.21,4.52,1.99,3.22,0.9,-0.24,4.21,4.57,1.16,-0.03,2.47,4.38,3.26,0.76,3.31,3.93,4.9,3.69,2.37
201703,0.97,0.33,0.01,1.63,2.82,0.31,-0.06,0.14,0.04,1.17,-1.07,0.29,0.3,-0.83,-0.82,1.08,-0.03,-0.87,-2.43,-0.33,-2.5,-1.89,-3.81,-4.01,-1.25
201704,0.58,1.27,2.21,1.79,2.36,-1.46,1.15,0.43,4.09,2.98,-0.1,1.55,2.24,0.2,0.19,0.32,1.2,1.07,-1.36,-1.73,-1.77,-0.43,-0.44,-2.78,1.68
201705,1.92,1.14,2.49,3.38,3.52,-1.53,0.16,4.06,2.83,0.8,-3.06,1.02,1.79,0.41,-0.01,-4.04,0.22,1.09,-1.41,-1.73,-4.94,-0.56,-3.22,-1.6,-0.47
