date,LoOP LoINV,OP1 INV2,OP1 INV3,OP1 INV4,LoOP HiINV,OP2 INV1,OP2 INV2,OP2 INV3,OP2 INV4,OP2 INV5,OP3 INV1,OP3 INV2,OP3 INV3,OP3 INV4,OP3 INV5,OP4 INV1,OP4 INV2,OP4 INV3,OP4 INV4,OP4 INV5,HiOP LoINV,OP5 INV2,OP5 INV3,OP5 INV4,HiOP HiINV
196307,-0.95,0.3,-1.97,0.83,-2.28,-1.17,-2.04,3.27,1.36,0.15,-0.77,-0.66,0.46,-0.29,2.16,-2.92,0.45,-0.71,1.11,-2.34,2.65,0.68,-0.43,-0.44,1.51
196308,7.75,5.78,4.6,1.31,6.75,8.95,5.64,2.67,4.08,5.57,6.77,4.53,5.2,4.65,4.91,3.77,4.04,6.4,7.32,6.77,5.66,6.33,7.38,4.79,7.12
196309,-0.88,-2.27,-1.54,-2.7,-2.85,0.82,1.4,-3.2,-2.63,-2.73,-1.2,0.03,-2.92,2.52,-1.09,-0.71,-1.99,-2.41,-3.2,-0.82,-5.59,-2.79,-3.16,-0.4,-0.73
196310,2.46,1.42,2.21,-0.71,1.25,1.49,0.32,-2.05,3.37,-2.06,0.35,0.24,1.18,3.14,2.99,4.12,-0.5,1.89,6.83,1.35,2.81,3.55,0.72,5.41,12.76
196311,-1.01,-1.68,3.31,-4.18,0.36,-1.35,-2.57,-1.65,0.11,-1.05,-3.35,-1.02,-0.97,3.29,-0.97,4.69,0,-0.67,1,-2.27,-0.19,-0.46,-2.73,-0.69,-5.39
196312,-0.28,3.59,-0.46,0.68,0.34,0.18,1.9,3.8,4.98,7.41,6.48,2.34,1.55,0.41,1.24,3.21,2.94,2.85,2.68,1.58,-0.27,5.82,0.36,2.84,-0.04
196401,0.86,1.79,1.1,4.82,1.9,5.62,2.12,4.42,5.76,-0.84,0.19,0.42,1.14,3.97,0.02,3.92,1.36,1.29,1.27,-0.73,5.87,2.15,2.32,4.89,0.44
196402,4.75,1.23,3.26,-0.86,1.51,1.14,4.26,2.01,1.63,1.62,-0.15,2.49,2.09,0.03,0.8,3.18,1.55,1.34,0.15,2.79,3.92,0.33,2.07,3.47,1.65
196403,6.03,2.75,3.82,0.45,1.16,6.53,3.61,2.2,1.9,1.57,1.18,1.91,0.25,-0.58,1.92,1.05,2.84,1.4,2.01,2.94,7.83,5.16,0.65,1.76,0.49
196404,-3.29,4.91,18.94,5.53,2.43,-4.18,0.51,3.43,2.51,4.15,-0.75,-0.53,-0.05,1.15,-1.72,-1.75,-0.56,-1.1,-2.77,0.18,-1.03,0.21,-0.48,-2.07,4.21
196405,1.09,3.19,2.17,-2.98,3.45,2.19,1.16,2.78,2.41,3.56,-2.44,1.69,1.14,0.63,0.06,2.22,0.22,-0.05,-0.47,0.29,2.73,1.22,0.65,2.72,3.78
196406,0.9,0.71,0.45,3.94,-1.45,0.07,3.44,0.25,0.62,1.77,4.24,1.7,3.64,4.88,1.57,-1.72,1.93,0.63,2.1,1.67,0,1.76,3.12,0.34,0.99
196407,3,4.11,2.04,-0.27,0.01,0.85,1.64,1.81,4.91,-0.48,3.81,3.76,-0.32,2.15,1.75,3.71,4.9,3.12,2.03,3.15,2.94,-0.09,5.73,-0.48,1.49
196408,-1.84,-0.51,-0.8,-1.63,0.28,-0.38,0.29,-2.1,-3.24,0.51,2.81,-0.2,-1.44,2.14,-1.24,-0.04,1.37,-1.44,-1.64,-2.3,-1.41,-3.14,0.79,-2.88,-1.21
196409,4.71,4.59,-0.31,6.14,7.9,2.73,4.45,2.87,5.18,3.75,0.28,3.45,0.29,3.52,3.52,1.73,0.4,3.69,5.44,3.11,4.09,6.51,3.5,0.45,5.97
196410,1.7,3.9,3.43,0.49,-1.98,2.52,-1.01,3.47,1.91,0.43,2.27,2.07,-1.02,0.49,2.14,0.58,2.04,0.9,2.49,3.37,-0.09,-1.53,0.76,-1.54,0.94
196411,-1.31,-1.19,5.34,0.57,-3.54,1.5,-1.43,1.53,2.36,2.72,0.73,-0.54,-1.41,0.87,0.47,2.79,-0.59,1.49,1.2,1.03,2.06,3.74,-0.79,0.61,-0.55
196412,-1.15,-2.59,2.2,-3.7,-1.73,-2.44,-2.95,-0.4,-0.92,1.15,0,-0.64,2.71,-0.28,1.79,-2.3,0.4,1.36,0.13,0.34,0.77,-1.03,2.76,-0.68,1.34
196501,8.99,5.7,1.36,6.47,10.77,4.09,4.64,-1.73,2.04,2.13,4.26,3.92,1.15,4.5,5.02,5.65,4.58,4.43,4.08,7.47,4.66,4.17,4.63,7.27,6.65
196502,2.32,3.63,2.02,0.55,3.61,2.11,0.92,-3.07,-3.48,2.4,0.77,1.17,1.21,0.21,0.55,3.43,1.59,0.53,1.68,4.22,-0.64,2.53,-0.64,1.67,3.88
196503,1.49,-0.54,-4.29,-1.94,-0.21,-0.06,0.16,-3.05,-1.18,-2.43,0.83,-0.12,-1.37,2.23,-1.88,1.11,-1.56,-1.4,0.35,-0.61,-2.59,-3.46,0.23,-0.42,-3.36
196504,4.91,5.83,0.29,6.6,3.53,4.4,1.59,1.04,2.38,9.51,3.96,0.98,2.64,3.88,3.44,1.09,1.95,2.77,3.63,5.58,1.54,2.77,7.96,3.35,4.62
196505,-2.09,-0.03,1.07,1.06,-3.23,0.64,-0.47,0.03,2,-0.81,-1.29,-0.56,1.4,-1.54,1.23,-0.74,-0.51,-1.28,-0.9,-2.03,2.47,0.28,-2.95,-0.11,0.74
196506,-9.06,-8.49,-3.79,-8.58,-11.17,-7.95,-3.3,-1.26,-4.85,-5.1,-5.05,-4.59,-3.94,-6.72,-5.72,-6.24,-4.51,-5.01,-4.73,-8.31,-5.5,-6.89,-5.21,-4.73,-6.81
196507,2.72,5.2,4.21,6.79,6.03,2.03,1.29,3.29,-0.35,3.59,2.62,0.6,3.16,1.65,3.28,0.55,0.71,0.66,1.46,-0.32,1.16,1.61,1.07,1.57,3.5
196508,3.03,-2.05,3.78,6.71,2.6,5.19,4.26,2.81,0.82,4.76,1.72,0.67,3.63,3.36,1.33,4.59,0.97,1.8,2.3,3.96,2.12,2.8,4.77,6.94,6.4
196509,5.83,3.57,2.39,6.03,2.74,2.82,1.58,3.92,1.36,6.17,2.96,5.05,2.42,2.08,2.94,6.79,0.42,3.29,1.74,4.69,4.21,5.5,4.29,3.95,3.35
196510,6.87,2.25,2.16,8.7,5.11,4.26,3.47,3.04,-1.47,3.34,3.92,1.75,0.26,2.28,3.35,0.99,1.51,3.28,3.27,2.38,3.2,6.48,3.09,5.39,4.92
196511,3.34,0.58,2.32,1.17,3.02,-0.98,0.4,0.22,-3,1.45,-0.99,-0.98,1.16,1.04,2.47,3.82,1.35,-0.65,3.81,2.19,0.32,-5.22,3.34,0.09,3.83
196512,2.91,2.69,1.67,7.81,5.88,5.21,1.29,1.88,0.2,3.19,1.8,1.69,-0.47,2.94,1.47,-0.86,-0.19,0.92,1.53,3.03,0.02,0.74,0.87,2.43,-0.51
196601,9.37,1.69,0.52,12.07,8.65,7.86,-0.52,5.58,-1.99,2.5,-1.44,-1.51,0.24,0.51,4.89,4.9,0.09,-1.98,2.29,1.17,1,-0.89,3.76,1.52,2.02
196602,0.27,-1.17,-3.39,2.25,6.19,0.32,-2.9,-0.14,0.14,4.86,-1.94,-3.77,-2.8,-2.29,-2.98,-1.29,-2.53,-0.91,-1.47,-1.05,-2.85,-2,-1.34,-2.33,4.12
196603,-0.75,-4.08,-3.77,2.69,-5.58,-2.84,-0.87,-2,-4.98,-4.44,-1.27,-1.47,-2.35,-2.69,-3.1,-1.23,0.05,-3.83,0.94,-1.66,-4.13,-4.71,-0.79,0.81,0.53
196604,3.47,1.25,1.59,5.65,0.81,4.65,0.5,0.78,1.73,0.61,3.61,2.91,3.68,5,4.41,4.69,3.06,1.69,1.95,6.03,-1.06,-3.21,1.81,2.83,6.13
196605,-9.02,-5.72,-6.55,-10.15,-10.48,-10.01,-4.74,-5.42,-3.51,-7.23,-5.05,-5.48,-4.18,-5.37,-7.28,-6.7,-3.88,-4.88,-4.44,-6.02,-4.24,-6.74,-5.53,-3.83,-3.71
196606,0.78,1.65,-4.38,3.58,0.8,-1.01,-1.26,-2.01,-0.35,-0.84,2,-1.41,-1.04,1.06,-1.08,-1.46,0.7,-2.55,0.09,-2.59,-2.12,-1.63,-1.04,-2.51,-0.65
196607,-1.37,-0.54,-1.92,0.08,-3.2,0.55,-0.49,-0.82,-4.11,-3.05,-0.51,-0.11,-0.92,1.12,-3.56,0.39,0.29,-0.05,-2.28,-1.96,-1.99,-0.45,-0.4,-1.28,-3.38
196608,-8.6,-8.09,-8.58,-14.16,-10.47,-7.3,-6.16,-6.05,-3.21,-10,-7,-6.56,-8.16,-8.01,-6.87,-7.94,-7.65,-6.52,-7.5,-7.52,-6.48,-6.69,-8.42,-7.14,-10.95
196609,-2.48,-1.13,0.85,-3.85,-5.52,-2.18,0.68,3.19,-2.08,-1.39,2.31,2.57,0.46,0.69,-0.75,0.11,3.04,0.1,-5.56,-5.08,2.73,-2.06,-1.29,-1.36,-2.65
196610,0.03,5.45,3.37,1.64,1.46,5.8,9.37,9.84,2.5,4.79,8.83,8.45,6.38,4.49,1.8,2.38,5.53,2.74,1.31,-0.11,5.3,3.92,1.85,1.52,2.01
196611,3.76,-0.36,2.97,2.39,7.22,-2.79,-2.91,-1.09,1.55,3.45,-2.33,-0.8,-2.69,0.04,5.03,3.86,2.46,2.17,3.26,2.54,-1.72,4.35,2.1,3.56,11.71
196612,1.49,-0.89,2.27,3,2.65,1.99,0.44,-0.23,-3.27,3.87,1.34,1.51,3.62,-0.79,-0.13,2.12,0.15,-0.01,3.35,1.54,4.95,2.51,-1.66,0.1,-2.42
196701,15.6,10.41,6.99,14.15,15.83,13.09,5.1,6.22,9.65,11.68,5.99,5.47,7.8,9.05,11.75,6.39,3.89,4.69,10.54,13.21,5.05,7.42,9.33,9.51,8.83
196702,3.03,0.06,-0.88,1.11,2.88,-2.93,-0.85,-0.05,-0.04,2.1,-1.63,-1.65,0.06,0.82,4.66,1.55,0.55,-1.04,2.83,2.6,1.07,2.62,0.43,3.21,2.76
196703,6.37,4.95,3.56,4.35,3.01,2.89,3.72,2.59,4.06,4.59,2.43,4.62,3.15,5.85,4.16,1.41,0.81,5.6,5.25,7.95,4.25,3.58,5.14,5.12,5.5
196704,4.21,0.88,2.57,2.27,6.87,0.71,0.94,2.04,9.38,2.24,2.77,1.97,3.64,2.42,3.17,3.18,1.48,3.32,5.3,5.66,-0.34,4.93,3.32,8.54,7.79
196705,-2.84,-2.07,-1.98,-4.31,0.08,-1.92,-5.04,-2.44,-5.18,-0.91,-3.16,-1.56,-4.47,-2.34,-0.14,-4.08,-4.24,-4.55,-4.22,-5.63,0.43,-2.48,-4.81,-5.94,-6.13
196706,4.19,1.97,4.9,7.46,9.39,3.53,2.37,1.19,0.43,8.68,0.25,1.1,-0.3,5.75,3.57,2.79,-1.02,0.51,-0.08,6.27,2.4,5.4,1.42,2.06,3.15
196707,8.56,7.41,7.56,7.97,8.89,6.95,-1.91,6.65,5.55,8.61,7.69,3.91,7.11,6.41,3.71,4.3,4.46,10.49,4.63,5.5,9.22,5.12,5.31,1.97,3.55
196708,-0.06,-1.8,-1.65,-1.07,0.33,0.56,-1.19,-0.62,-0.55,-1.79,-1.51,-0.1,-1.19,0.31,-1.8,0.94,-0.51,-0.06,-1.85,-1.98,-0.21,-0.48,-0.92,-0.16,-1.32
196709,3.25,3.74,5.89,2.09,9.62,2.16,2.94,1.52,5.61,0.69,1.63,3.31,1.56,1.53,0.3,5.81,0.91,2.92,2.63,3.17,4.1,-0.14,2.76,5.49,5.24
196710,-3.88,-3.58,-1.54,-7.22,-1.71,-8.17,-2.28,-4.81,-1.48,-6.36,-5.78,-5.16,-2.97,-0.55,-3.29,1.16,-4.9,-3.68,-5.09,-0.63,-5.32,-7.59,-3.21,-3.24,4.5
196711,-2.29,-0.36,2.16,0.19,-1.18,-0.27,-0.12,2.63,-0.71,3.13,-0.13,2.13,1.37,0.63,6.19,1.54,-1.03,-0.3,-1.31,1.47,-1.27,-0.04,2.31,0.66,1.87
196712,5.54,2.75,4.94,8.85,6.37,1.49,1.47,2.23,5.21,4.36,3.46,5.11,3.96,2.8,0.94,7.98,5.47,-0.32,4.25,2.37,1.9,6.51,2.4,2.17,3.27
196801,2.41,3.83,-3.62,-0.36,-4.25,1.71,1.92,-4.86,-4.65,-9.7,-2.01,-4.09,-2.36,-2.53,-9.03,-8.71,-2.12,-4.23,-5.93,-7.12,-2.79,2.34,-5.79,-6.42,-8.48
196802,-3.08,-4.71,-2.27,-5.65,-3.24,-1.56,-1.69,-1.99,-4.29,-8.29,0.09,-2.09,-4.3,-2.62,-2.96,-2.57,-2.73,-3.02,-4.88,-3.51,-2.49,-5.18,-2.61,-3.34,-3.88
196803,-0.28,1.12,0.45,-2.29,1.85,-2.24,-0.48,0.15,-2.97,1.56,-0.86,-1.05,-0.13,0.83,-1.28,-1.05,-2.88,0.53,-1.34,2.61,-1.19,4.14,2.68,1.83,4.44
196804,12.01,8.42,7.8,9.78,17.21,7.84,2.19,7.72,7.9,9.97,7,8.49,6.06,10.54,12.86,8.31,6.62,9.16,12.54,14.4,8.81,11.72,10.01,12.43,11.61
196805,6.14,3,0.27,9.12,4.41,1.57,-0.95,-0.5,3.92,3.37,1.91,1.06,1.93,3.77,0.17,2.59,-0.26,-1.08,5.85,5.8,-0.01,2.38,1.84,2.18,5.14
196806,1.98,4.6,2.7,1.03,2.3,1.11,3.42,1.57,0.55,-1.75,4.5,1.8,4.12,0.46,-2.66,-0.32,4.03,0.74,-0.26,-2.65,0.71,2.75,-0.71,-0.86,-0.45
196807,-2.46,-3.6,-4.37,0.25,-7.23,0.49,1.32,-2.92,1.54,-0.35,-3.68,-4.92,6.19,-1.32,-3.7,-1.83,-1.9,-2.53,-3.64,-3.5,-1.84,-4.61,-7.05,-4.12,-5.9
196808,2.93,5.19,0.7,3.74,1.05,4.73,1.75,3.4,3.2,0.63,2.15,-0.25,1.37,1.39,2.92,1.95,0,0.06,1.33,2.17,0.8,1.74,1.77,0.82,2.54
196809,9.81,6.91,6.04,5.48,4.94,6.99,3.82,3.54,6.15,5.18,6.41,5.43,0.53,6.48,6.93,6.72,0.65,5.17,4.08,6.34,5.2,4.62,1.3,2.3,2.98
196810,2.17,0.1,-0.45,5.81,2.27,-0.25,2.49,4.93,1.26,2.21,3.94,0.52,2.11,1.2,0.16,-0.1,-0.11,1.88,1.31,0.7,5.25,-0.08,1.79,-4.89,-1.57
196811,4.6,7.73,7.59,5.58,9.19,3.31,6.14,3.35,7.59,3.69,8.31,4.15,5.71,5.18,4.12,2.85,8.81,5.75,6.36,8.95,-2.45,4.82,6.77,9.22,6.53
196812,0.32,-1.57,-1.04,-3.27,-3.12,-2.21,-4.75,-1.39,-5.1,-3.93,-2.23,-3.49,-4.2,-1.57,-4.35,-2.44,-5.87,-4.49,-4.27,-2.35,-2.6,-2.53,-5.1,-5.17,-4.29
196901,-0.56,1.93,1.72,-1.83,-1.7,-0.98,0.55,0.79,0.97,-2.18,-2.8,1.36,1.47,-0.21,-1.82,-2.21,-0.01,-0.2,-0.28,-3.32,-0.04,-4.74,-0.86,-3.46,-2.74
196902,-6.64,-8.87,-9.11,-5.28,-11.9,-7.67,-4.47,-6.94,-7.17,-3.74,-6.65,-4.06,-3.75,-5.02,-7.93,-3.49,-4.73,-4.6,-4.67,-6.56,-2.35,-4.98,-3.49,-3.19,-6.41
196903,1.94,3.25,1.9,8.82,1.8,2.32,1.79,2.35,7.61,5.54,-0.63,3.69,4.36,4.24,4.07,0.41,0.32,3.08,2.42,1.35,3.95,2.28,5.03,4.97,1.05
196904,2.19,4.56,1.88,1.51,0.68,0.31,4.78,-0.18,1.17,-0.58,2.25,3.76,0.41,1.21,-0.63,-1.21,3.49,3.17,1.09,1.12,-0.42,1.21,2.95,3.23,4.47
196905,-1.03,1.27,-0.36,2.72,-4.59,0.3,1.62,0.5,1.78,-0.99,-2.17,-0.12,1.02,-0.18,0.73,-1.85,0.17,-0.07,0.87,-0.69,1.71,1.68,3.1,-1.04,-0.7
196906,-9.42,-12.03,-11.27,-9.43,-9.86,-10.45,-5.68,-7.62,-10.97,-10.01,-10.11,-5.17,-7.6,-7.9,-7.94,-6.74,-1.7,-5.08,-5.9,-8.01,-5.11,-8.97,-4.85,1.6,-5.87
196907,-8.55,-10.03,-9.59,-9.39,-7.43,-6.31,-5.2,-7.31,-8.59,-11.12,-4.04,-4.32,-7.32,-7.33,-7.86,-6.91,-4.77,-7.29,-4.79,-8.84,-4.57,-6.56,-3.63,-3.87,-8.43
196908,3.06,4.14,3.88,7.26,5.35,4.62,3,6.98,3.23,9.92,4.28,2.68,6.13,4.31,9.55,4.67,1.69,4.46,4.76,7.5,3.13,2.19,5.32,7.11,9.38
196909,-1.68,-5.62,-5.44,-2.73,-0.15,-5.58,-4.07,-3.62,-4.9,-0.01,-3.2,-3.3,-3.55,-5,-5.48,-1.91,0.89,-2.29,-0.03,-3.34,-2.89,-1.26,1.64,-1.1,-1.31
196910,6.5,4.78,5.98,5.5,10.47,5.25,4.71,4.69,2.69,7.1,4.23,6.37,2.21,2.77,5.22,6.42,5.51,8.02,7.42,5.09,5.81,3.76,6.11,6.13,8.73
196911,-4.99,-5.68,-4.4,-1.04,-5.08,-5.97,-0.79,-5.26,-2.89,0.39,-3.56,-5.08,-3.82,-3.75,-4.07,-0.09,-3.42,-4.08,-4.03,-4.8,-6.42,-2.95,-1.9,-1.46,-2.41
196912,-5.57,-1.61,-0.77,-1.95,-1.5,-3.83,-4.5,-1.19,-4.33,-2.49,-3.53,-3.1,0.19,0.02,-4.09,-2.73,-1.15,-1.59,-2.46,-4.21,-2.85,-1.69,-0.53,1.97,-3.57
197001,-4.58,-7.04,-9.48,-6.34,-5.38,-6.47,-3.89,-8.37,-11.96,-11.49,-8.14,-2.68,-9.07,-12.11,-10.55,-9.02,-4.12,-7.29,-5.75,-14,-7.06,-7.61,-7.38,-7.85,-9.09
197002,7.88,5.05,8.7,7.68,5.99,6.09,8.27,9.82,8.11,11.35,7.78,6.98,3,6.2,2.85,4.96,3.15,7.98,3.71,3.35,10.47,6.99,2.93,3.37,3.26
197003,0.41,-1.2,-0.97,-2.43,-2.05,0.66,1.35,1.59,-0.79,-6.47,1.32,0.84,1.6,-0.44,-4.14,-0.81,1.36,0.24,-0.48,-5.03,0.51,3.6,-2.79,-1.72,-2.84
197004,-14.12,-8.6,-7.65,-13.22,-14.83,-8.46,-8.6,-8.47,-10.3,-19.23,-7.26,-8.95,-7.65,-11.98,-17.48,-8.17,-7.96,-11.17,-10.32,-15.32,-10.24,-4.88,-9.78,-11.19,-16
197005,-9.25,-2.02,-4.5,-8.27,-12.21,-2.14,-4.98,-5.05,-5.22,-9.37,-8.09,-5.44,-1.79,-3.55,-8.63,-4.24,-5.26,-7.74,-9.07,-7.95,-3.63,-4.27,-5.69,-8.04,-12.27
197006,-9.86,-6.39,-2.5,-2.74,-6.6,-7.21,-7.91,-3.87,-0.45,-14.3,-2.57,-3.18,-4.31,-5.35,-7.89,0.57,0.08,-3.14,-4.83,-6.87,-4.32,-2.35,-5.77,-6.89,-8.67
197007,7.07,8.91,6.62,7.66,5.86,10.38,10.46,8.84,8.57,2.41,9.51,10.3,10.42,6.2,8.61,9.86,8.7,6.86,6.02,7.21,9.17,7.93,2.06,7.6,4.84
197008,4.26,5.65,5.84,5.21,3.82,3.88,4.06,3.63,5.14,4.28,3.55,7.01,3.18,5.87,6.01,4.62,4.64,4.02,4.27,7.31,7.69,7.33,3.75,5.6,7.64
197009,8.88,2.6,12.39,7.01,11.82,3.22,5.9,0.63,1.45,10.57,2.78,2.48,0.35,2.36,7.24,5.71,0.8,1.72,5.46,9.65,1.33,0.05,7.16,5.99,11.55
197010,-4.16,0.5,-5.74,-6.38,-3.92,-4.31,-1.51,-1.61,-3.79,-8.44,0.48,1.05,-2.75,-1.54,-4.91,-0.07,-1.87,-0.29,-2.86,-1.49,-5.56,-1.41,0.14,-0.46,-2.65
197011,2.37,5.34,2.09,1.69,0.73,3.24,7.94,4.3,5.44,2.75,4.03,5.64,6.12,4.75,8.05,4.64,5.71,3.67,4.18,2.99,7.06,7.1,5.2,4.37,4.43
197012,7.93,6.86,7.86,9.2,5.91,7.46,3.34,5.75,7.53,5.93,9.2,5.28,6.92,9.36,4.63,6.85,4.57,6.73,8.63,7.5,8.27,5.36,6.44,6.56,3.66
197101,9.34,2.68,7.57,9.18,10.03,5.8,3.69,8.09,2.33,5.67,4.89,-0.87,8.29,6.98,9.38,4.88,5.28,3.27,3.3,8.2,11.06,3.74,2.33,4.94,8.27
197102,1.45,2.17,4.13,5.68,-0.02,2.95,1.5,0.53,2.61,1.31,0.97,3.87,-3.6,0.58,0.45,5.37,0.66,1.87,4.73,4,2.42,0.64,2.02,3.68,2.49
197103,5.19,1.83,4.75,3.6,7.43,3.06,3.57,2.69,6.45,8.1,1.32,3.34,1.7,3.23,7.47,3.69,4.33,4.23,5.2,6.69,4.77,2.45,6,5.74,7.63
197104,5.32,6.49,5.14,5.43,6.17,-1.52,5.03,3.47,0.74,0.37,3.21,1.47,1.12,3.7,7.02,7.8,2.6,-0.4,3.5,5.17,6.49,6.31,2.44,3.57,4.18
197105,-3.29,-5.9,-2.77,-4.42,-5.4,-4.29,-3.54,-4.17,-6.59,-5.4,-2.66,-3.09,-5.16,-3.95,-0.28,-3.77,-2.71,-2.1,-3.65,-2.44,0,-3.82,-4.29,-2.28,-2.69
197106,-1.95,-0.15,-3.74,-2.02,-1.63,2.27,-0.28,-0.3,1.52,-0.73,-0.17,0.47,2.62,0.79,1.08,1.42,1.76,1.45,-0.07,1.63,-0.01,-2.87,-1.09,2.48,2.27
197107,-8.43,-3.88,-2.29,-9.34,-5.03,-3.19,-3,-3.6,-5.96,-4.58,-7.47,-5.33,-2.23,-4.25,-6.78,-8.12,-5.28,-0.55,-2.86,-3.74,-4.09,-4.08,-2.59,-5.66,-5.86
197108,7.69,10.01,4.49,5.98,3.16,7.71,6.31,-1.04,3.96,5.81,11.1,5.67,0.89,0.12,4.77,6.09,7.51,4.17,3.38,3.37,5.46,3.55,6.22,5.25,3.76
197109,-2.87,-1.43,-1.92,-4.98,-0.39,-0.44,-1.07,-1.66,-1.15,-0.32,-1.16,-3.31,-0.34,-0.24,-0.97,-0.85,0.52,-0.87,-0.95,0.06,-3.84,1,1.11,0.31,0.57
197110,-7.39,-6.84,-4.28,-5.71,-6.25,-5.43,-4.07,-3.13,-2.53,-2.75,-5.03,-8.83,-4.13,-1.56,-5.5,-4.56,-4.71,-3.49,-2.68,-5.04,-2.94,-4.86,-3.77,-1.54,-4.89
197111,-2.84,-3.22,-1.47,-3.16,-4.6,0.99,-0.45,-0.08,-1.5,-1.59,-1.47,-2.91,-0.36,0.34,-1.46,1.75,-0.4,-1.52,0.47,1.59,2.34,0.85,1.84,1.29,0.74
197112,13.22,10.05,9.25,10.33,14.15,5.02,8.41,9.75,8.34,9.63,9.52,11.89,8.71,8.51,11.27,8.78,6.69,8.68,9.37,9.41,5.06,9.48,9.8,9.79,10.39
197201,12.77,4.79,3.45,2.9,4.2,0.92,1.41,0.37,4.72,3.35,4.48,0.6,0.08,0.66,3.87,6.46,1.09,1.74,-1.31,2.9,6.89,4.46,3.04,5.11,4.42
197202,2.96,2.23,2.19,2.89,2.68,0.23,2.07,0.59,2.05,1.4,3.94,3.18,5.35,0.04,4.16,3.12,2.02,2.22,4.45,5.87,6.19,2.92,5.96,2.38,5.33
197203,0.5,0.03,-0.05,-2.82,-1.38,3.92,-0.15,-3.27,-0.12,1.39,-1.63,-1.18,-1.13,-0.89,0.16,-4.09,4.76,2.64,1.33,2.4,-0.43,-0.29,3.36,1.92,0.11
197204,1.24,0.34,3.34,1.84,0.54,-2.61,1.21,0.68,-1.69,3.11,1.64,0.2,-0.06,-0.97,0.36,3.26,0.95,0.3,1.74,1.14,-4.2,-1.02,1.21,1.12,0.75
197205,-1.75,-2.78,0.13,-1.16,0.88,-3.22,-0.33,2.92,-0.94,1.04,1.76,-0.56,3.44,2.35,0.22,2.73,0.5,0.18,0.67,3.42,-0.14,3.89,2.9,3.03,4.58
197206,-2.4,-6.31,-2.36,-9.01,-4.33,-1.53,-1.27,-3.52,-4.78,-2.38,-3.94,-4.79,-3.85,-2.06,-2.85,-3.18,-2.51,-3.07,0.13,0.41,-4.83,-1.19,1.84,-1.36,-1.94
197207,-3.72,-2.99,-6.76,-4.31,-6.34,-0.68,0.54,-4.21,-2.84,0.02,-5.1,-2.5,-0.54,0.13,-2.8,1.66,2.39,1.06,-0.65,0.33,-5.34,-1.41,0.94,1.95,0
197208,5.92,7.51,6.05,2.93,3.98,3.81,7.04,1.75,8.35,2.21,2.75,4.38,1,4.69,2.95,7.19,6.45,6.65,4.66,1.34,2.9,6.87,-0.98,2.25,1.15
197209,-3.72,-3.45,-5.32,-3.26,-3.42,-2.18,-2.52,-2,1.18,-1.46,-2.71,-3.43,0.16,2.97,-3.32,-3.7,1.78,-0.41,-0.86,-0.02,-6.29,-1.68,0.35,-0.53,-0.21
197210,-0.68,-0.11,1.2,1.13,-2.15,-0.34,2.15,2.31,1.79,1.09,-0.55,1.91,1.28,1.96,3.6,-0.78,2.33,2.24,0.78,2.69,-0.48,2.19,0.92,-0.71,-0.49
197211,9.61,10.73,5.42,3.66,6.56,8.65,8.19,5.74,5.81,7.24,7.74,9.31,4.86,7.08,1.32,6.25,2.94,6.52,4.79,0.54,6.11,4.86,2.94,2.54,3.97
197212,-2.06,-3.24,-2.3,-4.5,-0.87,-1.99,0.4,-3.35,-1.67,2.52,-0.36,-0.4,1.04,2.41,-0.06,-2.48,1.04,0.79,2.72,3.46,-3.47,-0.81,4.46,2.99,0.95
197301,-4.56,-3.18,-4.78,-6.27,-5.12,-7.36,-1.68,-5.18,3.76,-5.7,-7.64,-5.09,-3.07,-2.01,-9.24,-3.75,0.18,0.74,-3.66,-4.13,-2.29,-6.06,-4.59,0.87,-3.17
197302,-4.16,-6.07,-0.76,-7.23,-1.4,-5.05,-5.2,-4.96,-7.71,-6.84,-7.94,-5.94,-3.18,-4.48,-0.27,-3.94,-2.56,-5.76,-2.71,-3.02,-9.17,-7.41,-4.55,-1.29,-4.63
197303,-0.4,2.56,1.09,-0.07,-1.63,-0.79,0.68,-1.54,2.43,-2.57,-1.13,-2.73,-4.27,-0.58,-3.1,-2.87,2.44,1.6,-0.94,-2.49,-5.08,-3.01,-0.07,0.3,-0.99
197304,-6.77,-4.37,-5.86,-5.94,-6.05,-3.42,-3.05,-6.83,-1.12,-6.48,-5.54,-2.34,-5.33,0.04,-4.22,-4.01,-4.36,-1.28,-5.69,-6.48,-2.61,-1.55,-5.34,-6.03,-6.98
197305,-5.64,-2.81,-9.41,-9.62,-6.39,-2.95,-0.75,-3,-7.5,-1.15,-6.9,-4.28,-1.02,-0.83,-2.47,-4.82,0.85,-1.96,1.43,-1.27,-7.52,-6.32,-1.87,-0.85,-1.35
197306,-3.06,-1.88,-1.27,-1.58,-1.44,-4.17,-0.78,0.53,-0.84,-4.2,-7.05,-2.3,-2.95,-0.81,-0.01,-3.83,-1.79,1.39,0.37,-4.94,-4.01,-1.93,-0.32,0.24,-0.82
197307,8.08,9.61,8.75,7.33,8,10.35,2.95,2.14,2.79,12.26,5.42,10.38,1.66,6.25,10.5,5.21,10.03,5.79,7.15,11.79,4.52,1.13,5.23,2.61,11.56
197308,1.65,-0.62,0.27,-1.67,-3.08,1.63,-3.62,-6.15,-1.48,-5.43,-1,-0.81,-3.55,-2.7,-1.56,-3,-4.06,-4.57,-3.94,-4.27,-3.92,-4.07,-1.69,-3,-4
197309,10.58,11.29,8.59,6.48,6.03,9.72,6.86,7.2,7.35,5.82,10.21,9.78,7.67,8.21,13.5,9.01,9.01,7.87,3.19,4.85,5.56,7.8,7.28,-3.99,7.66
197310,5.14,1.67,0.39,-1.66,0.51,3.62,1.85,-1.73,0.24,-2.61,6.63,0.92,-2.48,-3.12,0.49,-1.58,2.22,-2.01,0.98,1.29,-3.45,2.67,-1.93,1.24,-3.6
197311,-9.16,-13.29,-11.46,-10.79,-10.8,-15.39,-11.54,-12.7,-14.07,-22.78,-11.57,-13.57,-7.3,-15.53,-14.14,-10.81,-18.24,-12.12,-13.59,-12.59,-18.05,-9.27,-13.27,-10.19,-17.04
197312,6.75,6.05,3.19,2.98,3.74,7.18,3.97,5.31,-1.55,4.21,5.73,0.85,4.65,-1.24,3.52,2.11,5.03,-0.06,0.12,-0.63,-2.26,3.75,-0.5,-3.44,0.44
197401,2.6,4.41,2.26,4.29,-0.38,5.28,-0.08,-1.07,4.07,5.43,-5.61,3.77,1.41,4.02,1.49,0.39,2.44,-0.24,-1.62,-1.78,9.68,-4.24,0.34,-1.64,-0.36
197402,4.23,1.88,-1.33,-0.01,-0.75,1.55,0.74,-1.8,3.41,1.85,5.78,1.89,3,0.57,-0.13,-0.73,4.64,-2.39,-0.96,-1.7,0.07,-1.13,0.14,-1.95,-0.14
197403,-4.39,-3.75,-6.01,-4.6,-2.9,-1.19,-5.45,-1.59,-6.88,-2.92,-3.85,-1.54,-3.41,-1.42,-4.7,1.29,-1.57,-2.34,-1.2,-1.15,-0.66,-1.39,-0.45,-0.54,-3.36
197404,-2.71,-6.14,-11.12,-9.47,-6.37,-4.58,-5.33,-4.64,-11.83,-6.13,-4.41,-2.23,-5.34,-6.03,-7.43,-3.8,-0.72,-3.31,-1.88,-3.82,-3.82,-3.12,-4.26,-3.84,-4.54
197405,-9.41,-6.35,-10.69,-9.82,-8.9,-6.28,-8.26,-5.78,-6.45,-8.83,-5.09,-3.3,-2.26,-6.01,-8.15,-5.61,-1.64,-1.19,-1.71,-1.15,0.92,-4.32,0.16,-0.43,-5.77
197406,2.35,-0.37,-3.51,-6.77,-7.41,0.48,-2.88,-2.5,-4.04,-7.75,-0.13,-1.23,-0.37,-4.87,-5.92,-2,-0.36,-0.92,-2.97,-5.29,-3.05,-0.66,-1.07,-0.75,-4.15
197407,-3.48,-7,-2.05,-5.99,-6.49,1.06,-2.57,-11.89,-4.94,-7.69,-6.31,-3.93,-5.22,-5.33,-10.93,-5.72,-5.98,-8.46,-7.96,-7.87,-1.7,-8.83,-8.67,-8.39,-11.83
197408,-8.08,-8.99,-7.9,-8.54,-9.57,-4.94,-9.19,-9.81,-9.98,-12.37,-5.08,-6.74,-4.73,-11.8,-9.73,-4.24,-10.51,-11.53,-11.15,-10.46,-7.95,-5.81,-7.54,-9.36,-8.92
197409,-8.29,-3.83,-3.59,-6.84,-10.89,-7.13,-8.45,-10.09,-5.67,-14.13,-11.09,-7.39,-5.26,-7.46,-13.6,-7.38,-6.11,-10.62,-11.75,-14.96,-6.14,-14.61,-13.04,-14.88,-18.21
197410,18.03,23.44,11.65,11.49,21.36,7.33,16.71,10.54,14.41,12.8,26.19,15.57,16.66,18.49,22.28,15.36,11.14,17.73,20.75,24.01,12.48,17.03,13.43,18.92,18.12
197411,-2.55,1.8,-1.23,-1.35,-5.49,-0.84,-0.99,-5.6,-2.5,-3.67,-0.27,-1.8,-3.98,-4.4,-5.09,-2.08,-2.55,-3.2,-5,-3.16,-3.09,-4.12,-5.34,-5.71,-6.71
197412,-3.41,-1.96,-3.9,-2.82,-4.59,-4.45,-0.54,-1.35,-5.13,-7.55,0.93,-0.56,0.12,-1.06,-2.62,-2.92,-1.62,-2.21,-4.5,-5.49,-0.48,-1.72,-2.54,-2.26,-9.29
197501,16.32,6.74,25.3,23.44,21.95,16.82,17.39,18.99,18.49,21.44,11.58,10.31,9.87,17.44,15.93,20.33,23.2,10.45,10.38,14.65,14.37,10.66,14.93,11.43,20.13
197502,5.14,3.03,1.05,3.29,7.54,4.64,3.07,3.24,6.28,5.37,0.84,2.38,4.54,1.81,0.44,2.74,4.6,6.42,8.95,6.51,5.28,9.86,7.34,11.53,7.36
197503,3.11,2.21,0.59,4.94,3.39,2.92,6.56,5.98,2.56,6.21,6.72,5.61,-1.81,6.06,8.48,5.67,6.19,4.4,3.25,4.98,6.48,2.32,0.73,2.12,4.7
197504,3.77,2.38,3.3,3.48,4.05,7.43,2.02,-1.07,4.19,9.19,3.84,7.9,1.56,5.39,7.57,4.21,3.99,3.65,4.77,7.4,8.54,-0.96,4.53,8.34,7.76
197505,4.82,8.91,6.79,10.35,6.5,4.12,3.35,9.43,5.61,2.88,13.29,2.78,5.73,5.98,5.42,2.21,3.97,2.98,2.96,5.34,6.45,11.38,5,6.83,4.43
197506,5.38,5.78,11.38,10.46,6.49,5.74,6.72,7.73,9.32,9.11,6.02,5.51,5.26,5.7,7.37,4.82,6.42,6.88,5.77,4.52,7.14,5.93,3.56,2.76,1.8
197507,-4.96,-8.42,-4.32,-3.93,-1.07,-5.17,-4.05,-9.25,-5.14,-7.01,2.86,-4.35,-4.22,-7.79,-4.68,-6.09,-6.9,-8.05,-8.14,-6.11,-2.42,-6.95,-8.45,-4.6,-6.57
197508,-5.58,-5.38,-3.23,-1.23,-5.48,-3.65,-1.6,-0.55,-3.24,-1.86,-2.82,-1.75,-2.08,-3.28,-5.81,-3.5,-2.59,-2.89,-2.22,-3.11,-3.11,-3.08,-1.14,-1.24,-1.44
197509,-6.91,-3.41,-3.47,-2.18,-2.97,-4.28,-4.78,-4.16,-4.27,-3.08,-0.17,-3.48,-1.61,-5.01,-2.45,-3.16,-2.86,-4.02,-4.44,-10.06,-4.26,-1.73,-1.07,-4.37,-2.95
197510,4.45,7.2,5.09,7.58,-0.18,7.39,8.36,8.5,6.29,3.9,8.82,4.77,6.58,7.57,5.39,8.47,8.56,7.26,7.96,7.72,4.31,9.4,7.66,3.22,1.89
197511,1.65,5.34,5.35,4.75,0.94,3.37,6.23,4.55,3.32,2.46,3.46,3.88,4.04,1.53,2.85,2.5,5.71,1.34,3.08,2.34,1.17,5.89,6.76,1.47,0.23
197512,-1.01,-0.79,-0.88,-0.76,0.25,-0.87,-0.97,-4.03,1.57,-0.99,0.99,0,0.77,-0.66,-2.53,-0.52,-0.76,-1.5,-2.29,-1.62,-0.71,-6.24,-2.07,-0.41,-0.56
197601,19.91,12.42,14.27,11.07,9.7,16.13,16.23,9.71,16.6,13.41,12.22,12.09,11.15,10.7,14.41,24.93,9.77,12.81,9.99,15.91,19.77,15.74,13.61,11.95,11.27
197602,6.75,4.12,3.25,-0.55,0.28,4.38,5.04,-0.23,3.67,1.38,4.6,2.16,2.85,-3.83,-1.45,6.47,-0.49,-1.55,-1.78,0.49,9.76,-1.09,-0.58,1.47,-1.37
197603,2.74,3.63,4.88,1.56,5.9,1.71,3.42,3.27,2.47,5.43,5.23,-0.08,1.11,3.75,3.25,3.68,5.06,2.35,2.76,-0.46,5.13,1.16,2.96,0.3,3.74
197604,-4.03,-3.11,1.08,1.58,-0.08,-1.47,-1.63,-3.43,-2.76,1.02,0.53,-0.38,1.1,-1.57,0.75,-1.34,-5.19,-0.34,-1.57,0.2,-3.87,-0.4,-2.85,0.47,-0.97
197605,-2.53,-2.53,-2.29,-2.95,-1.19,-1.31,-4.43,-3.32,-2.31,0.9,-2.38,-0.74,-2.41,-0.7,-1.2,0.69,-4.12,-1.83,-1.96,0.35,1.18,-0.11,1.08,0.75,0.91
197606,8.63,6.79,2.81,5.23,4.23,6.11,5.83,2.83,5.46,5.4,0.83,6.29,3.6,5.21,4.9,7.84,2.18,5.84,3.2,2.21,7.16,7.65,6.39,3.86,4.9
197607,0.82,-1.18,-0.39,1.45,1.18,0.94,-1.3,-0.68,-0.07,1.57,0.05,-1.48,-0.27,0.4,-0.48,0.2,0.33,-0.29,-2.04,-1.67,-1.47,-1.45,1.74,-1.23,-2.42
197608,-2.98,-1.9,0.44,4.16,-0.6,-1.98,-1.1,0.44,1.21,2.11,-4.03,-1.59,0.83,2.06,-1.09,0.77,-0.78,0.49,0.04,-1.61,-2.92,-2.58,0.7,-0.04,-2.07
197609,0.07,2.52,2.15,0.12,5.11,0.13,3.32,2.65,2.56,3.07,1.58,2.38,2.34,2.2,3.77,-0.58,2.05,3.81,-0.22,3.01,4.51,0.7,4.11,3.12,2.89
197610,-3.9,-6.54,-4.68,0.44,-0.04,-3.72,-2.58,-1.68,-1.49,-0.44,-1.47,-1.84,-2.24,0.18,-3,-0.55,-3.17,-1.36,-1.77,-2.81,-3.1,-4.57,-2.77,-3.03,-2.3
197611,3.15,2.99,4.34,3.4,1.89,3.7,0.24,2.07,1.81,2.36,2.99,0.26,4.54,0.22,-0.58,2.64,1.79,-0.01,-1.66,-0.46,1.85,-0.67,1.19,-0.19,0.08
197612,10.69,7.63,7.27,3.63,3.99,7.92,8.02,7.16,6.89,2.2,8.93,7.75,5.86,5.46,6.81,10.45,6.71,7.38,4.32,3.47,9.55,8.69,6.66,5.87,5.33
197701,-0.31,-1.29,-2.64,-6.46,-5.37,-0.48,-0.51,-2.87,-1.41,-7.14,-1.09,-3.24,-1.84,-2.21,-4.32,-0.81,-3.02,-5.53,-7.18,-6.77,1.91,-0.24,-0.6,-4.01,-5.91
197702,-2.76,-3.35,0.41,-1.13,-1.33,-2.48,-2.82,-1.21,-3.8,-1.89,-2.17,-1.9,-1.21,0.45,-1.94,-0.12,-1.07,-2.45,-1.62,-2.61,-2.32,-3.45,-2.12,-0.65,-2.59
197703,-0.93,1.14,1.1,-0.79,0.56,-1.37,-1.76,-0.27,-0.12,-2.84,1.37,0.04,-0.91,-1.44,1.48,-0.01,-1.06,-2.58,-2.67,-3.09,1.42,-0.27,-0.23,-1.23,0.04
197704,2.5,1.23,3.55,1.56,6.2,1.48,1.85,1.72,3.19,-2.96,-0.49,0.11,1.26,0.63,-1.04,4.12,0.93,2.18,-2.66,-0.57,1.76,1.26,1.42,-2.98,1.27
197705,-2.4,-0.39,-2.03,-0.63,-1.64,-0.52,-2.16,-1.11,0.03,-1.04,-0.71,-1.02,-0.54,0.31,0.11,0.59,0.88,-1.03,-2.34,-2.43,1.08,-2.54,0.62,-2.49,-0.83
197706,4.39,5.66,3.49,6.17,4.05,4.02,6.07,3.65,3.36,9.26,4.18,3.31,4.67,2.56,4.48,6.8,4.4,4.5,6.07,5.26,7.09,6.37,4.76,7.11,6.33
197707,-1.54,-2.6,-4.97,-2.06,-2.93,-1.93,1.33,0.56,-1.41,-0.26,-0.49,0.63,-1.22,-0.91,-0.9,-0.25,-0.44,-1.42,-0.67,-3.66,-1.92,-1.53,-1.79,-1.21,-1.05
197708,-1.76,-0.08,-2.05,-1.55,-2.46,-1.24,-4.02,-3.39,-0.47,-1.33,0.7,-1.53,-1.87,-1.38,0.08,-2.7,-1.11,0.29,0.88,-0.11,-2.83,-1.34,-3.1,-0.95,-2.41
197709,-1.93,-1.24,-3.31,-1.84,-0.37,-1.3,0.54,1.48,-0.16,0.6,-1.77,-0.31,2.55,0.16,0.44,1.59,0.66,-0.82,0.9,-1.43,1.47,0.81,0.06,-0.01,0.85
197710,-3.44,-4.73,-3.15,-2.53,-5.19,-4.1,-2.93,-3.44,-5.74,-4,-3.03,-3.49,-4.76,-2.66,-5.47,-3.17,-4.42,-5.23,-3.02,-3.78,-4.39,-4.61,-2.75,-3.93,-3.39
197711,9.9,4.74,4.65,5.1,5.68,9.61,3.3,4.41,5.6,5.86,5.72,5.53,3.27,5.51,6.19,7.71,6.09,4.23,3.61,3.92,9.29,4.4,2.21,3.08,6.72
197712,1.22,-1.38,1.22,-0.32,-1.28,1.71,0.71,-0.05,-0.49,1,0.91,0.9,1.85,0.51,0.76,1.41,0.3,-0.32,2.09,-1.55,1.89,0.86,1.15,1.44,0.86
197801,-2.74,-5.22,-4.65,-4.03,-6.92,-4.18,-4.74,-3.85,-4.46,-7.02,-2.85,-5,-4.44,-5.47,-6.45,-2.97,-6.08,-6.78,-7.27,-7.13,-4.37,-3.81,-5.35,-5.62,-7.05
197802,1.85,-2.55,0.04,-1.97,-2.2,0.74,-0.74,-0.37,-1.6,-0.26,2.23,-1.73,2.57,-1.81,-1.14,2.77,0.34,-2.35,-1.65,-2.44,2.66,-1.4,-0.84,-2.04,-0.85
197803,8.87,1.08,4.15,2.89,4.48,8.57,3.38,3.56,3.27,4.18,4.33,3.26,3.31,5.91,4.9,9.21,5.57,2.89,3.68,4.05,9.45,3.8,2.84,0.5,4.14
197804,9.17,8.58,10.78,5.63,9.21,8.54,4.29,5.6,6.71,7.25,7.49,6.86,4.55,7.29,11.59,6.62,8.86,12.24,10.61,11.19,10.04,11.59,4.43,10.92,9.44
197805,7.79,0.97,5.52,1.9,1.99,4.41,0.27,2.1,4.42,2.5,4.32,2.27,0.77,2.47,2.06,5.1,3.23,3.28,1.87,2.71,10.06,4.87,1.51,-0.01,4.14
197806,0.38,-2.14,-0.98,-0.71,0.04,-1.54,-0.25,-0.63,-0.82,0.66,-1.08,-0.67,-1.7,-0.18,0.44,0.56,-1.01,-1.48,0.04,-1.36,-1.54,-1.17,-3.56,-2.04,-1.79
197807,6.44,6.18,3.23,2.22,7.04,5.27,4.93,6.76,5.23,9.81,5.63,4.62,2.7,5.88,5.71,2.74,7.28,6.9,5.14,5.63,9.51,7.84,5.15,5.23,6.78
197808,6.82,2.41,2.76,3.4,5.36,4.24,3.57,5.29,1.5,6.11,5.07,3.4,3.81,3.89,4.07,4.59,4.05,3.82,4.91,5.53,8.59,5.14,2.66,4.46,6.71
197809,0.21,-0.18,-1.06,-1.16,1.49,-0.7,1.64,-2.35,-1.71,-3.29,-0.61,-0.98,0.1,-0.82,-1.6,1.55,-0.78,-0.84,-0.98,-1.96,-1.25,-1.82,0.13,0.06,-2.74
197810,-18.55,-11.9,-10.21,-11.25,-15.49,-13.55,-10.86,-12.39,-11.66,-11.25,-15.6,-10.95,-8.21,-11.62,-11.16,-14.77,-8.87,-10.24,-11.17,-13.7,-17.9,-7.06,-8.52,-10.87,-18.33
197811,2.99,2.85,3.29,3.07,4.97,4.65,3.48,3.3,4.64,5.54,4.59,0.93,3.22,2.45,6.91,3,5.34,3.81,1.5,1.85,5.52,3.69,1.62,3.53,5.17
197812,2.14,-1.44,-2.68,-1.33,2.23,2.02,0.14,1.8,0.61,1.48,1.5,-0.24,-0.15,3,4.13,0.29,1.26,1.91,0.63,0.84,1.37,5.86,2.19,3.46,2.18
197901,10.53,9.02,9.09,9.04,8.16,7.9,6.13,5.05,4.69,5.09,5.27,7.89,4.52,3.49,2.87,7.84,3.47,2.56,4.26,5.79,7.11,3.8,4.45,2.08,5.56
197902,-3.27,-2.37,-2.86,-2.36,-0.51,-1.58,-2.27,-4.62,-3.7,-5.02,-3.24,-2.57,-2.29,-2.81,-2.6,-3.26,-2.66,-3.11,-3,-4.95,-2.7,-2.23,-3.58,-3.25,-3.88
197903,11.02,6.51,5.51,4.61,7.23,6.55,7.26,4.62,5.54,8.26,9.04,5.61,2.99,6.64,8.02,10.43,6.75,5.37,5.86,7.65,10.54,6.02,4.87,6.92,10.38
197904,1.3,-1.45,-0.07,-2.89,-0.84,0.89,2.02,-2.1,-2.46,-0.65,2.71,0.5,-1.16,0.72,2.95,1.27,-0.39,0.97,2.98,1.55,0.43,-0.01,2.22,2.63,1.98
197905,-1.83,0.44,-1.95,1.26,0.88,-0.44,-1.99,-1.13,-0.09,0.23,-2.22,0.3,-1.25,-1.17,-1.52,0.11,-3,-2.01,-2.43,-0.89,-2.31,-2.25,-2.33,-1.46,-0.68
197906,5.63,6.7,5.16,4.17,5.11,4.17,6.19,6.06,5.26,8.18,5.97,4.13,2.91,7.3,6.07,5.84,2.53,3.64,5.31,6.72,4.89,1.53,4.89,4.27,5.04
197907,2.64,2.63,1.58,0.13,2.65,4.3,-0.03,3.9,-0.09,-0.02,2.64,1.17,1.07,2.8,2.82,7.12,3.26,3.59,1.14,2.24,1.46,-1.82,0.32,2.19,1.59
197908,7.01,3.71,5.8,4.57,7.38,5.02,2.61,5.6,5.97,8.36,8.11,8.89,7.58,6.4,10.62,6.9,4.6,7.07,7.55,8.73,8.69,4.8,6.48,6.6,8.58
197909,0.46,-2.27,-2.69,-2.75,-1.67,-1.54,-1.25,0.34,1.35,0.29,1.98,0.85,-1.41,1.06,-1.35,2.15,1.38,1.36,-1.66,0.21,-0.7,1.76,0.91,-2.44,0.72
197910,-10.41,-7.54,-8.41,-7.56,-7.78,-8.83,-5.83,-7.69,-9.43,-9.71,-6.18,-5.37,-7.27,-7.49,-7.79,-7.67,-4.46,-7.88,-7.82,-7.67,-7.41,-4.48,-8.79,-6.77,-7.99
197911,9.4,5.23,7.66,4.64,9.68,4.58,3.83,6.72,8.7,8.74,6.53,6.7,5.4,6.87,9.39,7,3.06,5.5,5.57,7.89,12.62,6.79,3.03,5.53,10.89
197912,9.24,0,0.74,-1.05,9.25,3.46,-0.78,3.12,5.39,5.73,1.28,3.01,3.45,2.36,5.29,5.61,0.28,3.79,1.78,5.56,11.38,1.06,2.27,2.17,4.5
198001,11.58,4.68,7.9,0.81,12.91,5.26,2.88,4.39,2.08,7.1,6.45,10.32,5.22,5.88,10.87,8.17,7.81,8.07,3.18,7.21,8.08,8.75,6.41,3.17,4.91
198002,-0.36,0.51,-4.33,-1.69,-4.36,-4.28,1.28,4.76,-2.84,-1.75,5.97,1.46,-3.96,-3.13,-1.94,-4.65,0.59,-1.78,-4.94,-1.69,2,6.52,-3.11,-3.59,-1.76
198003,-18.49,-12.14,-12.3,-6.58,-16.11,-10.28,-7.75,-12.25,-9.26,-17.1,-15.49,-13.66,-8.86,-9.45,-13.25,-14.07,-9.22,-9.77,-6.44,-12.74,-18.54,-14.06,-11.07,-8.22,-13.95
198004,6.15,6.09,9.5,6.75,3.57,4.75,7.76,5.84,7.71,5.75,6.8,4.5,5.53,6.53,2.78,6.13,3.61,3.09,5.54,5.85,4.08,3.18,2.03,4.24,5.05
198005,5.84,7.24,5.82,6.31,6.89,8.52,4.53,5.79,6.14,7.75,6.75,5.71,8.52,5.15,5.18,7.6,7.42,6.37,5.04,6.86,8.3,2.64,4.54,6.78,8.25
198006,4.15,3.4,3.53,6.27,3.68,0.92,0.75,4.14,4.69,6.77,1.24,2.43,1.96,5.28,3.93,2.01,3.24,1.79,2.41,5.35,3.04,5.04,4.27,1.88,4.39
198007,7.92,4.16,-0.54,3.25,3.51,10.4,3.01,5.33,6.3,13.09,7.15,4.34,7.02,8.81,5.57,10.13,7.35,7.35,6.95,10.84,9.4,5.21,6.19,7.05,14.13
198008,2.52,0.11,-1.33,0.24,2.1,0.95,3.05,2.38,0.95,4.73,6.26,0.54,1.36,5.45,5.52,1.98,3.87,0.65,1.06,1.92,4.11,7.9,1.87,2.12,3.84
198009,1.53,1.06,-0.88,1.78,4.32,1.81,0.41,3.6,1.58,2.03,2.32,3.49,0.71,3.29,8.78,-0.71,2.81,5.36,4.58,6.48,3,7.19,1.79,1.55,6.73
198010,0.02,2.81,-0.76,-2.6,2.54,1.27,-1.93,2.37,-0.08,4.07,2.1,3.5,0.54,2.2,2.04,-3.26,3.16,4.28,3.75,-0.13,2.52,6.82,-1.07,5.24,4.02
198011,4.88,6.03,0.93,5.43,6.68,3.83,2.78,11.5,4.56,11.43,10.96,13.93,14.07,13.16,20.35,0.13,10.11,10.32,15.52,14.4,5.48,18.63,10.37,11.53,14.76
198012,-2.15,-1.26,0.11,-0.54,-5.61,-3.04,-0.41,-2.51,2.68,-2.66,1.3,-5.52,-3.08,-2.53,-3.23,1.5,-4.28,-1.64,-6.35,-4.99,-2.52,-8.42,-2.93,-3.65,-3.18
198101,0.93,1.53,1.87,-3.09,-4.11,-0.71,3.4,-3.76,-0.93,-4.6,-6.5,-3.62,-4.3,-5.87,-9.45,0.95,-1.42,-5.45,-4.97,-7.67,-0.63,-9.61,-3.51,-6.2,-8.29
198102,2.68,-1.18,0.73,0.79,-1.09,0.9,1.89,1.17,1.51,2.57,1.14,3.44,2.51,2.88,0.26,7.01,8.77,2.88,3.92,0.74,3.69,2.14,4.38,-1.69,-0.63
198103,14.34,6.4,6.44,8.09,5.64,10.61,3.2,7.22,8.12,9.98,7.25,2.21,3.65,6.51,2.22,4.93,2.17,3.19,6.84,5.91,3.39,3.98,1.69,-1.46,7.37
198104,-0.11,0.59,0.4,-1.88,-0.33,-2.34,3.41,-3.22,3.01,2.18,-2.6,1.87,-2.42,2.2,-5.42,2.03,-2.17,-1.98,-7.15,0.05,2.24,0.23,-2.6,-2.25,0.65
198105,1.48,1.89,3.42,1.71,2.38,0.63,4.25,0.53,3.01,3.67,1.09,-1.69,-1.33,1.77,3.88,2.7,-1.31,0.34,-0.26,1.95,3.41,0.98,0.7,-0.89,3.98
198106,-1.67,-0.57,1.15,-0.83,-3.96,0.67,0.18,2.18,0.76,-4.95,-2.48,-1.15,0.41,-1.37,-0.9,-4.04,0.57,-1.72,0.02,-3.99,0.37,0.02,1.49,1.2,-5.39
198107,-4.15,-1.4,-1.39,-3.38,0.07,-3.14,-1.49,-2.38,-1.27,0.18,-3.7,-5.19,-0.87,0.1,3.63,-1.48,-0.97,-0.83,0.09,3.74,1.26,-1.43,-1.31,5.28,-0.38
198108,-8.33,-7.26,-2.64,-4.3,-9.53,-6.88,-4.71,-5.07,-8.95,-9.35,-7.07,-4.12,-2.62,-3.91,-5.93,-4.17,-5.62,-6.02,-5.87,-7.8,-5.55,-2.35,-5.26,-6.46,-8.27
198109,-6.8,-5.43,-3.46,-1.42,-11.16,-5.64,-4.65,-4.64,-4.68,-6.85,-3.27,-5.99,-0.57,-8.14,-8.74,-5.7,-2.99,-3.73,-4.7,-10.51,-5.46,-3.78,-6.73,-7.47,-8.7
198110,3.36,-2.94,3.81,6.99,8.69,8.98,4.02,6.37,7.81,6.25,2.87,4.63,3.25,2.81,10.29,12.24,7.94,5.43,6.02,11.26,3.86,0.99,8.78,6.67,11.21
198111,2.18,5.01,6.9,6.19,5.37,4.26,6.01,4.51,5.2,4.88,5.83,3.06,3.9,3.44,4.43,6.84,2.03,5.12,4.17,3.83,3.99,5.56,4.08,5.47,1.87
198112,-1.69,-1.18,-4.02,-4.18,-4.17,-1.39,-2.11,-2.43,-3.45,-5.89,-0.84,-0.88,-1.19,-1.48,-4.12,1.42,-1.09,-3.59,-3.42,-4.57,-3.37,0.73,-1.74,-5.07,-4.08
198201,-0.44,-0.68,-0.36,2.4,-5.51,-3.68,0.16,-1.57,-1.38,-2.66,-1.52,-2.17,-0.49,-2.07,-7.94,-3.73,-5.3,-2.25,-0.87,-7.5,-4.99,5.27,-2.79,-4.72,-2.89
198202,-1.8,-1.97,3.19,0.06,-8.01,-2.67,-0.99,-1.53,-4.21,-3.38,-2.87,-2.03,-4.8,-6.02,-8.08,-5.19,-7.05,-5.05,-5.56,-9.74,-4.7,-1.78,-2.76,-6.39,-9.47
198203,0.29,3.13,0.19,1.76,-3.25,0.19,0.04,0.66,0.12,-1.87,-1.09,-0.88,1.84,-2.97,-3.17,0.58,2.29,1.61,-0.85,-6.09,-1.43,-1.81,-1.41,-1.46,-2.11
198204,5.23,4.19,3.39,2.7,4.29,7.07,5.09,4.23,3.24,5.73,6.77,6.09,-0.71,4.63,3.4,7.59,4.37,3.63,3.75,6.51,4.97,5.48,5.73,5.66,7.5
198205,-2.57,-1.25,-1.77,-5.94,-6.92,-6.25,-1.7,-3.27,-6.92,-3.28,-3.19,-2.91,-3.11,-2.57,0.03,-2.67,-1.7,-3.51,-1.49,-4.82,-5.35,-2.01,-3.05,-1.77,-3.24
198206,2.05,-0.25,-1.45,-2.42,-4.64,-2.48,-1.45,-1.64,-3.2,-4.25,-0.23,0.55,-2.08,-1.21,-7.22,-4.69,-0.52,3.33,-1.79,-5.21,-2.82,-2.47,-0.32,-2.42,-3.43
198207,-3.01,-0.94,-4.83,-1.09,-3.99,-1.02,0.08,-0.81,-2.68,-6.42,-3.08,-4.1,-1.53,-2.25,-3.57,-0.73,-2.58,-1.15,-2.44,-3.39,-1.27,2.55,2.78,-2.72,-5.42
198208,13.26,13.6,11.61,12.43,13.37,13.85,13.06,14.75,14.99,17.13,12.17,11.78,11.94,6.99,14.98,10.16,12.03,8.91,13.37,11.38,10.9,7.13,10.09,9.69,10.13
198209,-0.36,0.7,0.98,0.85,-0.57,0.82,3.17,0.62,1.51,-1.02,2.63,3.22,0.63,0.83,1.39,3.45,2.55,2.6,1.24,2.96,0.99,4.65,3.36,2.95,2.47
198210,18.3,13.94,9.74,8.82,17.74,15.44,12.94,9.42,13.13,13.38,13.47,8.45,7.79,12.4,15.18,10.89,9.89,11.07,9.69,15.77,16.29,16.99,9.85,11.28,15.58
198211,6.47,5.65,6.94,6.99,8.91,8.3,6.16,3.16,5.08,8.29,7.66,2.22,2.59,6.05,6.26,8.68,4.31,5.05,2.93,6.61,8.73,5.96,6.11,3.98,7.54
198212,6.67,1.82,0.67,2.2,-1.26,0.19,1.07,1.92,2.31,-1.46,-1,3.67,0.03,0.22,-3.76,-2.19,1.13,-2.24,3.49,-1.98,-0.29,-0.74,6.35,0.87,2.6
198301,5.38,4.36,3.24,5.24,4.77,3.74,4.11,4.25,1.69,9.79,4.16,2.42,8.35,2.77,5.52,5.66,1.12,1.92,3.99,5.11,14.81,1.66,1.85,2.49,3.76
198302,2.21,5.18,7.2,5.03,3.58,4.54,3.78,5.07,3.28,0.13,4.76,5.3,0.65,5.61,4.28,4.29,1.33,4.38,1.74,3.57,-0.05,3.57,2.48,4.18,3.53
198303,7.84,3.91,4.01,1.39,5.67,5.18,5.83,2.11,2.15,4.27,2.97,5.11,2.71,3.15,3.29,2.11,6.12,2.77,2.09,2.23,5.64,7.01,3.48,5.01,2.71
198304,10.29,7.11,5.93,6.07,11.92,8.98,6.28,6.21,8.12,3.45,8.39,6.46,8.59,6.06,6.14,9.95,6.71,5.6,6.77,6.13,3.09,8.1,10.15,6.52,7.02
198305,3.94,2.32,0.9,4.28,2.44,0.62,0.58,2.85,-0.42,4.82,4.37,-0.9,-1.64,2.15,5.32,-1.67,-2.2,-1.29,-0.97,1.36,2.86,-2.52,-1.64,0.83,5.89
198306,6.99,0.51,-1.38,2.23,4.02,4.14,1.08,-0.58,2.87,4.33,0.08,2.72,2.12,4.89,3.83,4.95,1.64,2.88,8.87,6.94,0.36,1.22,6.24,3.94,4.72
198307,-2.38,-3.8,-1.16,-3.93,-4.99,1.22,-3.15,-0.01,-3.75,-2.91,-3.67,0.94,-2.51,-4.9,-6.29,-4.97,-3.5,-3.13,-2.72,-6,-1.54,-2.13,-4.35,-2.86,-5
198308,-0.78,0.5,4.55,-1.54,-1.55,-0.47,2.4,-3.67,1.37,-0.44,-1.13,3.32,2.95,1.67,-3.49,-0.35,1.76,1.73,-0.07,-1.18,-0.69,4.93,-0.11,-0.32,-2.15
198309,-0.61,0.08,-1.29,4.61,2.13,3.63,0.93,1.28,4.01,2.23,2.83,0.77,2.15,-0.65,2.72,4.47,2.78,1.43,2.34,1.18,4.55,0.92,1.69,3.97,-0.58
198310,-4.46,-4.1,-5.15,-0.97,-3.37,-1.77,-1.58,2.98,0.78,-3.72,-3.73,0.85,-2,-5.52,-7.42,-2.97,-1.05,-0.71,-2.72,-5.25,-0.11,0.25,-1.87,-1.11,-6.37
198311,6.62,9.55,5.9,0.16,1.45,2.36,2.65,3.14,1.87,0.39,6.22,2.54,1.25,3.41,4.76,5.65,3.88,2.83,2.2,5.95,4.22,3.8,5.5,-1.96,2.79
198312,0.52,-2.47,-2.04,-3.5,-4.12,0.89,-0.26,-4.58,-3.6,-0.58,-1.95,-0.81,-0.36,-2.35,-2.05,0.22,0.64,-1.34,-0.86,-0.43,1.48,-1.99,2.75,1.19,-1.37
198401,-0.49,-4.1,-0.86,-1.31,-0.37,-3.16,1.75,-0.44,-3.05,-4,-0.78,1.29,2.21,0.05,-6.01,-0.79,-1.01,4.38,-1.63,-4.23,-1.02,-3.75,4.47,-3.78,-3.42
198402,-6.3,-4.51,-3.12,-3.71,-6.22,-8.77,-0.06,-5.17,-4.43,-4.47,-6.57,-4.63,-2.88,-4.94,-7.22,1.44,-0.01,-2.27,-2.87,-6.17,-4.59,-3.53,-3.07,-2.9,-6.36
198403,3.31,5.23,4.61,1.27,1.05,3.92,-0.29,1.55,1.38,1.42,1.98,2.09,-2.3,2.75,2.39,0.12,3.62,-0.15,-0.69,0.44,2.61,0.37,0.78,3.04,0.54
198404,-3.8,-2.42,-6.41,-3.34,-4.83,-1.41,1.38,2.16,-2.44,-1.49,-1.62,5.13,1.89,-0.57,-0.01,1.69,1.37,1.07,1.75,-0.59,-2.24,2.63,1.92,0.78,2.04
198405,-9.83,-9.29,-6.36,-5.75,-6.49,-5.55,-5.82,-6.61,-1.56,-5.05,-3.6,-6.1,-5.73,-5.86,-6.96,-6.94,-4.4,-1.43,-3.85,-4.37,-2.68,-4.08,-5.35,-5.13,-4.31
198406,0.77,-0.5,0.06,0.15,-2.71,1.03,1.5,3.79,4.89,-2.32,3.46,2.7,7.11,2.63,3.79,2.49,0.69,4.05,1.68,6.24,5.75,2.62,2.99,2.2,3.82
198407,-9.34,-4.28,-3.64,-4.41,-4.65,-3.31,-2.59,1.19,-1.04,-3.14,-3.95,-3.3,-2.26,0.02,-4.38,-4.39,-3.3,-1.66,-1.28,-4.11,-6.11,-2.35,0.15,2.66,-1.51
198408,13.38,13.13,12.29,13.43,12.65,11.21,11.31,10.24,10.9,14.35,12.32,8.73,10.96,11.02,15.07,16.27,12.18,9.72,9.1,12.5,12.33,12.08,9.76,10.86,12.18
198409,-2.37,-2.15,1.54,0.26,-2.7,-1.19,-1.85,3.18,1.59,-1.46,-0.44,0.92,1.55,0.92,-3.76,1.43,3.67,0.33,-0.28,-2.48,3.51,0.34,0.64,0.19,-3.16
198410,-4.18,-1.25,-0.98,0.36,-0.85,0.33,-0.18,2.29,5.04,-1.64,-0.57,-2.55,-0.24,0.03,-1.21,1.54,-0.76,1.43,0.8,0.09,0.13,0.36,2.4,1.41,-1.13
198411,-2.38,-0.78,0.74,1.02,-3.79,-0.97,-0.41,2.28,0.52,-2.73,-0.27,0.98,0.27,-0.09,-4.11,-0.05,0.54,-2.05,-0.85,-3.01,-1.99,-0.14,-0.52,-2.14,-3.37
198412,-3.54,2.21,2.66,5.13,2.19,2.2,2.26,1.97,4.36,2.42,1.98,1.39,1.27,2.89,3.65,-0.14,3.63,2.27,3.84,3.3,0.64,3.63,4.06,2.46,1.82
198501,11.3,9.21,7.99,12.56,12.59,10.13,7.24,4.46,6.35,13.65,6.71,4.93,6.05,8.22,13.12,6.59,6.04,9.24,7.08,10.44,6.11,5.48,6.97,9.91,13.68
198502,1.84,0.42,1.88,1.89,0.59,1.7,0.38,0.88,0.41,-0.28,1.48,3.12,1.18,1.09,1.87,6.54,2.15,2.85,3.04,0.95,4.17,3.47,2.46,0.45,2.6
198503,-1.06,-0.95,-0.91,-0.31,-1.6,-0.67,0.61,1,0.4,-4.01,1.52,0.83,1.08,2.74,-2.22,2.81,3.69,-0.55,1.12,-4.28,3.37,2.36,-0.08,-3.07,-0.73
198504,-1.25,-2.82,-1.05,1.32,-3.28,-1.2,0.58,1.05,0.13,-1.32,-2.57,0.03,4.76,-1.37,-1.98,-2.42,2.06,-0.45,-1.06,-1.61,-1.41,-0.29,-0.74,-1.03,-0.1
198505,1.41,4.03,5.6,9.36,7.29,4.34,3.54,4.72,6.63,6.89,4.99,5.3,6.98,7.67,5.72,2.69,6.69,5.58,7.02,5.49,9.42,4.42,6.44,5.88,6.92
198506,0.64,0.01,0.98,4.8,0.43,0.65,1.03,3.65,2.12,1.02,3.44,3.43,2.12,2.88,2.4,0.69,-0.05,0.78,3.87,3.5,3.13,0.69,2.92,-0.62,3.28
198507,3.52,2.85,0.39,-1.59,1.56,0.1,1.99,1.15,-1.94,-1.51,-1.31,-2.49,1.19,-1.08,1.82,-2.58,-1.2,-1.17,0.02,1.64,-1.44,-1.35,-1.58,1.5,-1.22
198508,-0.81,-0.57,-1.31,-1.51,-0.71,0.57,0.61,1.17,1.13,-1.85,-0.21,0.47,-1.49,-1.06,-3.71,0.74,1.08,0.25,-1.29,-1.35,0.25,0.77,-0.17,-1.33,-1.45
198509,-5.13,-5.38,-3.03,-7.77,-8.87,-6.04,-3.72,-6.06,-6.04,-2.67,-1.66,1.3,-4.38,-5.51,-5.31,0.49,-2.35,-2.85,-2.8,-6.82,-2.07,-4.21,-2.23,-3.68,-6.11
198510,0.31,2.32,7.66,8.04,2.43,2.64,4.5,6.81,5.3,5.03,3.25,4.05,5.01,2.6,4.66,0.91,5.2,4.76,4.62,2.96,4.21,6.62,4.93,5.3,5.05
198511,6.53,7.6,8.19,7.36,7.61,4.05,6.69,6.78,6.2,6.05,9.48,5.9,8.74,6.95,8.98,5.95,3.68,8.21,6.36,5.7,6.39,4.03,7.26,8.44,9.09
198512,3.75,3.53,2.66,5.18,1.76,2.66,3.36,4.03,5.09,5.51,3.8,4.77,6.59,4.76,3.09,4.64,2.94,4.72,2.25,3,4.38,2.09,4.84,7.82,4.73
198601,3.5,4.93,5.47,7.34,3.62,-4.42,2.7,3.9,2.59,2.38,-7.85,1.9,-0.66,1.84,0.8,1.13,-2.08,1.06,1.23,1.86,1.75,-1.46,0.88,0.07,2.58
198602,6.87,7.61,6.87,7.07,6.51,4.72,7.04,7.86,8.97,8.92,8.65,6.18,8.87,6.87,7.42,11.76,5.61,9.88,8.34,7.7,7.52,6.93,9.81,5.73,10.51
198603,5.19,5.31,6.85,6.19,4.2,2.57,5.51,4.62,3.42,2.49,3.58,3.68,3.72,5.89,4.7,6.93,6.62,8.41,6.6,3.5,7.95,3.36,5.31,5.72,7.24
198604,-2.1,-4.01,-8.08,-4.59,-2.35,-0.49,-2.36,-3.2,-1.56,-2.49,2.34,-1.81,0.09,-3.75,-0.22,1.52,1.13,-2.18,0.24,0.25,0.25,-0.4,-0.65,0.52,0.56
198605,2.53,5.35,3.63,3.13,3.02,2.47,7.16,4.25,2.98,5.01,4.89,4.66,4.84,3.93,3.57,7.13,5.92,6.74,4.87,5.25,10.14,5.7,5.94,3.52,7.31
198606,0.99,0.31,0.28,2.9,-3.11,-2.11,0.25,1.09,3.84,-1.53,0.73,2.67,3.31,0.6,-3.59,4.95,2.58,3.91,2.12,-2.37,2.26,-0.39,2.98,0.99,1.34
198607,-12.24,-8.57,-3.91,-4.09,-6.45,-11.46,-5.64,-1.93,-2.72,-8.96,-4.67,-1.13,-4.85,-4.17,-8.25,-12.38,-4.01,-2.79,-4.49,-8.4,-7.1,-5.71,-7.72,-7.15,-8.54
198608,7.04,5.57,8.18,7.78,6.82,12.71,9.78,5.87,9.88,3.09,6.31,6.46,7.75,2.89,8.5,8.2,6.46,8.8,4.58,6.58,12.7,10.71,5.49,3.3,4.02
198609,-3.62,-4.77,-9.28,-10.03,-10.86,-5.64,-7.1,-8.45,-8.86,-6.1,-4.58,-7.32,-8.82,-8.43,-8.44,0.35,-8.22,-9.39,-10.49,-8.35,-3.28,-3.97,-9.95,-10.48,-8.01
198610,3.24,4.8,5.03,1.96,3.74,5.7,6.53,6.93,6.87,5.75,3.39,6.27,5.22,6.25,4.21,6.59,5.42,4.67,7.61,5.69,4.13,6.17,5.33,6.95,2.55
198611,-0.94,-0.81,2.31,1.28,-1.55,3.12,1.52,1.87,0.83,1.5,1.91,2.21,3.41,4.34,-1.14,-1.76,3.85,2.73,0.12,0.7,1.39,2.09,2.34,1.35,2.15
198612,-3.82,-3.14,-4.46,-1.51,-2.1,-2.97,-4.12,-3.3,-3.57,-1.71,-4.11,-2.75,-1.94,-0.17,-4.9,-2.05,-3.41,-1.36,-2.68,-5.59,0.13,-2.64,-2.61,-1.8,-3.74
198701,13.82,13.16,13.97,9.83,10.47,15.54,13.78,13.28,15.09,11.24,11.03,12.07,12.96,12.67,15.05,11.52,7.42,13.58,13.33,12.27,13.25,11.08,12.57,13.79,13.28
198702,10.44,4.9,5.86,7.15,10.82,3.91,3.83,1.37,5.5,5.27,4.15,1.91,4.2,6.1,6.33,6.9,-2.29,1.86,6.66,6.93,2.89,1.26,5.06,5.34,7.15
198703,5.36,4.67,-2.8,-5.15,-2.45,4.37,4.89,1.22,0.8,-0.06,4.59,1.24,0.25,0.47,0.52,7.6,3.97,2.66,1.08,1.72,7.41,6.98,1.57,2.49,2.2
198704,1.62,1.81,-0.15,-6.07,-5.28,-1.49,-0.87,-2.94,0.44,-1.84,-1.34,-0.51,-3.41,-1.34,-5.27,-0.54,-2.05,-1.33,-2.46,0.67,-0.38,-1.59,-2.75,-2.25,-0.43
198705,4.24,-0.79,0.05,-2.8,-1.02,0.85,0.51,-0.15,-2.07,1.08,-1.28,-0.18,2.39,4.46,0.63,0.1,2.27,0.08,0.91,-0.35,4.06,2.87,0.51,0.26,0.08
198706,0.87,3.7,2.71,3.73,2.63,5.61,4.1,3.57,3.69,3.83,5.63,4.08,3.66,4.69,2.5,5.98,5.25,7.18,5,2.12,5.59,6.32,7.48,5.37,4.27
198707,8.25,6.33,5.79,8.66,2.97,3.26,6.88,1.73,1.13,4.65,3.61,1.7,2.7,6.98,4.14,10.78,3.32,1.65,4.73,6.11,5.77,8.09,4.44,4.74,3.59
198708,2.35,4.64,2.45,1.44,3.14,-0.66,2.31,2.49,7.6,4.48,0.85,4.09,5.08,4.96,5.6,3.98,5.8,3.87,3.06,3.18,2.25,8.7,3.52,4.5,4.92
198709,-0.07,0.93,-2.5,0.2,-0.46,-3.32,0.38,-2.44,-2.3,-3.31,-3.26,-1.38,0.58,-3.26,-1.23,0.98,2.65,-4.28,-2.93,-2.89,-1.16,-0.7,-3.17,-3.24,-5.05
198710,-28.3,-33.2,-25.8,-24.73,-29.63,-23.89,-23.74,-16.67,-23.26,-23.75,-21.46,-13.93,-21.32,-26.41,-23.39,-17.54,-18.46,-17.61,-22.84,-27.63,-25.46,-19.12,-23.48,-22.63,-26.6
198711,-7.64,-5.13,-4.91,0.4,-8.12,-11.47,-4.03,-3.66,-7.24,-7.86,-5.81,-8.03,-8.84,-6.84,-8.52,-10.14,-5.43,-8.34,-9.1,-7.26,-7.02,-6.95,-7.89,-7.65,-9.32
198712,3.28,11.44,5.1,5.11,8.47,7.71,6.35,4.64,5.83,8.37,10.92,3.96,8.84,9.26,6.86,3.24,6.42,6.02,10.57,8.55,13.11,0.17,8.87,8.68,10.07
198801,5.82,0.78,5.78,2.42,2.95,6.23,3.19,8.28,3.14,3.32,6.71,8.82,1.79,7.34,1.3,8.28,5.83,4.48,3.9,5.08,5.46,1.84,2.58,5.48,4.11
198802,7.55,10.47,2.94,4.45,5.55,3.37,7.29,0.62,1.9,4.04,5.18,2.83,5.37,8.08,3.75,2.63,5.42,3.71,6.26,6.44,6.42,7.13,5.45,3.87,7.8
198803,2.71,1.57,0.48,-2.6,-0.91,2.42,-1.55,-0.8,-6.62,-0.16,0.77,-1.41,-1.77,-1.71,-5.06,-1.61,-2.08,-5.44,-1.85,-1.47,-0.42,-2.63,-1.36,-2.22,-2.53
198804,2.77,3.77,-2.21,2.23,0.44,2.42,0.53,-0.58,0.36,-0.21,4.2,3.6,1.88,1.89,-0.4,-1.83,0.29,2.57,0.09,0.21,0.88,0.19,-0.74,0.91,-0.47
198805,0.4,0.22,0.14,-0.88,-2.32,1.57,0.62,2.44,0.01,0.35,-1.35,1,-0.22,1.86,0.84,1.79,1.85,1.49,-0.92,-0.18,-1.62,-1.06,1,0.55,-0.24
198806,1.42,7.03,6.16,5.08,6.12,-0.95,6.38,4.9,5.83,4.34,1.17,1.34,5.92,6.15,6.92,2.39,4.22,7.54,5.16,6.48,2.03,4.34,5.9,4.85,8.49
198807,-0.06,-0.56,-0.26,0.6,-1.24,-0.64,-0.96,0.7,-0.72,0.37,-1.76,0.43,-0.04,-1.09,-5.49,0.81,0.57,-1.73,-2.07,-2.96,-1.26,-0.14,0.25,-0.62,-2.06
198808,-3.17,-0.92,-1.2,-1.09,-3.94,0.94,-0.96,-1.18,-1.86,-0.95,-3.15,-2.12,-3.34,-4.71,-5.89,-1.04,-3.26,-2.69,-4.18,-3.37,-1.41,-1.51,-0.75,-2.6,-4.31
198809,1.72,2.5,3.55,2.52,-0.88,2.75,3.49,3.85,5.38,4.68,3.01,2.24,1.72,3.76,4.43,1.88,4.67,2.97,5.98,5.2,3.26,7.67,6.18,5.42,3.82
198810,-0.31,1.45,-0.89,-0.55,-2.48,2.48,0.79,1.37,3.64,-1.69,2.21,2.61,2.98,4.24,0.62,0.77,3.05,2.41,0.56,0.83,1.02,6.83,0.26,3.98,-0.53
198811,-3.02,-1.57,2.43,-1.86,-1.69,-0.96,-1.22,-1.99,-3.11,-2.99,-1.4,-0.18,-2.32,-1.92,-4.52,0.19,-1.16,-1.94,-0.57,-2.65,-3.57,0.13,-0.85,-1.96,-3.1
198812,2.37,1.66,-1.2,0.71,2.73,0.93,2.63,1.2,2.57,3.74,1.1,1.77,2.25,0.75,5.95,4.37,1.09,3.24,1.15,3.1,3.32,2.13,2.28,1.81,3.58
198901,6.58,6.31,6.49,7.79,8.58,7.69,4.27,4.98,5.11,7.08,9.46,6.44,6.02,7.1,5.61,5.08,7.04,7.91,7.58,6.91,3.95,6.42,5.93,7.1,6.55
198902,0,-1.62,-0.46,-2.07,-0.18,0.63,-0.99,-0.88,-1.23,-1.66,0.47,-1.48,-3.68,-2.75,-2.51,1.79,-1.82,-1.03,-2.48,-1.82,-2.02,0.35,-1.29,-2.38,-2.64
198903,2.95,3.68,2.17,3.2,3.29,2.38,0.2,1.02,4.64,5.41,2.28,3.58,-2.04,0.58,-0.05,3.72,4.66,4.61,0.64,1.32,2.56,4.62,4.53,2.12,2.14
198904,3.76,3.54,7.43,6.56,4.08,4.8,4.21,3.37,5.74,3.29,4.78,4.75,3.33,4.48,7.67,3.69,7.77,4.5,6.93,4.9,4.41,4.76,4.69,4.34,5.98
198905,6.26,3.72,4.69,3.37,2.53,5.55,4.27,4.58,4.17,2.2,3.8,4.59,1.59,3.46,2.27,2.35,4.92,3.03,6.64,4.14,3.9,4.55,5.69,3.28,6.15
198906,-0.98,-0.09,-1.59,0.63,-0.91,-0.75,0.99,1.52,-3.29,-0.6,1.1,0.39,0.77,0.69,-3.54,-1.95,-0.28,-0.21,-2.36,-2.13,0.46,-0.16,0.5,-0.93,-2.84
198907,5.34,5.35,5.94,6.91,7.02,5.36,6.77,4.88,8.27,7.37,8.08,5.02,7.05,6.68,7.48,4.93,10.19,8.25,7.48,8.82,13.17,7.79,10.96,8.59,8.65
198908,3.07,1.48,2.71,0.36,4.37,3.36,1.91,2.26,1.86,2.02,2.85,0.04,3.18,1.11,2.82,2.24,1.18,2.16,2.48,3.97,1.82,1.7,0.42,3.54,2.56
198909,-1.24,-2.73,-0.23,-0.17,1.06,-1.13,0.03,0.24,-0.47,1.93,0.93,1.11,-0.07,-3.93,-2.24,-0.2,-0.04,-0.4,1.48,-0.83,4.69,-0.15,1.12,-0.12,-0.47
198910,-6.22,-4.29,-2.74,0,-3.04,-4.32,-0.4,-2.54,-2.99,-3.97,-1.39,2.13,-0.93,-5.05,-3.84,-2.64,-3.17,-4.6,-2.9,-3.31,-2.67,-7.03,-2.15,-3.09,-1.72
198911,3.7,1.99,2.9,2.38,-0.53,2.09,3.61,2.86,0.89,3.34,3.67,3.15,2.65,0.51,-0.37,1.67,2.02,2.66,0.92,3.69,0.99,1.28,1.71,-1.04,-0.29
198912,1.99,-0.08,-0.09,-1.78,0.9,3.53,2.97,2.97,1.8,-1.33,6.54,3.65,0.32,1.64,1.21,4.79,4.7,2.24,5.11,-0.34,3.19,0.95,1.23,1.15,-0.32
199001,-5.07,-4.45,-4.92,-8.56,-11.47,-5.57,-4.95,-6.76,-9.63,-10.75,-8.42,-5.92,-7.04,-4.61,-7.62,-2.86,-8.46,-8.85,-7.78,-5.68,-11.05,-5.29,-8.93,-7.34,-6.12
199002,2.18,3.51,5.18,-0.7,1.06,2.05,2.36,0.94,2.07,4.34,2.94,1.1,0.72,3.16,0.85,1.61,-0.02,0.2,-0.03,3.14,2.19,0.71,0.58,2.49,1.6
199003,2.03,0.75,3.69,-0.09,-0.81,0.77,1.66,-0.41,0.82,-0.23,2.02,0.34,3.74,2.1,-0.51,3.31,3.71,2.64,2.19,4.35,4.46,1.34,2.29,3.63,4.84
199004,-4.48,-7.37,-3.14,-3.55,-2.89,-4.72,-4.64,-3.71,-4.72,-4.49,-3.23,-3.51,-1.91,-0.42,-3.97,-4.32,-3.51,-2.52,-3.51,-2.46,-2.67,-2.79,-0.4,-3.8,0.76
199005,6.37,7,9.77,8.52,7.64,7.77,8.4,6.41,9.42,9.91,5.85,7.08,11.83,9.05,9.17,5.77,8.94,9.23,8.82,11.89,10.25,9.84,11.07,8.47,8.83
199006,-0.38,-0.29,0.13,-0.99,1.35,-0.88,1.32,-0.14,-0.18,-2.03,-2.77,0.55,1.42,-0.76,-3.47,-3.21,-2.6,-1.21,-2.41,-0.31,-3.98,-2.19,2.52,-2.83,3.38
199007,-8.32,-1.61,0.5,-4.15,-4.22,3.71,2.92,-0.78,-2.26,-4.45,0.96,1.49,-0.01,1.12,-3.95,0.01,1.84,-2.47,-0.44,-3.12,4.1,-4.52,-1.85,0.88,-4.41
199008,-12.72,-8.44,-8.71,-11.5,-14.65,-6.43,-7.68,-11.29,-7.32,-12.12,-8.09,-6.42,-8.53,-8.61,-14.1,-9.24,-5.4,-9.98,-11.82,-9.7,-8.06,-8.42,-10.14,-9.1,-9.52
199009,-9.67,-5.19,-6.86,-9.17,-10.21,-4.3,-4.86,-8.34,-2.93,-8.62,-7.59,0.64,-4.09,-4.83,-10.53,-5.53,-0.22,-2.1,-8.18,-8.94,-6.04,-2.21,-3.71,-7.04,-7.39
199010,-9.63,-4.35,-2.35,-4.65,-4.73,-3.2,-0.21,-0.03,0.99,-5.55,-6.93,0.67,0.92,0.78,-10.44,-4.72,-1.09,0.14,-2.24,-3.89,-3.22,-0.18,1.48,1.58,0.07
199011,9.8,7.42,7.82,5.26,11.37,4.64,5.43,4.16,4.42,14.26,5.03,3.46,5.33,7.95,14.49,4.43,4.55,7.65,7.52,10.65,8.93,5.39,2.5,7.94,8.97
199012,3.61,-0.26,2.04,1.35,4.11,1.11,1.37,2.27,2.12,4.42,0.82,1.62,2.57,3.87,5.53,1.08,1.07,0.69,3.57,4.67,7.72,4.15,3.81,4.16,4.38
199101,5.61,5.43,4.33,7.68,8.6,2.36,0.9,5.65,1.11,8.92,2.95,0.46,3.02,4.49,12.89,4.12,0.73,6.9,5.11,8.76,1.74,4.83,7.3,3.58,9.26
199102,12.01,9.78,7.33,8.67,11.29,9.67,6.15,5.14,9.01,8.96,12.45,5.34,5.34,6.09,7.9,3.78,8.32,5.67,7.39,7.38,9.72,5.88,10.24,7.68,9.12
199103,6.64,5.4,6.41,5.91,3.8,-0.28,0.77,0.72,1.62,5.46,1.86,2.3,1.94,4.11,4.94,4.54,1.47,-1.17,2.52,5.49,1.38,3.42,3.2,6.32,3.56
199104,0.49,-3.92,0.19,1.95,0.71,1.85,0.41,-0.67,-0.22,-3.3,3.7,1.09,0.18,0.01,2.45,-1.93,0.97,-2.75,2.27,0.37,-0.2,1.51,2.1,0.28,-1.26
199105,2.02,3.3,2.1,6.43,3.33,3.06,0.75,3.89,4.74,3.35,5.64,1.03,2.12,3.49,6.82,1.09,-0.32,5.64,7.64,7.98,2.99,5.27,3.67,4.76,3.85
199106,-5.94,-5.9,-3.41,-5.05,-9.35,-6.31,-3.24,-6.4,-5.76,-5.72,-6.08,-1.67,-3.79,-3.97,-7.03,-7.46,-3.48,-4.94,-4.49,-5.65,-4.1,-2.32,-4.75,-4.17,-4.05
199107,3.44,0.47,3,4.13,6,3.8,4.55,5.29,1.62,5.95,6.85,4.61,3.27,4.58,2.84,4.51,5.12,3.87,3.92,3.33,1.51,4.78,4.4,5.44,7.74
199108,3.62,-0.53,1.89,2.74,3.01,2.95,3.36,3.69,0.72,3.2,-2.76,1.94,0.19,2.59,2.01,3.77,2.68,1.34,1.64,4.98,2.27,5.91,1.57,3.66,4.74
199109,-2.48,-0.44,1.26,-0.18,5.78,-2.51,2.85,2.17,-2.32,-0.88,-1.99,1.77,-1.17,-0.87,-0.85,-4.54,-1.04,-1.34,-0.72,-4.65,-2.58,-0.72,1.66,-3.14,-1.79
199110,1.98,3.1,4.55,3.14,8.17,2.7,2.61,1.88,1.2,5.4,0.42,2.32,-0.82,4.54,0.59,2.79,1.98,2.51,-0.27,-0.04,-0.24,4.22,-0.06,1.82,1.6
199111,-3.5,-2.99,-4.74,-1.65,-7.73,-5.98,-1.22,-4.85,-2.71,-3.91,-7.01,-1.87,-5.2,-5.6,-3.78,-9.01,-4.79,-5.92,-4.74,-4.38,-2.47,-1.53,-5.74,-3,-0.13
199112,9.08,9.3,7.45,7.06,13.42,10.15,7.43,8.56,6.17,13.4,7.18,7.88,7.55,16.6,8.55,8.91,10.25,7.15,8.7,15.65,8.68,9.74,12.92,12.91,16.08
199201,8.74,5.22,-0.53,-0.34,1.89,4.83,-1.13,0.06,-1.26,-1.66,5.71,-0.68,-0.54,-1.58,2.86,12.2,-2.41,-3.41,2.7,1.11,9.12,-0.58,-2.62,-3.08,-1.83
199202,4.7,3.78,-0.51,0.23,-2.56,3.08,1.61,2.63,4.21,-2.94,6.41,1.14,3.47,3.03,2.74,6.73,-0.18,0.99,-0.58,3.62,5.22,0.68,0.82,0.46,0.64
199203,-3.78,-2.23,-0.65,-1,-7.44,1.21,-0.48,-0.37,-2.27,-3.53,-2.62,-0.32,-1.45,-1.39,-4.95,-0.5,-1.82,-2.24,-1.67,-4.63,-1.61,-3.97,-0.38,-0.54,-3.77
199204,-0.79,1.38,-2.53,-1.26,-10.92,1.08,2.99,3.16,1.12,-3.42,1.73,3.42,6.37,-1.36,0.61,0.73,6.48,6.14,3.68,-0.39,-0.36,0.04,2.6,1.88,-1.18
199205,0.08,0.55,3.53,0.05,1.52,0.96,1.84,0.68,0.42,1.77,3.76,1.25,-0.4,0.51,0.96,2.01,-0.15,1.6,-0.03,-0.42,1.28,1,0.43,0.62,1
199206,-4.28,-1.83,-2.53,-1.97,-4.46,-1.6,-1.47,-0.75,-1.16,-2.35,-3.43,-0.94,1.4,-2.89,-5.9,-2.84,-1.07,-1.59,-1.78,-1.11,2.01,-2.84,-1.11,-2.8,-3.43
199207,2.8,1.92,3.73,3.13,3.05,3.18,4.58,0.95,3.81,7.43,4.08,3.43,6.21,5.02,4.2,6.26,4.41,5.67,2.93,5.42,3.5,3.31,4.1,5.75,3.32
199208,-6.31,-6.32,-5.91,0.01,-6.27,-4.66,-3.07,-4.99,-2.89,-2.79,-2.82,-0.49,-2.96,-1.77,-2.41,-2.35,-2.45,-1.07,-2.5,-1.7,-3.7,-1.63,-0.4,0.67,-2.51
199209,3.47,-2.38,0.59,3.59,2.66,-1.11,1.31,-2.15,3.26,3.93,2.6,0.34,1.01,2.79,2.88,2.4,-0.76,1.97,2.41,1.88,4.22,2.43,1.28,-0.66,1.93
199210,4.01,-1.46,2.59,-1.55,3.66,2.92,2.2,-5.5,0.88,3.13,-3.25,-0.99,-0.03,0.5,4.9,1.87,2,-0.9,1.59,2.5,1.69,1.4,-1.5,3.85,3.48
199211,6.17,9.18,6.66,4.29,8.25,4.6,2.79,2.94,3.71,6.27,2.26,0.9,3.42,3.55,8.17,2.63,2.64,1.33,5.38,6.41,5.73,4.04,4.08,2.68,6.13
199212,4.92,3.99,0.89,4.45,3.4,2.77,1.84,-4.86,4.51,1.77,3.96,1.82,3.66,0.97,1,2.94,3.46,3.41,2.46,2.75,2.43,1.27,-0.12,0.74,1.19
199301,8.05,5.83,3.34,5.35,-0.97,3.56,3.03,5.35,0.5,0.59,5.52,2.33,1.98,-0.93,2.43,3.19,1.72,-0.46,-0.98,3.22,1.6,2.92,-1.77,-2.74,0.61
199302,-0.59,0.63,1.5,4.39,-5.57,2.99,3.02,2.57,3.09,-0.81,0.75,5.11,3.8,-2.51,-2.87,3.89,2.7,4.47,-0.61,-0.6,2.35,2.03,-2.59,-0.12,-2.99
199303,2.24,6.46,0.97,4.41,2.48,3.08,3.86,0.42,4.76,2.79,3.32,3.42,1.92,5.67,2.84,0.95,3.35,2.1,3.86,2.86,2.4,3.84,0.39,1.21,0.91
199304,-0.15,2.45,4.07,-1.55,0.3,0.35,-0.29,-0.39,-2.73,-2.9,-0.48,-1.94,0.47,-0.05,-4.2,-4.29,0.12,-2.06,-1.7,-5.13,-4.32,-2.56,-8.49,-4.05,-5.99
199305,6.17,1.77,1.66,3.81,6.41,1.03,2.37,2.69,1.95,3.27,3.27,2.27,2.89,2.87,4.83,0.1,1.45,0.81,3,4.89,2.78,2.99,2.44,1.67,5.79
199306,3.08,1.17,2.63,1.94,-0.78,-2.21,0.38,1.59,3.98,0.23,0.74,0.74,-0.3,0.29,-1.64,4.12,1.42,2.08,0.95,1.34,2.03,0.49,-0.37,0.63,-2.1
199307,5.26,1.43,0.85,0.76,1.19,-0.61,0.82,3.65,1.68,0.83,2.49,0.95,2.85,0.36,0.53,-1,0.02,1,-1.25,-3.1,1.36,0.59,-1.28,-3.44,-3.49
199308,5.9,7.03,5.22,4.89,4.44,3.47,4.53,2.28,5.5,7.69,3.86,1.96,3.31,2.58,3.59,3.91,4.55,5.93,3.21,4.46,6.49,3.56,1.79,3.98,2.05
199309,0.75,-0.76,-0.63,-1.66,0.96,3.06,0.51,-2.91,-0.53,4.13,1.81,0.87,-0.33,-1.54,0.1,-3.18,0.28,-0.17,1.48,0.01,0.56,2.22,-1.45,-0.84,0.98
199310,4.29,3.97,0.42,2.9,2.36,0.63,0.22,1.56,-2.29,-0.76,1.98,0.73,2.33,1.08,1.97,5.06,1.17,2.49,1.58,2.04,4.05,-0.41,2.18,1.88,1.83
199311,-1.64,-4.94,-4.17,-4.5,-4.13,-4.03,-1.78,-0.37,-2.06,-2.77,-3.51,-2.76,-2.75,-0.68,-0.46,2.31,-3.65,-0.95,-3.19,0.83,-2.08,-0.54,-1.04,0.25,0.62
199312,-1.47,1.29,2.75,3.13,-0.46,0.92,1.04,2.67,3.61,5.59,4.56,0.71,3.51,4.62,3.58,3.96,0.92,1.82,2.99,-0.86,0.96,2.53,0.12,1.72,1.65
199401,5.18,5.55,2.41,6.26,1.98,7.01,5.63,3.15,3.68,4.96,3.56,4.45,2.15,4.47,1.58,3.05,1.51,2,2.93,3.53,2.94,2.27,4.38,0.11,3.42
199402,-5.71,-2.36,-4.37,-2.32,-5.45,-3.91,-3.42,-4.26,-2.42,0.44,-1.49,-2.43,-4.41,-1.83,0.55,-2.42,-4.7,-1.74,0.98,1.56,1.25,-2.89,-3.6,-2.68,-2.22
199403,-6.31,-4.17,-5.28,-5.26,-5.05,-3.25,-3.33,-4.83,-3.33,-6.97,-5.37,-4.36,-3.48,-4.84,-6.1,-4.16,-3.19,-4.38,-3.62,-5.21,-2.63,-4.44,-4.27,-3.69,-4.97
199404,0.28,-0.82,-2.1,1.26,-0.47,0.62,1.32,2.29,1.87,0.49,3.72,1.96,1.53,-1.27,1.04,2.93,3.3,-0.46,-1.93,-0.66,-1.03,1.76,3,2.11,1.63
199405,1.13,0.63,0.96,-1.67,-0.68,1.79,-0.51,-2.99,1.43,-1.27,1.14,-0.76,-1.99,1.76,-0.21,2.96,1.95,1.6,1.82,0.51,2.93,2.7,1.1,2.92,1.83
199406,-5.16,-2.45,-2.39,-1.91,-4.03,-1.67,-1.96,-3.79,-3.55,-1.95,-0.68,-2.5,-0.82,-4.04,-4.65,-5.1,0.35,-3.28,-2.08,-2.33,-1.61,-1.41,-0.33,-3.53,-5.02
199407,3.41,3.52,3.44,6.9,3.13,4.66,2.43,4.36,1.58,3.27,3.52,4.18,3.65,4.15,0.94,2.5,2.84,2.36,3.3,3.27,1.65,4.9,1.96,0.8,4.17
199408,5.94,5.04,5.45,2.35,6.35,7.96,1.79,4.06,2.8,4.51,8.24,1.69,2.52,5.19,10.49,4.74,1.67,4.47,3.26,4.15,4.38,5.84,1.9,5.99,7.32
199409,-0.57,-1.63,0,-2.8,-3.28,1.28,-2.98,-2.68,-1.35,-2.58,-0.89,-1.76,-2.43,-2.27,-2.14,-1.42,-3.53,-3.57,-3.94,-1.95,0.01,-1.81,-0.87,-1.5,-2.46
199410,0.34,-1.47,-0.49,0.95,0.46,2.58,1.55,1.51,3.36,2.48,1.08,-2.36,2.16,0.61,6.48,-0.56,4.99,0.26,1.04,0.79,1.44,2.27,2,1.91,3.95
199411,-3.63,-5.62,-4.88,-2.29,-5.52,-5.2,-4.45,-4.64,-3.7,-2.1,-3.5,-5.01,-1.65,-3.16,-3.8,-5.47,-3.07,-3.87,-3.29,-3.21,-3.21,-3.61,-3.38,-2.68,-3.27
199412,-0.11,0.47,-0.69,2.16,0,2.14,1.57,3.03,3.29,3.42,2.3,3,1.31,-1.28,1.16,2.75,0.23,2.3,1.78,1.56,1.57,0.4,1.61,1.33,0.12
199501,0.42,2.87,-2.06,6.68,0.79,0.8,0.75,-1.51,0.87,2.75,0.09,-1.66,1.93,2.72,-0.57,-1.24,3.3,1.21,3.94,3.48,3.17,4.64,3.67,2.07,2.13
199502,4.08,4.05,6.45,1.8,3.33,5.04,4.83,3.35,2.55,1.43,7.02,6.06,3.11,2.27,6.4,5.36,3.31,5.48,4.08,5.54,2.66,3.16,3.73,3.01,4.87
199503,0.82,3.5,5.19,2.07,1.67,6.22,3.11,3.03,3.07,1.42,1.2,5.31,0.41,0.91,4.09,5.57,2.83,1.89,0.72,2.9,3.97,2.1,1.67,3.53,3.47
199504,2.01,3.44,2.11,0.98,1.57,6.3,3.54,2.48,0.92,0.9,2.04,1.98,1.93,0.9,4.05,5.56,2.29,1.85,2.58,0.31,1.27,3.99,2.55,4.1,4.21
199505,3.27,2.21,3.43,2.93,0.66,1.05,2.55,2.38,4.06,2.76,5.18,4.23,3.87,4.29,0.96,2.73,3.79,3.89,4.22,4.51,2.23,4.17,2.48,4.31,5.19
199506,5.19,4.01,4.32,3.66,6.04,2.33,0.94,4.29,2.86,3.87,5.83,0.08,1.98,2.85,9.28,1.92,-0.63,1.54,2.47,3.22,1.33,1.87,2.99,2.27,7.83
199507,3.82,3.13,4.78,6.38,6.79,2.36,1.08,4.53,4.62,8.47,4.86,4.05,3.52,5.74,8.94,2.1,2.96,4.03,3.97,4.27,4.61,0.74,4.21,3.48,5.36
199508,3.38,6.46,4.84,3.14,1.35,0.54,0.17,0.3,2.67,0.85,1.69,-1.34,1.81,-1.4,0.03,0.45,0.16,1.6,1.14,-1.26,2.85,2.5,-0.8,1.92,1.81
199509,1.74,3.03,6.24,-2.21,3.1,2.02,1.74,1.28,2.65,3.17,2.38,3.48,1.01,1.32,1.9,5.83,3.88,4.05,2.22,3.03,4.49,7.54,5.09,5.55,5.34
199510,-4.69,-2.45,-1.28,-5.76,-3.34,-2.74,-2.5,-3.47,-2.14,-2.35,-2.98,0.36,0.36,-5.08,-7.42,-1.65,-1.38,-2.13,-0.31,-2.16,0.76,1.53,3.04,-2.14,1.24
199511,4.32,6.78,5.05,4.51,3.22,7.77,5.18,6.81,7.31,5.49,4.54,3.26,5.53,6.33,4.47,6.14,4.82,4.95,4.19,4.54,3.21,4.78,6,4.3,-0.49
199512,1.51,1.43,3.2,-0.11,1.16,5.03,1.89,1.26,3.79,0.95,3.27,2.09,1.99,0.21,-1.5,5.81,3.12,3.27,0.4,-0.35,4.79,1,2.72,2.14,-3.07
199601,5.2,3.53,2.94,0.44,-2.16,2.4,0.56,1.96,3.38,2.04,2.07,4.86,1.99,1.37,-0.18,5.44,2.18,2.3,3.55,-0.01,0.49,3.1,4.26,3.16,3.42
199602,0.67,2.04,2.63,1.99,3.01,1.51,0.14,2.57,1.75,5.17,3.87,2.72,2.85,1.18,2.15,-0.47,0.7,-0.19,3.72,2.72,0.06,1.3,-0.01,2.84,2.15
199603,-0.9,-0.98,-3.21,2.86,1.42,5.38,0.9,3.87,-0.31,3.91,-0.33,0.53,2.27,3.85,1.68,2.92,4.18,2.21,1.39,1.89,-1.97,0.27,-0.27,1.37,-0.38
199604,5.64,-1.58,0.84,3.4,6.26,1.93,2.28,-0.17,0.19,6.17,2.56,0.1,1.53,2.05,4.31,-0.26,0.85,0.18,2.28,3.19,7.39,1.21,0.79,1.4,6.4
199605,3.42,3.83,-1.61,5.92,3.15,1.59,1.24,1.92,2.7,4.12,3.16,0.71,2.08,2.4,2.74,3.17,0.39,2.52,2.07,3.94,0.36,3.15,3.51,4.63,3.9
199606,-5.68,0.98,-0.25,-7.17,-6.42,0.99,-1.07,-0.46,-0.16,-5.18,0.95,-0.21,-1.77,-1.78,-5.79,2.92,0.16,0.27,-2.23,-1.96,0.43,3.2,1.66,-0.05,-0.23
199607,-10.89,-5.25,-8.07,-6.87,-11.93,-6.18,-6.19,-5.69,-5.17,-9.77,-4.3,-5.02,-4.61,-4.8,-7.72,-6.76,-4.07,-1.94,-5.6,-5.64,-1.49,-3.56,-5.46,-4.15,-4.75
199608,5.27,2.24,6,5.3,4.04,4.65,4.77,4.02,3.54,4.45,2.79,3.67,3.95,2.96,5.11,3.33,2.4,3.02,3.52,3.87,0.13,-2.73,2.5,4.01,4.92
199609,1.89,4.67,1.8,3.78,5.34,5.33,3.04,1.96,4.2,2.74,1.65,3.97,3.3,6.12,6.14,6.6,2.76,5.89,6.68,6.94,3.11,4.17,4.35,6.47,12.34
199610,-1.98,-0.09,0.89,1.26,-3.99,5.41,2.46,6.46,3.53,-3.25,3.03,2.97,3.22,2.55,-2.55,2.83,4.45,4.32,0.6,1.26,2.01,3.73,0.1,1.48,1.2
199611,5.31,5.11,5.08,6.13,2.74,4.46,5.67,4.67,4.9,5.55,3.97,3.97,7.29,5.64,6.17,5.07,6.52,8.14,7.38,9.56,9.04,6.86,7.22,6.36,11.15
199612,1.54,0.95,-0.04,-0.68,-1.53,0.7,1,-1.26,-1.48,-1.13,4.45,-0.84,-1.25,-1.96,-1.27,-3.38,0.83,-1.73,-3.8,-0.01,-1.3,0.88,0.14,-4.15,-3.41
199701,4.47,2.01,2.04,5.66,2.28,7.1,2.61,3.51,5.26,3.5,2.61,3.32,3.68,4.16,3.27,6.46,3.91,6.74,4.45,9.38,5.27,7.73,5.51,6.95,8.43
199702,-2.13,-2.79,4.85,-0.41,-3.62,-0.46,-0.12,-1,0.88,-0.81,-0.39,-0.68,2.42,1.03,-2.75,1.47,-0.42,3.74,1.43,-3.27,0.64,3.08,2.43,1.87,-4.6
199703,-5.01,-2.86,-6.37,-4.95,-5.93,-2.15,-1.52,-4.15,-3.62,-6.92,-2.03,-0.22,-3.99,-3.82,-6.7,-4.47,0.82,-5.66,-2.72,-4.75,-5.46,-5.91,-5.65,-6.19,-6.02
199704,0.18,-3.86,0.36,3.5,-0.53,3.27,1.89,0.6,4.75,-0.97,1.87,0.49,4.14,5.51,2.67,4.73,2.96,6.15,6.13,8.89,5.88,3.45,6.95,9.79,6.78
199705,10.05,8.94,8.12,8.83,12.26,5.07,6.91,7.57,7.93,11,4.66,5.2,6.37,5.5,10.97,6.99,5.95,3.76,5.73,8.66,4.34,6.28,7.85,5.39,7.94
199706,2.16,3.75,6.17,2.46,4.29,5.87,5.31,4.36,6.22,3.3,5.16,3.07,4.63,2.19,3.47,5.24,4.41,8.4,6.3,3.32,4.2,4.86,3.15,4.99,1.26
199707,6.87,10.88,5.48,9.35,5.75,5.34,7.64,7.15,7.35,7.31,7.07,6.81,5.97,8.46,10.86,8.77,6.36,7.63,10.01,13.26,4.38,5.97,3.58,7.74,14.51
199708,4.12,0.33,-2.72,-2.07,-1.68,3.15,-0.09,-4.4,-1.48,-0.05,-3.12,-3.48,-0.15,-1.67,-4.14,-5.79,-2.72,-4.89,-6.59,-0.19,-4.27,-6.41,-6.69,-6.6,-3.51
199709,6.39,6.74,4.8,5.27,10.06,5.93,5.58,8.41,5,6.38,3.93,5,3.72,5.6,7.58,3.82,7.64,3.19,6.6,7.75,7.97,5.21,6.25,7.59,1.08
199710,-5.56,-7.79,-6.28,-5.84,-3.68,-2.88,-4.3,-1.97,-4.45,-5.51,-4.79,-4.2,-1.55,-3.45,-2.71,-2.02,0.9,-2.34,-4.12,-7.06,-1.89,-4.65,-1.86,-1.24,-4.87
199711,-1.39,-1.27,0.07,2.65,-1.81,3.35,-0.05,1.26,3.42,-2.25,1.34,2.14,3.05,3.66,2.54,3.54,1.98,3.13,4.56,3.08,7.54,7.83,6.31,6.71,2.32
199712,-2.36,-0.25,0.11,-0.02,0.07,1.18,1.96,4.77,1.17,2.99,6.15,3.93,1.72,2.1,3.94,5.96,4.01,1.35,2.66,-0.38,1.96,2.78,3.93,0.66,-4.36
199801,0.38,3.61,1.03,1.16,2.29,-3.06,-1.42,-0.83,1.44,-2.77,1.75,-3.57,-3.12,-0.76,-3.37,3.86,-3.33,0.2,-2.25,1.77,0.21,0.43,0.83,4.81,7.28
199802,8,8.04,7.48,12.32,8.02,6.59,9.71,7.81,8.74,7.92,5.08,6.73,7.76,9.32,9.78,4.62,3.93,8.07,9.9,11.26,3.75,5.98,6.48,4.84,10.14
199803,5.7,4.14,3.82,7.86,9.63,4.21,1.65,3.48,4.87,3.7,4.68,5,4.04,5.24,5.42,5.35,2.16,4.78,3.68,-0.83,6.14,4.79,7.22,8.93,3.77
199804,0.52,5.9,0,5.73,2.44,3.78,-0.18,2.27,1.5,2.21,-0.87,3.29,0.58,0.53,2.95,-0.66,2.62,0.16,3.22,5.57,-3.49,-0.97,-0.48,2.22,0.94
199805,-3.48,-7.53,-3.88,-5.9,-3.91,-2.07,1.39,-3.59,-3.29,-5.49,-1.66,-0.46,-2.91,0.47,-1.01,0.23,-3.42,-1.75,-4.77,-4.82,0.18,-0.65,0.14,-2.09,-6.3
199806,-1.08,4.18,1.97,5.12,6.42,-0.5,-2.89,5.82,1.27,2.2,-2.14,1.99,0.92,3.46,3.56,2.49,2.28,1.33,2.36,1.43,1.8,2.01,6.17,5.9,11.17
199807,-0.38,-6.88,-0.31,-6.57,-7.09,-1.44,-5.06,-0.11,-5.41,-9.36,-3.36,-0.6,-4.41,-3.96,-3.08,-5.2,1.03,-2.29,-3.36,0.48,-3.82,-0.84,-1.26,-0.87,1.19
199808,-22.68,-15.55,-18.17,-17.56,-21.84,-11.88,-9.7,-19.66,-18.45,-19.48,-12.79,-8.83,-16.71,-13.67,-16.74,-9.34,-13.51,-13.77,-17.55,-25.43,-13,-13.98,-13.43,-16.92,-14.94
199809,10.26,8.02,12,5.22,9.61,8.09,3.61,4.22,2.71,7.88,9.23,2.61,5.47,5.65,9.51,6.79,6.08,4.17,6.6,-1.16,6.69,2.51,6.51,11.84,15.09
199810,6.76,4.96,5.87,7.47,5.07,5.37,3.36,7.58,8.61,3.89,-0.01,11.39,6.76,6.64,6.3,4.73,5.96,9.7,10.4,11.24,8.5,11.93,7.81,7.81,1.61
199811,12.23,4.09,5.15,9.68,8.04,7.57,5.12,5.66,7.36,1.16,3.65,6.39,6.37,8.97,3.75,3.2,4.04,3.86,5.43,7.82,7.3,6.33,5.61,10.98,9.42
199812,17.83,4.2,12.37,8.29,6.09,9.66,4.62,2.15,5.6,5.7,1.65,4.59,1.56,9.52,5.83,-1.45,9.26,6.32,7.01,6.08,1.37,3.73,4.96,7.47,12.32
199901,8.96,2.28,4.86,4.68,8.98,0.26,4.2,3.02,-0.93,-3.18,-0.58,1.75,-0.87,-0.09,5.94,-4.44,2.33,0.29,3.95,8.65,-1,-0.54,-1.07,9.96,16.98
199902,-1.31,-6.77,-0.09,-0.3,-6.4,-0.05,-1.37,3.35,-5.88,-8.27,-2.09,-2.31,-1.08,-4.7,-5.79,-1.49,-3.98,-1.63,-4.59,-6.41,-2.89,-3.11,1.8,-6.81,-10.95
199903,20.13,3.86,4.67,3.23,7.68,5.5,3.18,3.25,3.28,-0.76,-0.36,4.52,5.57,2.99,6.15,3.78,3.79,5.76,0.52,2.95,-0.8,0.99,-1.73,4.31,5.2
199904,3.2,8.02,0.41,6.7,12.99,2.56,4.3,2.72,4.3,6.29,12.17,4.47,7.66,2.28,3.54,15.95,6.66,3.24,9.12,0.68,3.55,1.69,4.9,3.09,0.52
199905,-6.63,2.89,2.61,-2.5,-3.84,-0.77,5.98,1.52,3.45,3.86,-0.34,-4.1,-1.08,0.06,-1.77,-1.06,-1.36,-3.57,3.08,-2.34,-1.7,1.45,-3.82,-4.97,-4.08
199906,1.87,3.67,2.22,2.04,6.75,5.19,2.73,4.01,4.52,1.37,0.35,5.93,3.74,7.43,5.19,0.51,2.98,5.83,6.13,5.59,2.82,1.69,5.89,9.01,13.12
199907,3.19,-3.39,-0.7,-0.59,-6.6,-0.14,-2.11,-2.26,-1.97,-2.27,0.19,-2.62,-2.79,-2.32,-5.02,-2.23,-4.09,-4.42,-2.3,-5.22,-4.47,-2.78,-0.19,-3.66,-5.94
199908,2.5,-3.71,-2.01,-2.3,-1.01,-1.67,-0.44,-4.84,-1.23,-1.3,-5.02,2.59,-1.92,-5.79,-4.78,-3.21,-3.46,0.46,-0.62,-0.25,-0.36,-4.12,2.22,0.62,0.42
199909,-2.02,-5.45,-0.39,2.2,-0.98,-3.9,-4.32,-4.94,-5.06,-1.98,-3.25,-3.47,-5.71,2.15,-1.08,-1.85,-5.42,-0.04,-1.6,-2.43,-3.68,-1.58,-7.27,1.11,-3.24
199910,5.18,6.32,2.95,6.62,8.87,-4.38,5.48,0.75,9.9,6.29,4.22,6.78,4.79,5.45,13.43,3.43,5.84,5.07,5.98,10.53,2.94,1.79,5.34,12.35,5.77
199911,5.01,-1.09,13.54,4.6,8.34,5.18,4.92,-0.2,1.6,6.92,0.47,-0.81,1.75,0.34,-0.65,-0.02,4.43,5.42,2.74,5.36,-4.22,3.11,2.42,1.88,2.36
199912,9.68,14.82,9.67,12.42,17.34,2.86,10.04,3.78,8.23,15.18,5.91,3.15,1.41,9.77,3.91,0.54,4.96,11.16,4.55,7.08,0.63,-1.25,-2.16,10.59,15.32
200001,1.99,-4.72,-0.1,-4.85,-3.22,-6.73,-6.29,-4.78,2.01,0.11,0.51,0.62,2.03,-12.09,-1.67,-4.44,-1.12,-14.39,-4.96,-0.06,-6.07,-0.87,0.57,-3.29,-16.3
200002,20.86,5.86,19.35,6.99,10.53,-7.56,8.63,0.93,4.38,28.85,-2.62,6.58,-0.14,-2.62,-3.38,-4.05,4.04,-3.44,-0.4,9.76,-10.59,-10.5,-3.95,2.74,-2.4
200003,-3.18,-1.3,-7.37,-1.68,-1.58,8.74,5.53,12.36,9.72,-7.86,9.6,6.69,6.55,9.4,12.73,10.01,8.18,10.73,5.64,12.88,6.89,14.38,5.69,8.86,16.93
200004,-7.67,-6.88,-7.65,0.14,-12.02,0.13,-5.99,-0.44,-4.57,-8.35,-1.87,1.89,3.49,-3.96,-2.61,3.49,-1.67,-0.89,5.84,-7.1,2.06,-3.91,0.7,1.38,-20.17
200005,-3.13,-2.24,-4.56,-0.57,-11.19,1.75,-5.1,0.49,-0.11,-3.55,-0.49,-0.72,-10.15,-4.31,2.44,-1.41,-3.82,-2.77,-3.26,-5.66,3.36,-5.2,3.45,-1.51,-6.56
200006,17.24,-1.9,11.81,0.64,12.41,-5.46,-4.6,2.62,6.25,5.72,-3.34,-3.28,-4.42,-2.87,0.1,-4.1,9.04,-3.19,9.71,1.25,-3.48,1.48,2.53,6.01,11.18
200007,-6.4,-2.21,-2.34,1.45,-8.68,1.02,3.35,-6.38,0.82,1.3,4.75,3.92,1.51,-0.72,-0.55,6.96,6.67,1.11,-2.03,-4.26,-2.68,1.32,-3.86,-3.94,2.62
200008,13.35,5.48,7.42,16.74,11.99,8.95,8.51,4.69,15.63,7.72,6.43,7.41,5,8.22,11.23,6.84,10.55,2.98,1.91,8.39,2.18,3.75,5.3,5.72,11.09
200009,-6.21,-11.14,4.32,-7.54,-10.61,-0.4,4.17,-10.3,3.64,-0.25,-3.45,1.48,3.17,2.05,-5.66,1.75,-0.81,-1.09,5.77,-19.47,-2.15,-1.09,2.09,-0.7,-3.19
200010,-5.03,-3.47,-0.41,-0.78,-13.75,-7.03,0.6,-8.22,-2.45,-7.22,3.61,4.66,0.32,1.5,-3.61,2.23,-0.83,-0.8,-3.48,1.24,5.09,2.58,4.88,0.62,-1.05
200011,-18.17,-8.43,-0.97,-21.81,-27.61,-1.25,0.75,-23.02,-8.24,-12.4,-2.06,-1.77,-3.47,-6.99,-13.7,1.96,-6.31,0.94,-2.93,-14.24,-2.21,1.82,-0.46,-5.16,-17.45
200012,5.89,1.69,9.9,4.06,-0.41,4.5,2.41,-0.04,8.46,0.06,10.48,9.26,8.29,8.04,6.06,9.68,10.8,5.83,7.18,-13.34,5.95,4.17,3.54,2.64,-5.21
200101,8.89,11.6,-0.82,12.72,7.02,2.29,-1.72,15.18,-3.87,9.27,-0.17,1.74,-3.43,0.82,-3.18,-2.25,5.26,1.91,2.11,15.22,-2.44,0.81,-0.17,-1.54,5.87
200102,-11.92,-7.15,-0.29,-14.53,-23.5,-2.83,-0.15,-14.23,-5.98,-13.82,-3.44,-0.06,1.46,-4.54,-13.53,1.96,-3.07,-6.88,-3.51,-21.44,2.08,-2.29,0.45,-6.41,-12.9
200103,-6.38,-7.02,-4.96,-12.84,-16.03,-4.07,-3.13,0.78,-1.43,-5.87,-4.36,-4.89,-1.48,-2.63,-4.66,1.4,-1.55,-4.6,-3.72,-12.91,-3.85,-3.77,-5.68,-8.56,-8.46
200104,11.41,12.22,5.33,10.62,16.12,9.24,5.86,-0.14,10.07,11.83,9.4,5.11,7.09,5.79,11.3,1.28,3.84,5.58,6.32,16.17,3.63,6.92,0.75,7.69,4.47
200105,4.42,6.48,3.26,-3.26,-2.88,0.73,0.4,0.78,1.57,0.01,3.61,2.06,2.34,2.02,-1.48,5.07,3.42,2.46,2.62,-1.58,3.45,2.22,2.16,1.07,0.32
200106,-0.33,-4.3,-1.04,-2.96,-0.36,-4.7,-3.98,-4.72,-2.77,0.11,-4.6,-0.3,-1.22,0.05,0.87,0.02,1.56,-1.41,-3.03,-0.26,-0.3,-2.75,-3.3,-2.3,-2.53
200107,-6.22,-4.45,-3.67,-6.3,-13.66,-0.5,-2.06,-5.79,0.19,-2.23,-5.54,-1.84,1.15,1.16,-8.22,3.38,0.16,4.1,-0.39,1.26,-0.37,0.71,-3.36,3.93,-0.94
200108,-8.43,-0.82,-3.25,-6.51,-13.16,0.28,-1.72,-0.58,-5.32,-10.34,-5.51,-2.24,-5.18,-6.48,-11.58,0.66,-3.11,-3.38,-3.54,-8.28,1.8,-3.8,-3.19,-4.68,-9.78
200109,-6.88,-3.76,-4.9,-11.71,-23.25,-9.02,-9.65,-6.16,-5.83,-17.14,-16.92,-12.37,-9.63,-10.46,-12.34,-8.98,-4.58,-7.95,-10.52,-10.52,-3.64,-6.95,-6.71,0.21,-5.48
200110,2.67,4.52,0.04,2.04,11.68,0.21,0.1,-4.74,2.13,7.2,4.71,-1.18,-0.46,3.48,6.57,1.4,1.15,2.22,2.87,5.67,-1.39,4.91,0.32,-5.17,2.93
200111,8.2,2.55,7.28,9.51,14.66,7.14,7.17,7.87,5.47,11.81,13.25,8.18,7.77,4.62,11.74,10.47,2.07,10.83,8.64,9.95,5.43,6,5.54,5.89,4.55
200112,2.5,3.78,3.87,3.57,1.3,6.62,3.32,2.59,0.03,-1.59,-0.81,3.92,2.99,2.65,0.52,0.82,4.01,1.93,3.28,2.25,1.89,1.26,3.75,-0.87,-0.32
200201,-5.93,-1.72,-1.46,-4.2,-11.1,1.77,4.39,-2.37,-5.26,0.32,6.25,2.15,-0.8,3.82,-4.06,0.71,0.81,3.03,0.39,-1.64,-0.58,-6.19,-2.22,-1.17,4.32
200202,-7.62,-1.21,1.33,-4.81,-9.52,2.86,-0.14,2.21,0.06,-14.87,-1.79,4.06,3.13,-2.4,-6.08,0.85,2.8,-2.61,-0.98,-2.7,2.09,-2.41,3.4,-0.35,-1.32
200203,6.65,1.83,3.77,3.23,6.46,5.57,7.53,5.46,1.88,11.28,2.14,5.02,7.74,4.82,4.53,7.3,6.38,4.49,6.1,6.35,5.73,2.12,0.61,1.62,0.39
200204,-10.79,-2.96,0.95,-1.55,-11.96,1.69,2.25,3.95,-1.96,-8.89,0.54,0.19,1.23,-0.85,-10.59,0.06,-2.62,-0.59,-5.27,-6.26,-1.01,-10.67,-5.36,-9.2,-7.28
200205,-3.85,-0.2,-3.22,-1.95,-5.88,-1.98,-0.54,-3.46,-1.78,-2.47,3.67,-0.11,0.37,-1.39,-1.76,1.88,1.97,-2.18,-1.14,-3.85,-0.37,0.44,-0.96,1.98,-1.43
200206,-10.86,-6.91,-7.99,-9,-18.25,-2.21,-3.83,-4.82,-2.1,-11.59,-7.27,-5.31,-6.08,-6.23,-4.69,-2.41,-1.41,-12.98,-2.9,-6.85,-4.39,-8.65,-5.81,-8.44,-5.95
200207,-14.05,-13.6,-7.12,-10.23,-11.27,-11.67,-10.56,-9.28,-11.4,-10.11,-1.23,-7.28,-9.07,-11.45,-11.72,-11.78,-9.74,-7.69,-10.06,-8.72,-4.49,-3.22,-6.9,-2.5,-5.22
200208,-3.1,0.56,0.55,2.27,3.15,1.09,-0.83,0.54,-0.01,0.16,-3.85,-0.33,1.01,2.33,0.06,3.23,-0.48,-1.44,3.35,2.09,-0.39,1.8,0.72,-0.61,1.21
200209,-17.27,-9.16,-13.51,-5.15,-7.26,-8.96,-9.37,-9.6,-9.26,-9.39,-14,-13.29,-7.63,-10.84,-10.05,-13.38,-10.77,-9.13,-8.92,-8.02,-10.62,-9.99,-10.77,-11.54,-9.96
200210,10.21,5.2,8.21,6.26,8.48,7.04,15.39,6.51,6.06,6.53,10.64,4.39,4.19,13.66,9.98,3.85,6.08,6.99,10.12,5.66,14.79,11.23,7.27,6.95,5.74
200211,22.28,12.95,14.92,7.79,6.46,8.05,15.06,7.19,6.26,9.23,12.3,8.46,5.05,8.19,5.56,5.63,4.39,3.06,4.33,-0.5,10.61,3.71,2.48,4.09,4.35
200212,-15.31,-5.91,-7.23,-10.88,-9.04,-8.99,-8.57,-4.55,-5.84,-4.38,-13.98,-5.75,-1.51,-8.22,-8.22,-5.04,-2.19,-3.23,-5.97,-4.07,-6.68,-3.52,-3.33,-4.06,-4.47
200301,2.24,0.05,-0.21,-2.69,-5.78,-9.51,-0.52,-4.73,-3.34,0.28,-1.61,-2.99,-3.82,-4.48,-4,-8.69,-2.35,-3.68,-3.2,-2.79,3.6,-1.5,-3.64,-2.88,-1.75
200302,0,-6.46,-0.11,-3.46,-5.96,-2.76,-6.84,-2.5,-0.16,-3.83,3.39,-2.76,-2.55,0.37,-2.2,-3.48,-2.71,-2.15,-1.7,0.14,-0.44,-1.61,-3.79,-1.46,-1.8
200303,1.13,-0.61,-2.17,-0.02,0.56,-3.51,-0.55,0.57,0.67,0.44,-1.2,0.01,0.19,1.18,1.93,0.91,0.29,0.18,3.76,2.97,-3.2,3.81,-2.02,3.09,1.65
200304,11.69,10.5,10.99,13.83,14.14,10.32,5.85,8.53,11.34,9.63,11.93,9.45,7.92,7.17,9.52,10.86,7.79,7.62,9.83,4.9,6.3,4.95,5.33,8.25,9.52
200305,17.7,7.23,12.34,9.64,10.11,8.78,10.76,5.37,8.99,8.19,11.06,8.72,6.83,2.74,3.88,7.58,5.67,6.15,2.47,6.46,8.85,4.08,9.46,1.38,6.6
200306,0.54,2.27,2.92,0.5,3.42,-0.55,4.59,0.81,0.58,-0.57,0.5,0.92,-0.36,1.97,0.27,0.68,0.53,3.13,2.58,0.28,-2.68,-2.06,2.34,3.56,0.44
200307,5.07,3.1,5.06,5.84,2.59,1.76,5.29,5.09,10.04,3.64,5.04,11.29,4.51,4.25,-0.03,4.38,-1.05,3.08,0.2,2.91,1.83,-2.36,-0.69,-1.01,-0.27
200308,8.11,6.6,6.53,0.41,1.48,10.33,3.37,2.94,-0.25,1.55,0.86,10.56,-0.36,1.72,4.63,0.8,0.8,3.74,3.31,5.06,1.98,2.14,1.14,-0.16,-1.31
200309,-2.89,-5.01,-3.91,-1.5,-1.61,-3.45,-1.85,-1.69,-2.32,-1.86,-3.32,-2,1.14,1.41,-1.66,1.21,-1.81,-2.91,-0.77,-2.02,-0.49,-4.86,0.15,1.5,0.82
200310,10.09,7.83,10.22,8.69,9.17,9.6,7.13,8.1,7.55,3.68,8.7,14.74,5.75,1.76,6.43,5.45,6.87,3.64,4.56,11.26,0.75,6.37,4.84,4.12,5.53
200311,3.68,1.63,6.19,2.27,-1.55,4.92,1.62,1.15,1.66,-0.67,2.46,0.75,0.65,0.47,2.74,1.51,0.94,-0.86,1.8,1.01,3.24,0.9,2.67,0.17,3.11
200312,3.02,5.06,-1.38,2.81,5.29,3.95,4.98,6.49,8.39,5.61,8.37,-0.79,3.7,6.31,2.99,7.14,9.39,4.42,4.48,-0.91,7.43,6.69,4.13,4.1,3.19
200401,8.59,1.77,4.61,6.23,3.02,4.17,1.16,-0.47,4.45,2.99,-0.51,-1.88,2.07,0.84,2.52,4.31,0.49,1.18,2.94,1.73,0.83,2.48,-0.7,1.52,2.51
200402,-2.1,-0.6,2.32,2.19,-2.12,1.69,2.61,2.95,1.42,2.72,3.33,-1.82,2.1,-0.75,2.62,4.89,0,4.84,0.66,3.18,1.77,0.92,1.49,1.51,2.9
200403,-3.03,-0.3,-1.27,-2.36,-0.7,-1.46,-1.19,-1.29,-1.27,-0.51,-0.46,-3.49,0.3,-2.94,0.08,-0.94,-0.32,-0.33,-2.12,1.71,-2.33,-2.32,-1.79,-1.78,-0.3
200404,-7.43,-3.72,-4.67,-4.62,-2.04,-3.36,1.01,-4.69,-3.96,-1.98,-2.09,-4.64,-4.16,0.99,-2.74,-2.45,1.64,-1.61,-1.47,-4.84,-0.68,-0.89,2.63,-0.34,0.53
200405,3.27,0.37,0.46,0.44,4.46,3.74,1.04,0.96,3.08,0.47,1.87,6.65,-0.55,0.77,-0.11,3.64,-0.78,1,2.53,2.86,-0.21,-1.62,-0.29,1.13,-0.1
200406,0.9,1.22,1.09,5.11,1.97,0.16,1.17,1.84,2.24,2.06,3.25,-0.01,0.61,5.76,2.03,4.83,3.89,0.99,3.92,-0.35,1.99,3.6,1.94,0.07,0.76
200407,-9.97,-7.12,-5.15,-6.19,-10.17,-6.23,-4.52,-2.72,-5.2,-9.22,-6.86,-3.6,-1.54,-2.02,-4.24,-1.17,-3.61,-3.42,-0.94,-3.35,-4.3,-2.06,-3.11,-4.28,-2.28
200408,-3.49,-2.34,-2.42,-0.71,-2.49,0.64,0.19,-0.95,0.91,2.86,-4.39,0.32,0.83,-1.09,1.4,1.35,0.58,-2.15,1.3,-0.95,-0.84,1.7,1.29,1.89,0.79
200409,4.15,2.07,3.56,3.46,6.54,4.43,2.83,1.28,1.54,5.37,0.23,3.8,2.73,1.1,-1.44,2.69,3.05,1.37,2.21,4.15,-6.85,1.94,0.8,-2.15,3.71
200410,4.43,4.53,2.63,3.19,2.92,4.19,1.47,0.83,3.12,0.53,4.06,1.49,0.13,2.07,-3.66,1.5,5.93,4.24,2.13,2.19,0.53,1.67,-0.92,0.44,1.94
200411,8.2,4.09,6.57,8.47,7.52,5.33,7.85,3.96,5.45,6.82,1.5,7.52,5.67,5.66,2.8,9.49,4.95,3.77,3.05,4.78,0.67,2.82,5.8,3.62,6.71
200412,4.04,3.76,6.64,2.65,6.3,4.41,2.27,4.13,3.85,5.22,2.35,3.47,2.6,1.74,0.81,5.85,3.67,3.28,3.08,3.88,6.07,3.18,3.57,3.93,4.3
200501,-6.86,-1.99,-3.94,-3.17,-7.11,-4.55,-3.4,-1.66,-1.92,-10,-3.74,-0.86,-2.39,-1.2,-4.06,-3.5,-1.4,-2.91,-0.39,-2.4,-5.5,-3.04,-0.49,-2.18,-0.47
200502,1.71,0.77,1.64,3.55,-4.79,3.66,4.17,4.56,1.92,0.51,0.65,2.14,3.49,-0.62,3.6,1.99,2.58,4.07,3.7,1.79,2.97,0.33,2.97,0.18,2.46
200503,-2.92,-1.42,-2.1,-3.71,-2.07,0.08,0.99,-2.17,-0.9,-0.79,1.08,-1.15,-0.86,-2.08,-5,-1.41,-0.17,-1.23,-2.73,-1.24,-1.61,-1.67,-1.33,-1.98,0.28
200504,-5.6,-4.81,-3.4,-3.28,-2.11,-3.29,-3.58,-3.57,-3.71,-0.81,-2.84,-3.49,-3.16,-0.36,-2.56,-4.62,-3.03,-0.48,-1.98,-2.28,-0.41,0.24,-4.5,-1.13,-2.06
200505,6.55,3.43,4.9,7.95,7,5.51,5.61,3.64,4.2,7.8,8.16,4.99,0.78,1.94,5.98,4.12,5.14,5.73,1.82,4.38,1.21,2.42,2.83,3.49,3.11
200506,1.09,-0.87,-0.78,2.59,-0.4,2.06,1.95,0.57,2.19,-1.54,1.68,1.82,1.36,0.25,2.52,2.2,3.06,0.13,-0.31,3.17,1.44,0.33,0.15,-0.51,1.99
200507,4.35,3.28,3.65,7.99,4.82,5.13,2.11,5.53,4.86,5.86,4.69,6.35,6.85,3.23,6.34,2.01,4.72,2.19,5.78,3.23,2.1,2.77,1.9,3.68,5.07
200508,-0.34,0.95,-2.48,2.86,-0.83,0.57,1.53,-1.21,1.35,-2.74,-0.85,0.1,-0.44,-0.71,-1.2,-3.97,-3.11,-3.36,-1.38,-0.91,-1.42,-3.21,0.12,1.15,-2.93
200509,-0.92,0.39,1.67,3.45,1.85,0.02,2.28,0.13,0.06,1.08,1.36,2.68,-2.77,1.72,2.64,1.48,-1.57,-0.61,0.01,0.72,2.75,-2.11,1.18,2.68,3.04
200510,-3.38,-0.71,-2.23,-3,0.11,-0.97,-2.73,-2.67,-0.08,2.77,-2.53,-6.42,-0.24,-0.24,-1.77,-2.91,-2.4,-1.42,-1.46,-0.16,-3.28,1.75,-0.56,-6.59,-3.31
200511,2.13,3.68,4.1,6.97,5.55,3.93,5.27,4.56,6.12,4.85,4.42,4.78,3.31,5.6,5.18,2.55,6.68,0.84,3.34,5.34,2.25,4.68,1.21,2.87,3.52
200512,1.52,0.61,0.63,2.73,-0.69,0.79,0.55,-0.14,-1.49,0.83,-0.1,-0.4,0.18,-0.35,-0.94,-1.04,-2.23,1.15,0.57,0.31,-0.86,-0.86,0.94,-1.3,1.53
200601,6.52,1.26,5.88,6.4,3.61,4.16,5.26,5.04,3.91,4.38,2.07,3.18,3.9,-1.85,7.16,4.01,-2.22,3.57,3.97,3.32,5.98,2.34,-0.75,7.33,3.7
200602,0.01,-0.1,0.83,-3.9,-0.75,-0.16,2.44,2.1,-0.58,1.11,0.89,-0.17,1.06,0.59,-0.9,4.93,0.62,0.83,1.49,-1.58,1.83,0.16,1.82,-3.22,-1.39
200603,0.85,3,3.16,2.29,3.11,4.01,1.71,2.1,0.8,1.13,2.23,2.68,0.8,2.85,4.38,4.72,-0.76,-0.33,1.85,2.45,1.01,0.86,0.84,3.38,0.7
200604,2.95,1.3,0.84,4.13,-0.4,1.71,-1.06,2.4,-2.67,2.23,-0.58,1.8,0.85,1.75,2.05,-0.86,1.35,0,0.91,2.69,0.13,0.09,1.95,3.71,-0.6
200605,-3.06,-0.06,-3.88,-4.57,-4.67,-3.42,-1.3,-0.65,-4.42,-4.95,-2.3,-3.82,-0.66,-2.37,-6.86,-4.17,-4.18,-1.45,-2.66,-4.72,-1.43,-1.48,-0.93,-2.07,-7.07
200606,-0.5,-0.55,-2.24,-2.21,0.93,0.3,0.62,-0.93,-0.18,-1.99,-1.34,-0.5,1.2,-2.12,-0.46,0.22,1.08,-0.37,2.03,1.94,3.85,0.07,-0.09,0.79,0.85
200607,-3.37,-0.84,-1.11,-6.78,-4.23,-1.46,-2.45,0.27,-5.79,-2.05,-0.47,2.9,-3.3,0.23,0.03,0.75,-0.18,1.28,-1.13,0.17,0.13,-1.47,4.55,-1.14,-0.05
200608,5.26,1.92,3.79,5.25,3.82,1.26,4.5,2.73,2.51,2.27,3.72,2.05,3.29,1.01,1.24,6.52,1.67,2.56,0.07,0.97,4.82,3.14,2.72,-0.61,-0.95
200609,0.77,3.73,1.93,2.58,-0.02,0.57,3.01,2.17,-0.87,2.84,4.38,1.62,2.5,3.62,4.38,3.55,2.77,1.71,4.91,1.53,3.72,2.52,-0.46,-0.59,1.72
200610,4.03,5.82,6.52,2.5,3.89,4.45,4.17,3.47,2.93,3.98,1.9,2.24,4.43,2.67,5.86,2.11,2.79,3.16,1.91,3.28,5.93,3.83,4.46,3.54,4.92
200611,3.7,0.87,1.58,6.11,4.25,0.85,2.83,2.44,3.47,1.63,1.08,-0.41,1.87,2.12,4.1,3.14,-0.58,-0.13,-0.08,3.49,0.04,1.15,3.61,6.05,5.8
200612,1.93,3.48,2.48,-1.33,-1.43,0.34,2.06,3.15,0.39,0.32,4.63,4.6,2.63,1.17,-2.61,0.06,1.74,1.59,0.47,1.34,3.32,0.34,1.06,-0.29,-3.7
200701,2.37,2.3,1.45,3.73,1.84,0.54,2.81,0.27,1.76,2.6,-1.09,2.25,1.97,2.25,2.91,1.81,3.4,1.19,2.11,2.86,1.65,2.81,0.16,0.52,3.14
200702,-0.59,-3.99,-2.51,-0.35,1.55,2.31,-2.95,-1.22,1.54,1.13,-0.82,-3.53,-0.54,-1.84,-2.98,-3.75,0.19,-1.45,-1.73,-1.85,-1.86,-2.26,-1.73,-1.5,-1.34
200703,1.83,-0.57,2.62,2.32,0.78,0.99,0.79,-0.32,2.21,2.04,1.14,-0.19,0.81,1.2,2.88,0.28,1.52,0.2,-0.77,2.43,0.6,0.63,2.6,2.54,3.59
200704,5.36,2.88,2.1,6.41,1.37,4.93,3.75,4.36,2.23,1.84,3.8,5.15,3.86,2.7,3.47,5.85,2.64,6.29,2.55,3.3,5.61,5.23,3.65,6.44,4.42
200705,3.16,2.85,0.89,3.14,3.97,1.72,5.43,4.15,3.29,3.88,3.36,-0.06,2.55,3.47,8.53,3.61,2.79,2.47,2.15,4.49,4.01,5.44,3.49,6.65,6.68
200706,-1.72,0.4,-1.14,-0.89,-0.71,-0.62,-3.22,-2.77,-1.16,-2.35,0.6,-4.12,-2.71,-2.51,0.71,-1.72,-2.44,-2.05,-1.32,-2.56,-1.84,-1.5,-0.66,-0.44,-0.67
200707,-5.06,-3.76,-7.42,-4.98,-4.15,-4.96,-6.86,-2.82,-2.73,-2.95,-7.1,-1.44,-4.98,-6.91,-1.93,-4.04,-3.73,-2.94,-3.85,-2.3,-0.51,-3.3,-1.12,-3.74,-2.52
200708,-0.01,1.52,1.16,1.67,1.44,-2.66,3.54,2.8,1.77,4,2.78,-0.34,1.23,1.36,2.92,0.88,2.7,3.24,0.86,2.34,0.74,2.11,0.88,-0.32,-2.17
200709,2.35,3.49,3.12,2.77,5.05,3.98,-0.15,0.61,6.02,3.97,-0.99,4.38,2.22,2.08,5.55,2.45,1.94,1.81,1.29,4.63,3,3.76,5.78,6.65,5.55
200710,2.6,-1.11,2.31,0.56,0.86,-0.76,0.75,1.14,5.73,3.66,1.01,0.89,1.99,-2.01,5.1,0.83,2.31,1.28,1.2,0.62,8.58,1.5,1.07,3.99,3.95
200711,-7.18,-8.7,-6.01,-9.34,-7.55,-5.57,-8.5,-1.97,-4.67,-4.06,-2.6,-4.79,-4.68,-6.86,-4.5,-1.79,-2.4,-1.98,-2.74,-5.93,-5.53,-3.97,-2.41,-5.47,-6.3
200712,-0.53,-4.14,-4.14,-3.17,1.24,-5.68,4.27,-1.66,1.4,-2.46,-3.66,-1.83,-0.8,-0.96,-0.63,-1.74,-1.29,-1.97,-2.37,0.67,1.58,-2.25,2.95,-0.65,3.47
200801,-8.4,-8.61,-7.05,-8.22,-6.55,-7.79,-8.04,-6.53,-5.57,-4.94,-0.63,-3.39,-6.2,-4.39,-11.94,-3.56,-7.94,-4.72,0.18,-5.75,-5.38,-6.97,-6.72,-9.09,-9.06
200802,-2.08,-2.49,0.99,-6.19,-6.34,-4.61,-3.3,-0.18,-1.16,-2.53,-5.1,-5.18,-2.9,-7.74,-5.58,-1.68,-4.28,-3.63,-5.27,-2.61,-4.19,-1.35,0.45,-3.44,8.25
200803,-1.2,-3.4,-1.15,-4.44,2.84,-2.47,-9.21,-0.37,-1.55,-3.56,-5.12,5.03,-0.43,-4,0.2,-0.71,-1.42,-0.69,0.23,-0.76,1.39,0.38,-0.49,-1.39,-1.55
200804,4.03,5.44,3.47,5.47,4.13,5.68,6.68,4.15,3.49,3.84,0.92,-2.25,3.63,6.85,9.93,0.93,4.63,5.35,5.28,5.07,2.56,0.17,6.84,10.69,7.94
200805,5.08,2.86,3.1,2.29,3.29,3.31,4.26,3.51,3.84,1.94,0.62,-0.99,4.62,-5.6,1.62,4.01,1.06,4.86,-1.75,3.38,2.51,3.74,0.43,3.11,6.64
200806,-10.04,-13.41,-11.07,-12.03,-11.49,-8.91,-5.44,-9.24,-7.54,-11.5,-7.37,-10.71,-8.6,-15.09,-10.18,-8.75,-7.74,-10.42,-10.24,-6.88,-6.4,-7.21,-3.6,-6.3,-0.8
200807,1.11,-1.85,-2.67,2.97,0.01,0.17,0.75,-3.39,5.3,-1.03,-1.18,2.45,1.32,4.93,-3.79,-1.7,2.1,-0.93,2.63,-3.51,-5.57,-1.2,2.46,-4.01,-4.77
200808,1.69,0.6,-6.2,5.21,-1.9,4.13,2.49,0.87,-1.13,-0.29,2.88,2.75,3.69,-0.18,0.85,1.98,0.84,2.94,2.17,1.9,4.34,3.25,2.42,0.95,-1.46
200809,-19.11,-13.38,-33.08,-6.81,-11.64,-8.06,-10.44,-3.91,-20.06,-9.52,-9.71,-7.39,-4.84,-5.87,-11.95,-8.37,-6.83,-5.85,-5.38,-13.82,-6.86,-9.3,-6.5,-7.07,-17.04
200810,-24.08,-25.56,-22.4,-27.31,-24.29,-13.68,-20,-24.34,-16.47,-13.29,-22.94,-10.52,-18.04,-21.56,-17.22,-20.27,-11.91,-12.46,-15.62,-18.66,-17.89,-15.78,-15.58,-14.42,-19.58
200811,-15.54,-12.24,-13.62,-20.86,-12.73,-10.99,-7.86,-11.64,-10.11,-9.46,-11.41,-3.17,-7.03,-14.61,-16.34,-6.71,-0.57,-5.17,-10.69,-5.79,-10.64,-4.25,-8.28,-0.58,-9.63
200812,5.2,7.96,5.95,-2.6,5.41,1.86,4.64,2.14,6.56,0.99,0.44,0.59,1.82,-1.24,3.58,2.81,2.91,2.41,1.88,0.38,-2.24,4.16,2.84,-0.39,6.71
200901,-5.78,-2.07,-10.86,-16.96,-5.64,-9.47,-9.73,-8.55,-4.13,-4.94,-11.9,-12.22,-12.58,-13.4,-4.16,-6,-6.11,-8.58,-12.17,-3.46,-6.91,-6.5,-10.53,-4.5,-7.35
200902,-11.6,-10.66,-8.02,-14.95,-9.37,-11.82,-13.43,-14.32,-8.17,-11.51,-10.64,-10.73,-13.74,-11.74,-8.55,-9.7,-10.72,-8.49,-14.71,-3.84,-5.54,-10.76,-9.73,-8.81,-5.15
200903,12.3,9.71,14.5,19.43,16.05,6.21,7.24,8.35,9.24,7.84,9.98,6.07,8.3,13.41,7.3,7.38,5.59,7.66,11.59,11.6,11.02,7.11,5.87,6.67,10.38
200904,22.22,11.96,15.96,13.41,10.67,10.74,10.13,12.93,10.17,7.55,19.55,6.57,15.07,12.55,17.18,9.51,4.62,2.27,13.82,11.63,11.25,10.79,16.96,5.28,10.31
200905,8.29,5.67,8.86,7.17,8.12,0.24,5.63,5.31,4.55,3.64,3.54,3.85,1.84,5.29,5.28,7.71,1.37,4.37,7.05,6.99,4.04,3.76,4.19,3.84,10.67
200906,0.63,2.84,-1.81,0.22,1.78,1.1,0.63,-3.74,2.13,3.68,1.27,0.33,4.27,0.45,1.62,-1.22,2.99,-1.4,-2.37,-1,6.5,1,-0.01,0.59,0.8
200907,9.99,9.49,10.45,7.17,3.55,11.85,8.41,10.41,9.51,7.29,9.58,9.4,10.4,8.93,5.54,13.74,9.44,7.04,7.22,9.22,9.17,4.3,6.38,6.8,5
200908,8.47,6.83,5.31,4.45,2.17,6.64,5.45,1.28,9.02,6.57,7.94,2.6,1.34,0.53,3.78,8.39,5.25,2.28,1.52,1.87,3.66,0.86,2.43,1.86,1.91
200909,7.1,1.86,4.17,6.08,6.41,4.69,-0.04,6.86,0.85,3.29,5.2,5.37,9.08,3.85,5.45,4.92,0.15,3.8,2.47,5.73,3.89,2.97,4.52,2.82,5.73
200910,-7.09,-5.32,-8.76,-6.87,-7.2,-6.04,-0.84,-3.29,-7.44,-3.12,-3.4,-4.92,-5.35,-4.89,-1.94,-1.07,-0.47,-1.36,-1.31,-0.21,-0.48,0.84,-0.94,0.69,-0.76
200911,1.24,3.66,5.17,2.68,5.08,3.53,2.72,3.8,3.96,3.85,4.14,6,9,3.98,6.2,9.05,6.67,6.8,7.75,4.94,5.12,5.61,4.98,5.55,6.46
200912,2.05,2.75,5.47,5.89,5.79,7.37,5.93,8.11,1.8,1.3,3.54,4.66,0.46,3.35,4.8,1.62,3.08,3.3,1.64,5.93,3.69,-2.1,2.71,1.57,3.91
201001,-6.72,5.99,0.44,-1.98,-6.29,-5.56,-0.39,-4.59,-1.1,-2.02,-3.48,-4.54,-0.62,-2.69,-6.27,-5.7,-1.82,-3.5,-1.94,-5.94,-4.27,-4.05,-3.46,-5.22,-5.62
201002,4.74,5.44,5.13,3.05,4.82,4.4,3.34,4.93,4.89,2.3,4.32,1.96,3.61,1.78,0.84,3.57,2.01,3.95,3.72,4.29,4.22,2.2,3.23,3.02,4.36
201003,7.38,5.9,7.51,8.27,6.58,6.55,6.95,4.63,6.76,7.78,11.48,6.99,7.58,5.27,6.85,9.44,4.33,5.13,4.32,7.84,7.11,4.92,6.62,5.73,3.81
201004,1.23,-0.6,8.65,4.81,3.44,4.47,-0.83,2.64,2.94,1.17,1.8,3.62,2.09,2.33,-1.42,5.22,0.77,0.76,0.12,3.3,7.17,1.78,0.15,3.75,1.73
201005,-7.26,-7.92,-8.24,-6.87,-7.37,-9.17,-7.73,-8.14,-7.91,-9.43,-5.82,-8.15,-7.31,-5.86,-8.02,-8.56,-6.07,-7.01,-7.67,-8.28,-6.91,-6.83,-8.03,-7.78,-11.26
201006,-9.27,3,-7.49,-6.13,-6.27,-8.83,-5.34,-5.6,-6.26,-6.75,-7.71,-5.52,-5.04,-3.13,-7.59,-3.85,-5.88,-4.17,-5.3,-5.27,-8.02,-4.07,-2.45,-4.98,-9.36
201007,5.22,8.63,6.72,5.56,8.46,7.64,9.69,7.04,7.78,2.79,8.19,8.55,7.82,7.77,7.2,12.89,7.71,7.32,6.98,5.06,5.71,5.53,7.29,7.93,6.29
201008,-7.37,-7.91,-7.9,-8.41,-6.81,-6.11,-9.33,-6.4,-5.04,-3.44,-4.16,-8.74,-5.61,-2.76,-2.63,-7.7,-8.09,-1.42,-4.31,-3.59,-3.37,-4.45,-5.79,-3.45,-2.78
201009,10.95,10.05,13.24,7.72,11.49,9.57,12.02,13.49,9.76,6.9,10.64,7.25,8.35,10.09,10.25,16.9,6.24,6.46,8.83,12.45,12.14,9.32,9.5,7.91,11.56
201010,2.55,3.87,0.17,4,5.07,5.85,1.6,4.23,4.02,-1.65,5.69,2.02,3.93,2.25,4.3,3.12,5.91,4.55,4.84,4.69,5.62,2.7,4.61,4.39,3.9
201011,3.51,1.8,0.4,-0.24,1.6,-1.13,1.45,3.23,1.08,0.08,2.11,1.5,2.31,0.68,-3.61,4.81,0.3,1.31,1.24,-1.12,4.96,0.37,0.09,-0.5,1.45
201012,12.73,12.82,11.98,12.57,5.25,8.9,11.19,8.62,6.65,7.22,7.87,10.18,5.11,6.19,5.58,8.87,8.16,6.35,6.02,5.24,6.96,6.33,5.31,5.2,4.2
201101,3.04,2.52,2.19,1.63,4.42,4.15,6.69,1.21,1.48,1.06,2.7,4.04,2.66,1.08,4.31,2.01,1.15,4.08,2.27,0.45,-1.9,1.54,3.59,-0.46,0.46
201102,5.42,1.15,3.98,6.42,3.15,8.71,4.78,5.1,5.47,4.79,4.76,3.8,4.54,2.9,2.71,4.69,0.99,6.17,3.97,3.86,3.1,5.4,-0.46,2.34,3.25
201103,-0.6,-0.57,0.54,-0.94,-1.59,-1.23,-0.73,2.8,0.08,-1.37,2.29,0.34,1.96,2.23,-0.47,3.41,0.2,1.18,-0.35,0.36,3.9,-0.29,0.79,0.39,2.27
201104,-0.22,1.59,0.93,2.88,1.97,3.52,2.47,2.75,2.12,1.61,2.74,1.32,3.2,5.07,2.85,3.34,0.46,3.92,4.06,3.69,2.66,4.69,3.89,3.07,2.48
201105,-3.25,-4.12,-3.5,-4.4,-2.77,-2.51,-4.12,0.62,-2.01,-2.17,-6.01,-3.98,0.03,-0.42,-0.05,-3.75,-0.55,-1.83,-2.09,-0.6,1.46,-0.6,-1.07,0.6,0.51
201106,-4.52,-2.25,-3.24,-2.67,-4.13,-3.62,-1.95,-1.41,-1.66,-3.23,-1.68,-3.17,-0.61,-0.89,-3.26,-1.23,-2.71,-1.35,-0.61,-0.95,-2.97,-0.98,-1.22,-0.3,-0.84
201107,-3.14,-6.37,-5.78,-8.22,-4.77,-5.57,-5.24,-1.62,-3.03,-2.33,-4.79,-2.84,-4.27,-4.29,1.26,-4.6,-2.36,-3.34,-1.13,-1.62,-3.18,-1.46,-0.12,-1.99,3.99
201108,-13.88,-11.22,-4.41,-11.18,-7.57,-8.69,-6.65,-5.9,-9.41,-7.66,-3.35,-4.98,-7.6,-4.49,-8.95,-1.38,-6.16,-5.08,-4.31,-6,-5.7,-2.63,-3.92,-6.56,-3.51
201109,-12.39,-12.24,-9.29,-11.22,-8.18,-6.3,-12.28,-8.44,-9.99,-11.16,-5.34,-8.18,-9.79,-7.73,-7.31,-5.09,-7.07,-8.51,-7.96,-6.03,-7.15,-4.34,-4.52,-8.99,-4.43
201110,13.36,15.71,13.93,17.97,12.63,11.94,13.2,14.41,14.28,13.71,8.76,12.16,12.79,11.87,15.29,6.14,12.13,11.78,10.51,10.06,11.8,7.42,9.37,11.58,8.98
201111,-3.88,-4.16,-0.18,-4.27,-0.57,-2.07,-3.08,0.11,3.45,-1.62,3.74,1.18,-1.44,-1.12,-0.59,1.34,0.45,-0.82,0.66,-0.85,-0.33,2.94,1.69,0.23,-1.43
201112,0.13,-2.06,-1.55,-1.46,-1.94,6.62,1.57,1.49,2.24,-2.01,6.44,1.02,1.04,1.09,0.32,1.09,2.7,1.47,-0.28,-2.31,1.69,2.52,0.3,0.7,1.64
201201,11.51,7.41,4.83,9.28,6.03,3.81,7.36,4.99,6.61,6.67,1.44,3.93,6.9,5.9,2.25,-0.95,3.27,5.45,2.52,4.29,4.68,0.46,4.51,7.63,9.64
201202,10.23,6.2,4.39,4.62,1.85,3.44,5.52,5.17,5.27,5.75,0.97,2.67,1.4,3,4.78,6.02,6.82,2.69,3.59,3.6,2.97,4.4,3.76,3.07,9.14
201203,4.28,4.68,2.42,1.95,1.9,5.38,4.99,1.11,4.78,2.23,4.63,1.75,3.38,2.67,3.47,1.62,3.6,4.05,0.14,1.49,2.78,4.06,2.85,1.65,6.3
201204,1.42,-3.75,-2.27,-5.07,-1.94,-2.18,-3.5,-0.19,-3.08,0.89,1.26,1.44,-1.08,0.62,-4.1,-3.14,-0.7,-2.19,-0.59,0.64,0.75,0.29,-0.78,0.34,-0.42
201205,-7.29,-10.77,-8.3,-12.42,-5.94,-3.95,-4.7,-7.79,-5.91,-7.16,-4.78,-3.78,-6.87,-6.52,-10.03,-3.23,-3.76,-5.35,-6.15,-8.14,-2.78,-4.7,-6.48,-7.2,-4.57
201206,6.27,3.52,5.72,4.57,5.26,6.21,7.22,3.67,2.27,3.65,6.62,3.95,1.16,3.99,1.99,1.6,3.2,5.08,3.23,6.47,3.1,4.3,1.83,2.89,1.97
201207,-2.11,0.05,-0.15,-2.15,-3.98,-0.11,-1.96,-0.25,0.49,1.63,-3.08,1.61,2.04,0.54,1.94,2.29,1.53,-0.33,2.53,0.89,0.23,0.98,2.77,0.26,0.73
201208,7.02,2.48,1.18,6.62,3.75,3.21,4.29,4.01,4.09,3.08,6.28,0.5,1.2,3.12,5.23,3.5,0.23,2.34,0.43,3.8,3.37,0.39,-0.28,1.47,5.54
201209,4.39,4.82,4.53,1.67,3.62,6.87,3.44,3.18,1.56,2.21,6.45,2.61,3.46,2.45,3.85,3.68,2.74,2.19,2.25,1.93,2.79,3.4,1.18,1.76,1.02
201210,3.9,2.32,-1.73,-1.48,-5.11,-3.08,-0.9,-1.7,-2.6,-1.83,2.24,-3.28,-1.12,-2.17,-5.93,0.16,1.38,-0.15,-1.48,-0.47,-0.75,-2.88,-0.38,-0.43,-6.33
201211,-2.04,1.38,1.76,-1.67,2.35,0.6,0.21,2.98,-0.2,4.13,4.19,1.76,-0.58,2.27,3.12,2.56,-0.21,-0.44,0.17,0.91,1.07,1.51,-0.07,-0.19,-0.55
201212,6.46,4.35,1.8,1.55,3.64,1.74,2.8,1.87,3.31,1,9.92,1.12,0.04,3.45,1.88,-0.55,-0.61,3.62,0.72,2.27,1.44,-0.43,-0.93,0.58,-2.78
201301,8.11,8.88,7.32,7.58,6.85,8.79,5.35,4.99,8.29,5.32,2.72,5.66,7.67,6.1,6.96,7.47,6.52,5.42,5.78,5.85,7.19,6.98,3.95,4.63,-1.71
201302,-0.16,1.71,3.86,-1.66,1.85,3.14,2.51,1.04,0.28,0.37,0.06,2.11,1.18,0.08,0.83,1.47,0.85,2.58,2.06,0.76,1.74,1.08,2.47,1.06,-0.21
201303,4.83,5.06,3.44,4.57,5.43,3.31,4.93,4.71,4.44,3.21,6,3.97,3.29,3.97,1.86,5.13,4.21,5.17,3.58,1.85,5.83,4.62,5.69,3.65,1.66
201304,3.25,1.31,1.85,-1.2,2.31,-1.86,1.91,1.51,-0.79,-3.07,-1.29,1.76,2.29,-0.97,1.93,1.84,3.41,2.14,2.75,0.05,3.22,0.76,2.89,0.71,3.83
201305,6.84,3.94,6.34,8.02,6.14,4.01,2.66,3.62,4.62,3,7.73,0.46,-0.53,4.66,5.1,1.57,-0.46,5.26,1.23,1.67,1.49,0.02,-0.23,2.8,3.82
201306,-2.92,-4.14,-1.79,4.2,-1.9,-1.49,-0.79,1.03,0.49,-1.39,-3.75,0.47,0.27,-0.3,-0.33,-0.16,-1.79,-0.53,-1.25,-3.06,-1.99,-3.29,0.46,-0.87,-4.47
201307,6.51,7.21,7.69,8.5,12.17,5.66,6.61,9.82,5.04,5.08,5.01,5.37,5.49,5.3,4.63,6.8,4.76,5.1,4.3,10.29,4.8,4.37,4.85,1.76,8.41
201308,-3.35,-4.55,-3.68,-2.57,1.29,-4.61,-3.32,-3.28,-3.58,-0.84,-2.37,-2.53,-5.74,-2.82,-3.96,-0.92,-3.53,-3.49,-2.36,-2.88,-3.16,-3.97,-4.11,-0.44,1.98
201309,5.28,3.99,4.48,7.88,9,5.54,5.04,1.41,3.04,3.24,1.1,1.83,2.56,4.12,5.93,4.51,2.16,4.2,3.02,7.77,1.64,4.06,2.57,4.13,2.32
201310,2,3,5.15,2.65,-0.59,6.82,3.85,4.41,2.26,0.09,5.49,5.4,4.37,2.92,8.93,5.41,2.75,3.54,3.97,3.79,6.69,3.56,3.7,5.58,7.47
201311,3.95,5.12,5.05,3.29,-1.42,2.85,2.68,6.02,1.54,2.7,2,0.36,1.17,3.12,2.46,2.2,5.08,5,2.43,4.56,1.21,3.23,3.84,3.94,3.94
201312,3.56,1.65,2.22,4.34,5.17,4.89,3.65,0.59,2.53,3.66,0.36,1.95,1.97,4.88,3.03,1.11,3.19,4.08,2.48,2.62,2.32,2.64,0.17,1.83,2.64
201401,-2.65,-4.34,-5.01,-3.81,7.28,-7.28,-5.12,0.68,-3.94,-0.88,-5.68,-3.64,-2.63,-1.07,0.56,-4.86,-3.46,-1.96,-4.31,-5.16,-4.03,-4.58,-5.29,-3.95,-5.8
201402,5.68,4.24,4.67,5.22,7.74,3.29,3.63,2.66,3.93,4.26,3.67,3.23,4.59,5.84,4.11,5.68,5.83,3.08,4.95,6.34,3.74,5.45,3.77,3.81,5.68
201403,0.03,0.04,1.84,-2.62,-7.47,1.72,0.09,2.85,4.2,-0.42,0.84,2.35,3.16,0.02,-4.01,2.19,0.63,2.4,1.5,-2.92,1.55,0.79,1.48,1.91,-1.25
201404,-1.89,0.2,-1.11,-3.51,-4,1.06,0.42,-5,-0.08,-3.1,1.21,0.62,0.81,-2.24,-2.53,0.33,1.61,-0.94,1.77,-3.4,0.43,0.77,1.88,-0.27,4.57
201405,1.49,0.32,0.75,1.91,2.36,0.51,2.04,1.17,0.81,2.35,0.95,2,2.49,2.62,2.8,2.82,-0.07,2.64,2.11,2.81,3.33,0.15,-0.02,2.88,5.57
201406,3.9,2.51,5.13,5.72,8.43,1.95,3.3,3.35,2.74,3.36,-0.19,0.95,2.68,2.56,2.71,3.03,1.03,1.22,3.77,5.43,1.83,0.76,-0.48,1.64,3.7
201407,-5.22,0.93,-2.73,-5.9,-6.35,-1.76,-4.72,-3.45,-1.88,-2.46,-1.84,-2.87,-3.55,-2.39,0.72,-2.7,-2.46,-1.51,-0.26,0.44,-2.74,-1.81,-2.06,0.06,-0.56
201408,4.56,5.48,5.43,7.35,6.58,3.53,5.07,4.32,6.16,2.81,3.16,3.19,3.77,3.12,3.38,4.53,3.73,4.63,4.07,5.31,4,3.92,2.99,5.94,3.39
201409,-4.78,-0.54,-2.3,-5.81,-3.81,-0.07,-2.63,-3.84,-1.68,-0.54,-0.94,-2.5,-1.3,-2.03,-0.95,-2.83,-2.49,-2.89,-0.7,-3.53,-0.96,-1.54,-0.83,-1.9,-3.25
201410,1.49,5.01,0.9,3.63,3.29,2.44,4.73,1.83,0.88,-1.08,5,3.22,4.79,3.13,1.13,3.08,0.94,2.16,1.29,3.19,4.07,2.99,-0.75,5.88,0.12
201411,0.34,3.14,2.52,1.97,-0.37,1.12,1.69,0.73,3.61,-0.51,4.55,2.12,2.07,1.22,2.98,3.98,1.48,1.52,2.42,2.99,4.78,2.97,4.44,6.85,0.84
201412,-0.85,1.02,1.98,1.51,0.01,0.59,1.98,0.65,0.75,-1.68,1.04,0.38,2.2,1.07,0.25,1.37,0.97,0.16,-0.72,-3.17,0.26,0.8,-1.19,-3.38,-2.99
201501,-1.41,-10.16,-9.28,-4.26,-1.94,-7.57,-3.56,-2.96,-4.46,-0.78,-2.98,-2.67,-4.64,-3.57,-4.28,-5.94,-2.3,-2.09,-5,-0.27,-4.62,-1.42,-2.32,0.76,0.57
201502,5.1,8.39,7.45,10.74,11.62,6.94,4.58,6.31,5.88,5.92,7.7,4.6,5.81,6.22,6.92,7.96,5.59,4.25,5.78,8.17,5.88,4.95,4.5,7.62,6.41
201503,-1.41,-0.65,-0.6,-0.56,-0.83,-2.17,-0.07,1.19,-0.4,-0.77,0.08,-1.31,-0.87,-0.61,0.59,-2.01,-0.63,-2.64,-1.63,0.32,-1.97,-1.65,-1.61,-1.97,-1.02
201504,0.91,0.16,2.25,-1.69,-1.15,3.9,-0.42,0.11,-0.91,-0.6,-0.95,-0.35,-1.54,0.68,-0.73,-0.32,1.44,0.21,3.82,3.21,1.22,-0.97,-0.49,0.59,3.39
201505,1.94,1.62,3.97,2.03,3.87,2.06,2.16,3.96,1.32,0.47,2.2,1.11,1.56,0.91,2.41,0.38,2.24,0.24,0.59,1.01,2.03,0.81,-0.42,2.38,-0.54
201506,-4.09,-0.12,1.12,1.15,-0.39,0.22,-0.9,-0.98,-2.45,-2.16,-2.4,-3.07,-2.76,-1.54,3.04,-1.93,-0.73,-2.19,-2.31,0.24,-2.51,-0.78,-2.72,-1.84,-0.93
201507,-1.86,2.97,-0.1,1.35,0.09,-0.01,-0.06,0.63,6.16,2.99,-3.28,0.4,0.88,3.64,-0.46,0.43,0.56,2.65,0.16,7.47,1.68,2.85,1.75,-1.74,-0.26
201508,-6.08,-6.61,-6.81,-5.7,-9.68,-6.96,-5.99,-5.46,-4.33,-5.92,-8.97,-5.96,-7.31,-4.6,-5.36,-5.73,-6.34,-6.46,-6.67,-5.91,-5.51,-4.07,-5.22,-6.1,-7.75
201509,-6.28,-7.4,-3.7,-5.49,-7.41,-6.38,-2.3,-0.1,-2.94,-4.18,-5.4,-2.5,-2.08,-1.93,-4.42,-4.91,-1.41,-2.05,-4.36,-1.98,-2.29,-1.93,-1.81,-2.83,-5.62
201510,8.14,8.68,7.04,4.61,4.52,8.67,9.69,6.87,8.34,8.3,10.9,9.58,7.53,4.74,6.15,8.82,6.22,6.43,5.64,14.73,7.85,8.15,7.29,8.12,7.04
201511,2.84,2.84,3.06,3.12,3.82,0.35,2.73,-0.1,1.77,1.81,-1.27,-0.46,-0.46,1.4,1.87,0.3,0.47,0.14,1.61,1.92,-0.37,0.54,-2.55,-0.51,-0.97
201512,-5.27,-3.98,-3,-1.94,-3.58,-3.19,-1.34,-1.66,-2.03,-2.29,-3.96,-2.72,-0.85,-1.11,-4.74,-2.47,-1.46,-1.12,-5.23,0.18,-0.66,-1.3,-2.47,-7.2,-2.37
201601,-10.06,-15.35,-9.09,-13.14,-17.69,-8.48,-8.68,-6.27,-3.27,-0.33,-6.43,-3.09,-3.48,-4.55,-8.26,-5.13,-3.3,-5.42,-6.46,-7.92,-1.25,-3.51,-7.58,-7.42,-13.59
201602,-3.26,-4.19,-2.18,-3.11,-3.92,-2.24,-2.38,2.04,-0.67,-3.31,2,1.99,-0.02,-0.83,0.32,2.43,1.96,0.03,-0.78,-4.08,1.01,1.51,3.32,0.04,1.04
201603,6.15,6.57,8.69,6.39,8.7,7.1,8.51,7.77,6.91,7.66,8.76,3.95,6.27,5.21,8.6,6.34,6.06,5.74,9.7,7,7.58,7.56,5.59,9.65,6.46
201604,5.02,5.6,3.1,0.11,2.93,1.46,2.1,-0.13,-1.01,3.45,7.1,4.93,1.69,0.87,1.82,1.09,2.05,2.47,0.19,-0.06,-0.84,-0.58,0.33,-6.67,1.87
201605,1.05,2.4,3.58,4.66,3.17,0.47,0.7,3.21,2.48,2.81,-0.85,3.69,1.13,2.18,1.3,-1.47,1.03,0.65,1.3,5.65,1.34,1.08,-0.48,3.74,2.12
201606,-3.31,-5.21,-3.44,-4.19,-0.63,-1.39,-0.65,-0.61,-1.54,-1.49,-0.15,3.06,1.46,-0.33,-4.35,1.08,2.48,-0.17,-0.3,-3.04,2.84,2.35,-0.63,-2.44,-4.35
201607,0.78,3,1.05,5.84,7.13,0.66,1.33,4.5,5.7,3.76,2.87,3.81,4.08,2.87,4.23,4.57,4.34,4.9,4.28,2.61,7.5,3.03,3.83,2.75,6.8
201608,2.65,6.25,0.86,1.35,-0.12,-0.14,-0.67,4.11,2.14,1.66,2.14,-1.47,-1.31,1.06,1.5,1.05,1.55,1.07,1.08,-1.32,0.25,-1.76,-0.43,-0.55,0.67
201609,4.59,1.79,2.43,1.99,2.1,-2.1,-0.4,-0.01,-0.42,0.58,0.8,-0.62,0.49,-2.67,1.19,0.55,-0.35,-0.08,1.07,-1.41,0.59,-0.51,-1.47,-0.58,3.34
201610,-5.56,-1.36,-0.56,-7.35,-6.02,-2.25,-1.88,1.69,0.26,1.75,0.18,-5.81,-0.38,1.16,-5.11,0.94,-2.8,-2.33,-2.88,-3.81,-2.74,-1.16,-4.26,-2.08,-2.64
201611,11.76,8.59,8.48,7.73,0.19,6.65,8.44,13.15,3.72,0.56,5.55,2.95,2.57,3.26,8.22,9.9,4.72,2.94,7.74,3.15,4.73,3.19,7.6,5.24,1.42
201612,-1.59,2.59,3.6,-3.25,-0.9,2.64,3.18,4.2,2.8,0.02,3.85,1.3,3.54,2.75,1.49,0.32,2.57,0.43,2.17,2.24,-0.33,1.87,1.98,2.29,0.98
201701,0.6,1.29,-2.84,4.67,7.73,-2.48,-2.79,1.24,2.18,5.53,1.5,-1.08,0.57,-0.3,3.72,3.58,2.25,2.72,4.69,1.97,2.49,2.08,1.84,-0.52,4.2
201702,-3.21,1.45,2.16,0.45,3.81,1.49,3.05,5.45,3.93,2.99,5.6,5.77,4.81,4.72,2.3,2.81,3.01,3.74,1.6,3.3,5.26,3.69,4.13,2.73,6.22
201703,-0.15,-1.65,-3.05,3.84,0.52,-0.33,-0.83,-2.25,-0.79,2.03,-1.79,0.52,0.49,-1.28,0.17,1.44,1.38,0.06,-0.11,1.13,1.15,-0.19,-1,0.13,2.87
201704,-3.13,-1.25,0.31,2.12,2.47,-1.47,1.02,0.05,3.29,3.41,-0.32,0.29,0.4,-0.08,1.59,0.43,1.19,2.3,1.35,1.44,1.27,1.57,1.7,0.93,1.3
201705,-4.32,0.49,-1.61,0.24,0.78,-3.73,0.4,-1.37,3.08,1.49,-1.81,-1.19,4.42,-0.49,1.87,-2.23,0.76,2.25,0.88,0.34,2.05,1.23,1.09,2.68,3.9
