date,SMALL LoOP,ME1 OP2,ME1 OP3,ME1 OP4,SMALL HiOP,ME2 OP1,ME2 OP2,ME2 OP3,ME2 OP4,ME2 OP5,ME3 OP1,ME3 OP2,ME3 OP3,ME3 OP4,ME3 OP5,ME4 OP1,ME4 OP2,ME4 OP3,ME4 OP4,ME4 OP5,BIG LoOP,ME5 OP2,ME5 OP3,ME5 OP4,BIG HiOP
196307,-0.61,1.26,2.72,-1.25,-0.89,-1.47,-1.62,-0.64,1.62,0.34,-1.65,-3.23,-0.11,-2.73,-1.2,-3.42,-0.82,-1.77,-1.45,-0.01,0.56,1.36,0.07,-0.79,0.67
196308,2.32,3.88,2.56,2.19,4.33,6.13,6.34,4.12,5.27,3.8,6.17,4.57,3.91,4.89,7.16,5.51,5.09,6.42,4.75,6.66,5.05,4.62,4.86,5.9,5.98
196309,-1.31,-0.88,-2.1,3.99,-1.4,-1.63,-2.02,0.71,-1.87,-4.09,-0.83,-1.2,-1.24,-1.66,-3.58,-1.93,-0.97,-1.82,-3.04,-2.05,-2.81,-1.8,0.69,-1.83,-1.21
196310,0.24,-0.89,1.5,2.56,0.49,3.54,3.24,1.85,-1.33,4.77,2.13,2.02,2.97,2.06,1.06,3.04,0.84,1.73,-0.59,3.2,0.39,0.36,2.08,3.33,7.8
196311,-2.13,-1.44,-3.46,-1.61,-3.34,-1.58,0.1,0.07,-0.84,-2.12,-1.2,-0.28,-2.39,-3.15,-2.41,-0.16,-0.95,-0.31,-0.27,0.4,-1.37,-1.23,1.29,0.98,-2.75
196312,-1.14,-0.84,-0.61,-0.17,-2.37,-0.36,-0.03,0.49,-1.49,0.11,1.72,1.51,1.11,-0.89,3.24,3.59,0.93,1.03,1.37,-0.85,0.99,4.21,1.47,3.19,2.12
196401,5.22,4.32,2.8,4.17,2.72,1.3,1.96,1.59,2.03,2.05,3.5,2.42,0.84,0.61,3.82,2.35,1.35,1.63,0.42,0.59,1.8,4.54,2.51,1.82,3.13
196402,3.78,0.68,-0.58,1.7,2.63,3.21,1.83,0.59,-0.37,4.31,3.45,2.19,1.69,0.95,2.52,1.46,2.96,3.29,2.48,3.27,2.15,1.98,0.59,1.64,2.28
196403,2.47,2.75,1.45,2.81,1.59,4.99,6.06,2.73,3.49,4.49,8.83,3.37,3.48,2.47,1.82,4.89,3.88,3.38,2.42,2.71,0.98,2.69,-0.25,1.59,1.97
196404,-0.75,1.39,0.26,2.34,-1.42,-0.65,-0.94,-2.16,-1.65,-0.95,-2.18,-0.07,1.78,-4.03,-1.47,5.62,0.83,-1.27,-0.18,-2.84,4.94,1.84,0.54,-1.37,0.81
196405,1.79,-0.36,1.25,0.04,-1.6,4.63,1.03,0.91,-0.82,3.27,1.66,-1.31,1.72,-0.45,1.72,1.49,2.46,1.97,1.65,2.63,0.74,2.59,0.47,0.34,2.87
196406,0.25,2.04,-0.12,2.31,1.38,1.56,2.06,1.48,-1.08,2.82,1.69,3.08,2.47,1.84,1.4,0.2,2.4,2.23,1.08,0.93,2.08,0.71,4.25,0.49,0.83
196407,3.49,4.88,2.59,3.54,2.44,3.56,2.36,2.02,0.89,3.96,1.64,4.43,3.46,2.19,1.51,-0.04,2.12,1.58,3.54,1.04,2.77,1.73,0.62,3.25,2.37
196408,0.28,-0.44,-1.05,-1.04,-0.91,-1.91,-2.17,-1.23,1.42,-1.01,-1.35,-0.15,-1.26,0.6,-1.46,0.02,1.3,1.64,-0.3,-1.88,-1.66,-1.67,-1.01,-1.23,-1.25
196409,2.59,5.19,4.09,5.09,5.24,4.92,2.45,2.43,-0.81,3,1.92,3.52,2.26,1.15,2.68,3.48,4.34,3.61,1.95,6.33,4.51,3.61,0.92,3.79,2.99
196410,2.27,1.58,3.09,2.67,2.15,0.93,1.28,1.83,0.34,1.72,2.54,1.28,1.91,2.23,4.61,1.95,3.43,0.29,2.26,0.82,3.14,1.73,-0.18,1.61,-0.41
196411,-0.98,0.45,1.37,0.47,0.66,-1.75,0.45,-1.32,-1.35,1.04,-1.74,2.59,-0.13,1.84,0.69,-0.04,0.59,0.93,0.33,1.04,1.07,1.32,-1.09,1.21,0.37
196412,-1.22,-2.33,-3.3,0.3,-1.93,-0.48,1.57,-0.63,1.32,0.14,-0.67,-0.6,-0.24,0.4,-0.4,-1.68,-1.97,1.22,0.05,0.52,-1.5,-0.78,1.92,0.64,1.01
196501,7.11,7.67,5.57,8.5,8.17,5.79,4.84,6.14,6.61,7.79,5.9,6.81,4.37,5.45,6.14,8.73,4.91,3.93,5.18,6.97,4.3,0.18,1.95,4.59,5.55
196502,2.03,2.63,3.54,3.12,3.86,3.73,1.92,5.75,3.21,2.7,4.92,3.54,4.95,1.33,6.17,2.59,3.14,3.07,2.27,4.21,1.61,-2.05,0.54,1.27,0.51
196503,1.79,4.06,3.13,-0.01,1.47,0.42,-0.05,0.33,-0.45,3.02,-0.2,0.76,0.01,1.66,-1.51,0.48,1.11,0.22,-0.7,-1.9,-2.9,-2.4,-1.02,-0.82,-1.24
196504,3.32,5.79,4.38,3.44,6.1,3.84,3.52,5.84,2.79,2.59,5.39,3.14,4.32,5.04,3.12,5.65,3.58,4.1,2.42,4.42,3.09,2.75,2.26,3.15,4.68
196505,-0.96,-1.12,-1.26,0.13,0.03,-0.06,2.21,-1.36,0.64,0.04,-1.77,1.46,-2.38,0.57,1.1,-3.04,0.33,-1.06,-1.29,2.48,0.91,0.05,1.09,-1.24,-0.68
196506,-9.87,-9.35,-10.57,-8.91,-10.66,-9.41,-7.86,-9.82,-9.97,-9.69,-9.69,-9.24,-8.03,-7.68,-8.29,-8.44,-9.22,-6.02,-6.02,-8.7,-6.18,-2.17,-3.98,-4.91,-5.07
196507,3.18,1.11,5.77,2.76,3.34,2.87,3.39,2.96,2.02,2.32,4.26,6.02,2.16,1.7,2.62,3.63,2.66,3.82,2.55,3.1,5.21,0.36,1.11,0.21,1.98
196508,3.7,2.29,4.61,4.25,4.6,5.03,6.05,4.03,2.63,6.49,6.02,8.23,4.44,3.99,7.81,2.67,5.37,3.52,3.92,5.99,0.88,1.68,1.22,1.89,4.78
196509,4.02,3.16,5.79,3.99,3.79,5.11,5.33,3.14,3.79,2.81,3.57,6.11,3.8,2.6,2.56,4.5,2.25,1.74,3.74,5.03,3.48,1.7,4.2,2.72,4.17
196510,8.29,6.49,7.83,6.95,8.27,6.25,6.36,2.91,0.7,7.32,4.53,7.83,4.25,5.6,5.92,4.03,3.09,2.89,3.13,6.72,2.6,0.11,1.41,2.39,4.83
196511,9.63,5.89,4.46,6.21,3.82,4.99,5.75,2.6,0.66,6.26,2.94,2.94,4.5,4.64,5.69,1.09,2.47,2.49,3.36,6.62,1.01,-2.18,-0.86,0.96,-0.5
196512,4.71,2.92,6.93,2.66,7.26,7.59,3.37,4.84,2.48,4.87,2.14,5.22,2.61,1.61,2.43,6.07,1.99,2.97,0.07,1.82,1.55,0.69,0.92,1.01,0.45
196601,8.99,8.83,4.91,8.48,5.87,7.91,6.24,5.93,1.96,4.44,7.22,3.4,2.57,3.67,3.74,4.77,3.91,2.41,0.96,4.26,3.01,-0.57,-1.38,0.27,0.82
196602,5.63,8.13,5.05,3.18,5.85,4.53,1.43,-0.03,-1.66,1.76,2.53,5.3,2.14,-0.06,1.15,2.37,-0.2,-1.22,-0.09,4.13,-2.8,-0.95,-3.97,-1.78,-0.75
196603,-1.01,1.13,-4.26,-4.46,1.78,-2.03,-4.85,-0.21,-4.24,-3,-4.79,-3.58,-1.58,-0.57,-2.69,-3.24,-3.91,-2.49,-1.84,1.82,-3.54,-3.36,-1.78,-1.23,-1.42
196604,5.5,2.57,6.42,8.55,9.25,7.14,7.16,4.18,1.47,4.28,4.23,3.86,2.88,7.17,3.61,1.65,1.35,4.2,3.76,4.43,0.77,1.11,3.3,2.12,1.72
196605,-12.79,-9.99,-10.94,-11.48,-11.29,-10.71,-10,-9.15,-10.34,-9.41,-8.82,-9.81,-9.47,-6.64,-7.28,-9.56,-6.56,-5.85,-5.72,-6.01,-5.67,-3.93,-4.79,-4.42,-4.06
196606,0.36,-2.06,1.58,3.5,0.15,-0.14,1.18,0.49,-1.89,0.23,-1.45,2.18,-0.42,4.28,0.22,0.6,-2.13,1.41,-1.21,1.79,-0.87,-1.08,-1.13,-1.88,-1.99
196607,-1.67,-1.49,-2.34,-0.91,-2.31,-3.14,0.48,-0.07,-3.78,-0.96,-0.24,0.12,-1.85,-1.09,-2.97,-3.6,-0.99,-2.22,-1.34,-1.08,-0.52,-1.25,0.07,-0.7,-1.59
196608,-11.93,-11.08,-10.37,-9.4,-10.69,-9.73,-9.58,-11.19,-10.1,-10.92,-7.39,-9.18,-8.33,-9.26,-10.19,-9.87,-8.26,-7.78,-7.38,-8.73,-8.32,-5.53,-7.01,-7.09,-8.04
196609,-1.84,-3.05,-2.22,-1.23,-1.34,-2.68,-1.88,-0.32,-1.28,-0.6,-1.89,-0.63,-2.06,-3.19,-3.41,-2.79,-1.79,-0.68,-0.03,-1.14,-0.71,0.86,2.14,-2.45,-1.48
196610,-3.9,-3.3,-1.83,-3.1,-6.25,-1.2,0,2.25,-0.82,-5.24,1.93,3.27,2.57,2.17,0.96,-0.93,6.18,3.68,3.36,-2.32,5.79,8.65,7.84,2.4,2.45
196611,3.74,4.16,1.54,4.49,7.42,4.22,-0.35,2.71,4.43,6.32,4.13,3.22,3.21,1.43,9.12,4.58,1.07,3.08,2.45,8.62,1.46,-2.12,-2.18,3.01,4.53
196612,1,0.52,3.06,4.53,1.33,0.89,2.81,0.28,1.78,3.02,1.91,2.68,1.81,2.31,3.46,2.3,2.53,3.38,1.84,3.27,1.01,-0.37,0.96,1.41,-0.88
196701,18.53,22.72,18.57,18.85,18.96,17.56,17.75,16.02,17.26,19.96,11.54,13.55,12.69,13.03,17.31,16.23,9.69,8.97,7.34,11.93,7.88,5.9,6.19,6.81,8.35
196702,7,4.67,4.25,5.95,6.09,2.67,1.73,3.09,4.72,0.08,0.54,-0.52,0.7,0.09,2.73,1.6,-0.11,1.05,0.68,2.39,-0.44,-0.68,-0.63,1.44,2.49
196703,5.82,8.09,6.43,6.28,6.16,5.95,7.85,5.96,8.71,5.84,3.11,8.91,4.51,5.02,7.35,4.72,4.57,6.09,5.69,5.82,4.56,3.05,3.44,3.56,4.96
196704,5.23,4.41,4.62,4.44,3.95,2.77,4.29,4.93,6.24,4,6.24,4.62,5.24,1.54,5.06,4.82,4.24,3.74,4.32,7.98,1.48,2.07,2.18,3.94,7
196705,1.17,-0.26,-1.81,-0.23,-0.19,-1.76,-0.63,-3.46,-0.75,-0.73,-1.86,-1.9,-1.69,-0.37,-3.28,-1.24,-2.4,-1.76,-3.29,-1.12,-3.2,-4.48,-2.82,-5.42,-5.87
196706,11.53,16.5,9.92,12.52,12.65,8.18,9.05,8.59,7.29,5.61,5.75,6.36,4.3,3.68,6.83,4.52,3.93,5.04,1.5,4.29,2.75,1.61,0.35,0.11,1.93
196707,9.85,7.28,8.27,11.87,9.23,8.31,8.44,11.26,6.37,7.69,8.93,5.68,4.8,5.18,6.88,7.65,4.92,6.17,4.81,5.27,7.6,1.74,5.71,7.67,3.88
196708,0.97,-1.55,-1.72,1.85,0.91,-1.46,-1.09,-0.6,0.14,0.3,0.85,-1.32,2.02,-2.85,-0.34,0.77,-0.47,-2.78,0.03,-0.27,-1.91,-0.89,-0.58,-0.8,-0.8
196709,8.39,11.33,5.38,7.67,9.76,5.66,5.34,3.46,7.26,3.94,1.7,3.01,2.26,5.85,3.65,1.96,3.14,3.67,1.82,3.16,5.36,2.67,1.51,2.15,4.89
196710,-0.34,-0.11,-1.55,-2.12,-3.33,-3.7,-2.22,-3.41,-0.69,-3.67,-2.76,-2.59,-1.06,-3.57,-4.18,-2.02,-4.09,-5.8,-5.25,-3.82,-4.35,-3.44,-3.36,-3.05,-0.05
196711,-1.69,-0.85,0.65,1.82,0.81,1.11,1.33,0.39,0.42,-0.42,-1.85,0.7,0.71,0.87,1.46,-0.8,1.61,2.02,1.05,1.36,-0.21,0.36,1.73,-0.98,0.99
196712,11.77,8.54,7.26,11.44,9.74,9.66,5.87,6.31,6.28,10.84,10.13,4.76,4.6,7.99,4.71,5.7,2.5,3.86,2.59,2.21,2.38,2.24,3.39,1.64,2.44
196801,6.03,1.17,2.17,2.05,1.34,0.48,-0.42,1.16,-1.73,-2.28,1.02,-0.1,-2.91,-2.68,-3.57,-1.14,-3.67,-4.66,-3.12,-5.5,-0.3,-1.37,-3.54,-6.11,-6.87
196802,-8.41,-7,-4.93,-7.26,-6.74,-4.59,-6.7,-5.6,-6.81,-6.41,-3.16,-3.8,-2.75,-6.19,-5.74,-5.42,-4.58,-3.05,-3.19,-5.31,-1.82,-2.21,-2.41,-2.61,-3.06
196803,0.09,-0.33,-3.06,-2.6,-0.87,0.02,-0.56,-2.39,-1.17,-0.51,-0.52,0.02,-1.26,-0.9,1.51,-0.49,1.02,-0.86,-2.66,0.74,0.91,-1.08,-0.12,0.61,2.94
196804,18.84,15.98,13.58,19.67,18.49,15.63,12.91,10.45,13.14,18.42,15.05,10.36,8.36,11.61,17.86,11.01,10.72,8.63,7.67,15.26,7.56,3.91,8.21,9.86,10.46
196805,12.13,12.02,9.59,8.82,11.86,9.19,8.04,7.66,10.49,7.62,6.35,6.09,5.51,3.47,8.48,3.24,3.49,2.86,2.62,4.83,1.91,-0.55,1.2,0.33,2.43
196806,-0.49,3.36,2.59,-0.43,0.07,-0.51,1.26,0.63,0.41,-0.42,-1.52,2.13,2.13,1.37,0.88,2.8,0.38,4.25,3.79,-1.35,4.62,2.15,1.87,-0.4,-0.34
196807,-0.99,-5.91,-5.15,-3.65,-4.17,-1.67,-4.94,-2.16,-4.94,-6.66,-1.42,-5.14,-2.77,-2.7,-5.3,-4.94,-1.65,-3.55,-1.84,-6.72,-3.06,1.59,1.18,-2.97,-4.36
196808,4.76,4.8,4.56,3.28,4.34,4.16,2.99,2.9,3.09,2.39,2.25,5.25,2.58,3.29,3.31,5.24,3.35,1.2,-0.36,2.18,1.91,1.81,0.95,0.93,1.17
196809,8.75,8.06,3.07,6.52,9.14,7.74,6,7.7,4.94,7.01,7.35,3.82,5.67,6.83,5.8,6.53,7.22,6.89,5.39,6.53,7.12,4.25,3.12,4.14,2.13
196810,0.2,1.07,1.55,-0.97,-0.94,-0.39,0.66,0.48,2.1,1.74,0.83,2.88,0.61,1.16,1.88,-0.5,0.88,0.77,1.39,-0.04,3.95,2.53,1.69,0.86,-1.45
196811,6.72,7.39,6.25,7.35,7.75,8.36,7.5,9.56,8.13,8.78,10.18,7.89,9.07,7.26,7.55,8.21,5.88,7.31,7.93,7.3,4.6,4.89,4.48,6.12,5.35
196812,4.78,1.47,-0.81,0.36,2.08,0.65,-0.71,-2.21,-0.27,-2.88,-1.18,-2.04,-4.02,-0.88,-2.41,-2.71,-2.85,-3.29,-4.31,-2.76,-2.63,-4.65,-3.61,-4.55,-4.9
196901,-0.61,-3.44,-0.36,-0.84,-1.58,0.38,0.39,0.49,-2.99,-2.29,-0.93,-1.17,-0.73,-2.57,-2.61,-0.07,-1.07,-0.7,1.36,-2.94,0.24,0.35,0.75,-1.45,-2.32
196902,-11.73,-9.72,-9.12,-8.83,-10.43,-10.49,-8.55,-6.45,-6.71,-8.19,-8.8,-6.03,-8.62,-6.16,-8.02,-6.19,-7.94,-6.94,-6.48,-7.44,-6.73,-4.7,-3.88,-4.11,-3.08
196903,3.75,1.67,1.67,3.4,2.42,4.44,2.39,4.28,0.98,3.62,3.82,2.73,-0.42,3.02,2.5,2.56,3.34,2.3,0.15,2.67,3.8,3.64,4.34,2.13,3.87
196904,1.15,0.06,-0.35,-0.54,0.44,4.6,0.88,1.32,1.16,0.04,3.6,0.09,2.6,-2.36,2.76,3.12,1.51,-0.16,1.99,0.96,1.8,2.6,1.65,2.28,3.07
196905,3.01,1.45,1.23,-0.4,-1.24,-0.01,-1.5,-0.51,-2.32,-1.1,-0.78,0.15,0.08,2.34,0.44,0.02,0.28,0.71,-0.29,-0.28,-0.08,1.18,0.21,-0.19,0.39
196906,-14.17,-13.49,-12.93,-12.73,-12.96,-11.81,-12.09,-11.86,-8.92,-9.57,-11.76,-10.32,-8,-8.71,-10.22,-11.35,-8.66,-7.22,-6.76,-7.06,-8.43,-7.32,-6.91,-4.47,-1.67
196907,-12.09,-11.38,-10.92,-11,-10.76,-10.67,-9.55,-6.33,-8.14,-10.95,-7.98,-7.25,-8.5,-7.86,-8.99,-8.88,-8.51,-4.91,-6.26,-7.14,-8.73,-6.21,-6.27,-5.94,-4.37
196908,3.07,4.87,3.31,4.73,6.38,6.04,6.37,2.58,4.82,7.23,7.31,7.39,6.19,5.19,8.68,6.92,4.82,3.81,3.95,9.01,2.86,4.51,5.69,4.11,5.46
196909,-3.62,-2.56,-4.65,-2.44,-3.71,-2.34,2.24,-1.66,-1.68,2.23,-1.47,-3.19,-1.47,-2.33,3.07,-2.23,-1.34,-2.17,-0.7,-1.51,-5.06,-4.8,-4.6,-1.04,-0.84
196910,11.97,10.08,10.94,9.5,10.79,6.99,13.56,8.13,6.94,9.26,7.56,7.97,6.44,6.93,8.72,10.33,7.14,7.56,5.52,7.95,3.8,3.61,2.34,6.84,5.53
196911,-7.07,-6.43,-6.51,-6.81,-7.85,-4.51,-5.03,-4.76,-4.48,-2.98,-5.96,-3.41,-4.41,-5.97,-3.67,-4.98,-4.62,-3.43,-2.97,-2.25,-3.85,-2.65,-4.11,-3.56,-1.93
196912,-9.23,-5.85,-7.76,-7.12,-6.21,-8.21,-7.24,-4.52,-4.95,-3.24,-4.55,-3.51,-3.75,-4.42,-0.49,-1.03,-1.96,-1.94,-1.56,-1.81,-0.42,-3.28,-0.78,-1.68,0.12
197001,-1.22,-3.34,-3.77,-4.6,-6.77,-4.53,-4.52,-3.94,-6.18,-6.01,-2.5,-5.59,-5.17,-9.47,-7.42,-10.48,-8.37,-6.64,-6.9,-7.07,-7.6,-7.16,-9.14,-7.1,-8.05
197002,2.94,4.05,4.11,3.47,1.17,4.09,3.77,3.46,2.12,4.78,4.45,5.22,4.76,5.48,3.16,8.03,6.88,7.38,4.73,3.78,8.58,9.31,4.76,5.16,4.33
197003,-3.97,-3.32,-4.39,-4.19,-4.49,-0.93,-3.72,-1.97,0.01,-4.66,-0.93,-1.62,0.1,-1.36,-1.78,-0.99,1.1,0.67,0.08,-2.59,-0.73,0.99,0.12,-0.23,-0.62
197004,-20.06,-15.98,-15.31,-15.01,-19.1,-17.62,-16.14,-15.22,-15.7,-20.01,-13.91,-12.06,-12.61,-11.56,-18.52,-13.69,-14.12,-9.64,-10.87,-13.04,-7.09,-7.97,-8.81,-9.85,-9.23
197005,-11.3,-8.81,-9.59,-9.17,-9.29,-7.94,-13.33,-9.7,-8.59,-11.29,-9.33,-9.42,-9.54,-11.57,-8.65,-9.66,-8.08,-8.25,-7.71,-9.7,-3.88,-3.76,-2.44,-6.45,-6.77
197006,-8.14,-9.02,-8.4,-7.59,-10.75,-9.26,-8.63,-6.66,-7.59,-6.43,-7.54,-7.71,-5.09,-4.1,-6.23,-7.87,-6.79,-3.06,-2.62,-2.01,-4,-5.59,-4.4,-2.28,-6.11
197007,3.72,2.91,5.85,6.31,6.18,6.4,9.35,5.96,8.61,7.79,3.25,10.39,7.06,7.99,7.63,14.63,9.25,7.47,7.01,7.05,7.09,9.08,10.51,7.89,4.35
197008,5.72,7.87,6.99,5.64,7.1,7.02,6.94,6.43,8.16,9.14,6.03,5.41,5.47,6.9,6.91,4.18,4.16,7.44,6.51,5.74,4.65,3.74,4.37,4.08,5.49
197009,15.5,14.8,15.25,13.5,17.56,14,10.88,12.88,9.73,16.56,9.97,7.27,8.4,8.34,13.91,11.98,4.93,3.77,5.81,7.87,3.05,2.68,0.55,2.7,4.97
197010,-8.59,-9.47,-7.82,-5.9,-8.01,-8.32,-3.92,-4.88,-4.23,-4.11,-6.93,-6.15,-2,-3.29,-6.89,-5.35,-3.42,-3.74,-3.53,-2.14,-0.37,-2.05,-0.66,-0.39,-0.33
197011,-3.95,-2.71,0.12,-0.44,-0.16,1.13,2.55,2.76,4,1.96,2.44,3.42,4.06,3.94,3.63,4.74,6.5,6.31,2.73,5.39,4.31,6.08,6.18,4.92,5.68
197012,7.48,9.62,10.55,10.05,11.97,8.57,7.49,9.17,7.49,10.38,7.16,7.89,9.27,7.86,9,7.88,9.39,8.45,9.52,7.69,7.27,4.01,5.86,5.87,5.08
197101,16.74,14.5,14.81,13.72,14.8,15,10.01,14.12,10.3,7.46,9.08,8.34,7.62,9.44,9.35,10.79,7.33,7.78,7.55,5.28,2.76,3.91,3.82,3.28,3.74
197102,6.16,4.7,5.11,6.53,8,0.47,2.99,2.67,2.92,5.07,2.68,4.04,1.64,1.94,3.11,3.24,1.55,0.32,4.11,3.29,1.63,1.14,-0.63,2.83,1.64
197103,5.64,5.8,5.55,6.9,7.14,1.85,3.99,6.46,5.4,8.71,7.36,5.13,5.73,4.48,9.96,5.51,4.5,3.95,4.03,6.58,2.85,3.78,2.27,4.75,4.97
197104,2.07,3.04,2.99,1.9,1.23,7.37,1.46,2.11,3.23,2.49,5.37,8.05,3.45,5.69,3.88,7.33,2.54,3.78,2.12,4.29,5.84,2.67,1.86,3.67,3.97
197105,-6.85,-5.58,-5.85,-5.63,-5.35,-5.64,-5.67,-4.45,-4.7,-1.94,-3.93,-4.32,-3.59,-4.64,-4.1,-2.89,-4.64,-4.48,-3.28,-2.06,-5.07,-4.21,-3.41,-2.51,-3.62
197106,-3.13,-2.03,-2.11,-1.88,-0.94,-3.69,1.22,-2.31,-0.24,3.39,-2.01,-1.46,-1.73,0.22,-1.05,-0.5,0.14,1.59,-0.32,1.46,-1.15,0.34,1.83,1.85,-0.51
197107,-7.62,-4.85,-6.66,-5.56,-9.12,-5.08,-5.75,-3.12,-6.47,-6.41,-5.86,-4.37,-5.41,-5,-6.35,-6.95,-5.02,-4.22,-3.24,-4,-3.56,-3.37,-3.77,-3.01,-4.76
197108,4.13,3.33,3.75,4.5,5.35,7.49,5.3,5.07,5.33,5.05,7.86,4.84,3.25,4.59,7.3,7.05,4.17,4.74,3.7,7.32,6.6,4.74,1.29,4.99,4.6
197109,-1.57,-0.35,-0.28,-0.61,4.49,-4.33,-2.65,1.15,-2.23,1.97,-2.18,-2.01,0.19,0.49,1.35,-2.27,-1.45,-1.07,-0.05,1.93,-1.94,-0.66,-0.87,-0.38,0.15
197110,-8.03,-6.32,-5.92,-4.48,-7.17,-7.16,-4.94,-3.3,-3.33,-5.79,-9.2,-2.64,-4.81,-5.74,-6.48,-5.41,-3.68,-4.19,-2.36,-3,-5.13,-3.92,-3.92,-4.26,-2.82
197111,-6.05,-4.29,-4.29,-2.86,-3.98,-3.08,-3.29,-1.4,0.52,-3.29,-3.58,-1.58,-2.6,-1.04,-1.58,-3.84,-1.28,-1.81,-1.83,1.4,-1.52,0.4,-0.13,0.64,1.7
197112,13.25,11.09,13.47,12.86,14.52,14.14,13.23,11.56,13.01,12.2,13.2,10.56,9.89,11.05,12.36,9.75,11.01,9.12,9.97,12.26,10.41,6.64,9.08,7.62,9.19
197201,15.44,13.36,11.43,9.81,11.54,11.56,8.29,4.74,10.21,6.4,9.12,4.1,4.05,3.22,6.3,5.34,2.4,3.03,1.55,3.6,2.73,0.6,-0.06,0.44,4.24
197202,5.13,3.43,4.98,2.88,3.67,5.8,3.51,3.57,3.1,4.58,1.28,2.43,3.3,3.9,6.14,1.44,1.05,1.57,2.26,5.68,2.43,0.84,3.27,3.94,3.84
197203,-1.02,-0.27,-1.8,0.6,0.28,-0.02,-1.23,0.58,1.52,0.83,-0.21,1.5,-0.63,2.74,2.54,0.62,0.63,0.64,2.31,0.67,-0.82,0.59,-1.27,2.79,1.69
197204,0.35,0.75,-0.75,-0.13,0.42,1.43,1.36,0.83,2.56,-0.05,0.19,-0.16,0.24,-1.57,2.75,2.34,1.51,-1.27,-1.95,0.54,1.71,-0.66,-0.1,2.02,0.72
197205,-3.57,-1.27,-1.89,-2,-2.46,0.16,-5.2,-1.45,-1.57,-0.37,-3.06,-0.94,-0.8,0.25,1.18,0.03,-1.49,-0.22,-0.06,3.82,-0.87,0.18,3.06,1.86,3.68
197206,-4.15,-2.31,-4.16,-2.12,-5.5,2.14,-1.22,-2.78,-3.75,-2.94,-4.81,-4.26,-3.4,-2.71,-0.06,-7.4,-4.71,-2.28,-3.02,-2.98,-3.55,-2,-3.43,-0.74,-0.45
197207,-3.67,-2.86,-3.61,-4,-6.71,-4.92,-1.62,-1.96,-5.37,-5.55,-1.74,-2.27,-1.98,-2.48,-2.94,-5.31,0.66,-1.82,-2.1,-4.54,-4.65,-1.95,-0.73,1.54,1.61
197208,0.02,-0.72,0.08,-0.33,-0.35,1,1.41,3.95,-1.54,-0.84,4.76,2.81,2.26,3.13,-0.17,6.82,2.11,2.33,3.45,2.45,7.12,6.84,3.38,5.87,1.64
197209,-5,-4.12,-4.58,-3.37,-5.07,-4.94,-2.77,-2.94,-3.52,-1.93,-3.44,-2.59,-1.15,-0.84,-2.61,-4.73,-2.88,-1.36,-1.06,-2.53,-2.57,-0.23,0.85,-0.27,-0.22
197210,-4.06,-2.06,-1.4,-2.62,-2.57,-1.6,1.75,-1.98,0.62,-1.72,-1.22,-0.15,0.24,0.39,-2.27,0.73,-0.74,0.91,0.67,-0.96,1.37,2.67,2.62,2.06,0.03
197211,4.7,4.55,5.22,3.81,4.71,7.16,6.03,5,5.5,5.65,5.04,4.11,6.14,5.52,5.43,10.28,7.22,7.65,7.23,6.65,8.5,7.27,5.33,4.06,2.9
197212,-1.8,-2.05,-1.78,-2.35,-3.36,-3.45,-2.16,-1.35,-0.3,-2.23,-0.3,-0.97,-0.14,-0.44,0.42,-2.86,-1.97,-1.54,-0.21,0.3,-3.2,-0.1,2.15,2.15,2.55
197301,-1.81,-3.37,-3.56,-4,-5.7,-5.83,-6.18,-3.98,-8.06,-6.05,-4.45,-6.86,-6.51,-4.98,-7.6,-5.63,-6.21,-6.51,-5.33,-5.15,-4.8,-0.14,-3.27,-0.85,-1.19
197302,-7.37,-8.09,-8.58,-8.41,-10.69,-6.17,-6.94,-7.08,-7.93,-11.15,-6.68,-7.39,-6.05,-8.3,-10.58,-2.72,-5.92,-5.18,-5.94,-8,-3.69,-6.13,-3.15,-3.22,-2.62
197303,-2.21,-1.2,-2.73,-3.8,-4.35,-2.05,-1.24,-2.45,-3.39,-2.18,-3.09,-2.41,-2.57,-3.53,-3.54,-0.48,-3.59,-2.22,-2.57,-3.29,2.46,1.3,-2.31,0.65,-0.07
197304,-7.09,-5.54,-5.46,-8.16,-8.93,-6.39,-2.94,-8.09,-6.75,-10.36,-4.55,-4.24,-6.02,-5.72,-10.3,-6.55,-4.12,-5.11,-7.13,-8.82,-5.53,-3.61,-1.57,-3.35,-5.46
197305,-9.32,-8.46,-10.06,-8.71,-9,-9.64,-6.86,-8.53,-8.22,-9.84,-6.04,-5.53,-6.09,-5.44,-8.95,-6.72,-3.54,-2.81,-5.31,-6.29,-3.84,-2.98,-0.72,0.36,-0.91
197306,-2.83,-3.46,-2.95,-3.01,-6.28,-1.94,-2.29,-2.74,-5.02,-4.59,-1.77,-2.8,-1.8,-4.09,-5.05,-2.44,-3.08,-2.17,-5.27,-3.27,-1.18,-0.97,-1.6,0.21,0.01
197307,13.19,14.81,13.21,14.22,15.82,14.7,12.11,9.57,11.16,18.78,13.06,7.33,6.55,8.1,15.51,8.35,9.31,7.37,9.69,13.73,6.92,2.89,3.05,7.22,2.69
197308,-4.77,-5.64,-5.54,-5.87,-6.69,-3.67,-6.19,-4.12,-4.09,-4.86,-1.96,-3.29,-3.12,-3.47,-4.21,-2.15,-1.9,-2.12,-3.01,-1.35,1.38,-4.5,-2.61,-4.24,-3.26
197309,9.53,7.95,8.94,8.48,9.91,8.94,10.3,10.57,8.81,11.92,9.46,9.64,10.11,9.95,10.8,9.67,11.78,10.4,9.84,11.52,7.94,5.34,8.21,4.88,0.56
197310,2.2,1.82,0.72,-0.71,-2.68,2.71,1.69,-0.56,-1.45,-2.69,0.9,1.18,2.38,-1,-3.42,0.18,-0.42,-0.05,-0.49,-2.87,1.35,-0.58,-1.74,0.2,0.29
197311,-17.6,-19.55,-20.39,-19.86,-23.44,-18.58,-19.22,-17.21,-19.78,-22.49,-16,-17.66,-14.94,-17.92,-22.2,-12.04,-16.25,-15.67,-15.55,-22.04,-7.47,-12.54,-8.13,-12.11,-10.59
197312,-3.68,-4.42,-3.02,-4.35,-3.77,1.13,0.08,-3.39,-3.24,-1.23,0.82,1.77,2.21,-0.43,-2.75,5.94,2.76,3.17,2.16,1.83,6.06,5.06,3.98,0.75,-1.16
197401,17.22,15.14,12.11,13.74,11.97,11.3,10.2,9.33,9.96,7.48,7.53,5.5,5.83,6.47,7.42,3.14,5.44,4.74,0.14,-1.22,-1.3,-1.71,-0.19,-2.24,-1.38
197402,-1.03,0.19,0.05,0.3,0.57,5.61,3.03,-0.63,1.09,0.49,0.12,-1.11,0.35,-0.5,0.71,0.97,1.63,1.01,-0.16,-0.91,1.27,0.03,3.21,-1.05,-1.16
197403,-0.19,2.17,0.62,0.83,0.95,-0.36,-0.65,-1.04,-0.39,0.93,-1,-2.22,-2.58,-1.63,0.13,-5.19,-3.12,-1.45,-2.73,-2.4,-5.54,-4.62,-3.64,-1.2,-1.15
197404,-5.29,-4.28,-5.01,-5.28,-4.77,-7.87,-4.01,-5.24,-6.03,-5.09,-7.93,-6.34,-5.04,-4.81,-5.01,-5.92,-5.98,-6.35,-5.32,-7.58,-7.49,-6.23,-4.91,-2.02,-3.5
197405,-7.48,-8.49,-6.56,-6.57,-7.09,-8.63,-7.59,-6.39,-7.1,-6.53,-10.34,-8.24,-7.08,-8.25,-5.46,-8.49,-6.18,-6.11,-6.46,-6.93,-8.99,-7.49,-2.61,-0.22,-1.1
197406,-2.51,-2.33,-2.25,-2.63,-2.74,-2.23,-2.65,-2.46,-1.8,-2.44,-0.87,-4.62,-3.62,-2.34,-4.07,-0.85,-4.69,-4.07,-3.55,-1.95,-2.66,-2.71,-0.76,-2.33,-1.39
197407,-5.02,-4.71,-2.88,-6.06,-7.25,-4.72,-3.3,-3.82,-4.56,-4.5,-3.06,0.88,-3.04,-4.36,-5.9,-2.67,-3.94,-4.67,-6.65,-7.97,-6.43,-8.7,-6.63,-8.47,-9.26
197408,-7.84,-7.19,-7.43,-7.78,-7.97,-6.62,-7.48,-7.31,-8.79,-9.27,-6.44,-7.27,-8.12,-9.95,-10.3,-7.88,-9.55,-8.63,-11.39,-9.29,-9.63,-10.07,-6,-10.9,-8.1
197409,-8.19,-7.6,-8.28,-8.93,-9.77,-10.25,-8.04,-6.44,-7.91,-9.9,-8.57,-5.15,-6.62,-8.79,-12.65,-6.67,-4.87,-7.96,-9.49,-12.77,-4.41,-11.05,-7.46,-12.02,-14.96
197410,9.93,8.39,9.07,8.56,9,10.72,11.36,7.97,8.79,9.82,10.45,9.02,9.62,9.61,15.93,16.66,15.87,12.17,15.59,13.95,21.94,12.89,20.47,21.11,17.05
197411,-7.06,-5.16,-3.94,-5.84,-6.23,-3.05,-4.09,-5.06,-5.7,-6.9,-3.69,-1.57,-3.01,-4.47,-5.25,0.03,-0.93,-2.41,-3.34,-3.18,0.1,-3.79,-3.7,-3.34,-5.66
197412,-7.91,-7.93,-6.78,-8.59,-8.42,-5.15,-6.89,-6.41,-5.8,-5.85,-5.91,-4.31,-4.89,-5.32,-5.68,-3.56,-2.74,-3.46,-4.92,-4.39,-1.42,-1.87,0.78,-2.92,-3.06
197501,33.14,29.6,25.7,29.47,27.14,22.98,25.95,25.94,27.44,26.71,26.31,21.47,21.7,22.75,24.21,20.42,19.66,20.33,19.21,22.02,9.63,16.9,8.75,10.48,12.34
197502,5.65,4.64,6.6,3.39,3.95,7.72,6.26,5.87,2.49,3.54,4.97,4.28,3.13,3.82,6.22,3.28,3.16,2.95,4.53,5.87,2.83,3.97,2.85,7.43,9.73
197503,7.69,7.88,8.02,10.67,11.6,5.9,6.16,5.06,8.18,7.97,7.12,3.43,4.78,6.86,7.56,0.98,3.98,6.21,6.34,11.3,1.48,6,1.18,3.7,0.9
197504,4.61,4.4,3.96,4.69,4.75,5.32,2.61,3.95,4.52,3.38,2.75,3.83,5.08,4.34,6.65,4.93,3.32,4.8,6.27,4.79,2.05,2.03,3.95,4.65,6.38
197505,8.13,9.59,8.6,8.42,9.15,8.89,10.41,5.2,7.86,9.28,8.62,5.46,6.87,4.6,4.45,5.38,8.03,5.64,5.95,4.87,7.87,4.73,5.67,2.77,6.27
197506,8.95,7.29,6.8,7.91,6.82,8.86,8.28,7.35,5.38,7.12,5.6,7.51,5.25,5.67,5.37,8.93,7.66,9.52,7.08,3.52,6.59,7.57,4.95,5.67,2.96
197507,-1.03,-0.98,0.26,-0.38,-0.59,-4.83,-2.9,-2.69,-3.49,-2.71,-7.03,-3.01,-1.8,-4.97,-4.69,-6.54,-5.44,-6.8,-6.45,-5.56,-5.55,-8.76,-3.89,-7.83,-7.11
197508,-6.61,-6.09,-5.77,-6.41,-6.06,-7.75,-3.69,-3.81,-4.94,-4.61,-4.92,-3.88,-3.87,-3.8,-2.66,-2.97,-2.52,-4.61,-3.28,-3.56,-3.95,-0.41,-2.38,-2.41,-0.95
197509,-4.53,-3.16,-2.24,-3.18,-3.72,-4.99,-3.46,-3.46,-3.77,-3.23,-6.33,-3.13,-4.19,-4.52,-2.7,-3.36,-4.13,-4.43,-4.28,-2.51,-3.36,-4.32,-1.88,-5.86,-2.68
197510,0.42,2.08,1.98,2.31,2.64,3.12,2.87,2.55,2.93,4.08,2.61,2.61,2.95,5.76,1.71,5.63,6.42,5.36,8.09,4.3,6.97,9.19,7.54,8.22,4.21
197511,0.24,3.96,2.74,2.49,2.84,2.17,4.05,0.95,4.09,2.38,1.13,3.77,3.68,3.18,3.37,5.26,5.77,2.96,3.43,3.3,4.77,3.78,3.45,2.71,2.44
197512,-0.67,-1.71,-2.39,-0.77,-0.8,-1.27,-2.02,-0.71,-1.02,-1.16,0.44,-0.04,-0.16,0.66,-1.4,0.09,-0.54,0.18,-1.27,-1.08,-1.22,-2.78,0.01,-1.75,-1.31
197601,23.54,22.02,20.53,20.91,19.5,24.99,17.56,16.22,16.53,18.15,20.71,15.99,15.15,17.07,16.75,14.59,14.91,16.39,14.6,14.34,9.9,11.24,10.31,11.8,11.7
197602,14.64,11.88,10.29,10.36,11.13,10.3,8.92,6.97,6.93,8.01,6.51,4.63,3.46,7.32,6.7,1.97,2.22,3.49,1.71,5.09,0.65,0.51,-0.01,-2.09,-1.86
197603,2.73,1.93,0.17,2.4,1.7,0.23,1.15,1.67,-0.48,1.78,4.78,1.92,1.09,0.17,0.71,3.34,2.1,0.6,3.19,0.78,3.7,4.79,3.05,2.42,3.14
197604,-2.07,-1.58,-0.77,-0.91,-2.06,-1.8,-1.09,0.38,-2.28,-1.3,-0.69,-0.43,-0.01,-0.86,-1.22,-1.69,-2.07,-1.78,-0.89,-1.14,-1.27,-2.25,0.77,-1.62,-1.25
197605,-4,-3.62,-3.57,-2.64,-1.47,-3.39,-2,-1.37,-1.6,-2.13,-3.83,-0.58,-1.58,-1.64,-1.23,-1.79,-2.04,-0.24,-0.62,-2.76,-2.08,-2.82,-1.91,-1.74,1.53
197606,2.3,2.21,2.27,2.9,3.28,6.76,3.38,3.94,2.36,2.01,6.34,5.67,5.19,5.42,5.61,5.37,6.59,7.25,3.81,4.03,6.47,3.82,3.34,3.6,5.6
197607,-0.27,0.32,1,0.67,-1.14,-0.9,1.33,1.51,1.01,-0.45,-0.37,0.72,1.12,-0.66,-2.24,3.02,1.41,-1.21,0.35,-2.15,0.42,-0.94,-0.08,-1.39,-0.91
197608,-3.73,-1.23,-0.43,-0.97,-2.56,-3.99,-1.52,-1.55,-2.11,-3.05,-3.01,-1.97,-1.19,-0.61,-2.84,-0.24,0.61,-1.41,-0.55,-1.96,2.69,0.77,1.42,-0.33,-0.38
197609,1.12,1.97,2.67,1.71,2.36,1.86,4.42,2.9,2.89,4.27,1.32,2.11,2.21,3.61,3.46,1.63,2.95,2.54,2.29,2.27,1.59,2.63,2.44,2.06,3.16
197610,-2.85,-1.47,-1.69,-1.46,-2.14,-3.1,-0.73,-1.11,-2.42,-3.18,-3.35,-0.76,-1.67,-0.67,-3.1,-2.13,-1.56,-2.14,-1.57,-1.93,-1.77,-2.05,-0.56,-2.34,-2.95
197611,2.62,3.04,1.91,3.24,4.08,5.36,3.88,5.16,3.42,2.1,5.78,3.03,3.26,3.89,4.68,1.68,4.2,2.1,3.94,4.56,3.22,0.59,-0.24,-1.41,-0.65
197612,10.48,9.69,9.59,10.23,10.73,11.78,9,7.85,10.11,10.02,9.32,8.2,8.09,8.39,7.36,7.95,7.24,7.53,7.12,7.02,3.85,5.78,5.42,4.71,5.68
197701,5.2,4.18,5.06,3.96,4.39,3.75,0.56,0.58,2.75,0.63,-1.15,-0.71,0.24,1.28,-0.56,-2.45,-2.05,-3.69,-2.71,-1.08,-6.75,-3.31,-3.15,-7.42,-4.24
197702,-0.32,0.29,-0.64,0.6,-0.67,-2.75,0.01,-0.15,-0.67,-0.69,-1.79,-1.99,-1.31,-1.96,-3.29,-4.04,-1.76,-1.91,-1.91,-2.84,-0.63,-3.08,-0.16,-2.19,-1.58
197703,0.92,1.59,0.8,1.36,0.5,1.04,-1.19,-0.17,0.59,-0.59,-0.24,0.24,0.54,-0.19,1.16,1.27,0.07,0.71,-1.07,-0.6,-0.57,-1.77,-1.11,-3.13,-0.66
197704,2.14,0.84,2.6,1.41,2.04,1.92,0.64,2.75,2.31,1.01,2.71,1.54,0.82,1.71,1.65,2.57,1.86,1.5,1.24,1.33,3.05,1.33,-0.36,-0.33,-0.96
197705,0.28,1.29,0.15,0.54,-0.62,-1.01,-0.38,-0.17,1.18,-0.17,-1.76,0.31,0.17,1.53,0,-2.59,-0.19,-0.63,-1.64,1.17,-1.18,-1.66,0.07,-1.76,-1.68
197706,5.99,7.05,7.1,5.57,6.97,8.17,7.71,3.49,5.67,8.68,5.37,6.06,5.41,7.15,8.04,5.78,5.68,3.36,6.35,6.38,4.22,4.32,2.81,4.59,6.11
197707,0.15,0.25,2.02,1.63,0.94,-1.46,0.39,0.51,0.06,-0.28,-1.4,-0.99,-0.06,-0.43,-0.29,-3.67,-0.98,-1.19,-1.78,-2.61,-3.26,0.73,-1.01,-1.95,-1.34
197708,-2.19,-0.97,-1.29,0.08,0.52,-1.94,-1.16,-0.48,-0.03,-0.58,0.39,-0.91,-1.27,-0.87,1.63,-2.67,-2.22,-1.24,-1.35,-1.5,-1.17,-3.14,-1.36,0.41,-2.02
197709,0.73,2.1,2.43,2.02,1.75,-2.75,1.17,0.05,1.34,1.45,0.25,1.07,-0.12,1.51,2.83,-0.47,0.09,0.51,0.36,1.3,-2.48,0.55,1.37,-0.63,-0.1
197710,-3.28,-1.76,-2.36,-1.92,-2.69,-3.79,-1.76,-0.69,-2.9,-3.08,-4.19,-1.59,-0.54,-3.5,-3.29,-4.77,-3.14,-3.34,-3.01,-3.54,-3.52,-4.7,-5.06,-4.39,-3.75
197711,8.08,8.38,8.33,8.7,8.76,6.52,6.21,9.86,9.29,8.87,7.8,5.34,6.28,8.64,6.15,7.94,5.08,7.33,5.48,7.35,4.23,4.36,3.13,3.27,2.97
197712,2.24,2.89,1.98,3.15,4.08,2.39,-0.15,1.4,1.51,2.47,0.72,1.98,0.98,0.87,1.73,-0.38,0.24,0.34,0.18,1.51,-1.03,0.12,1.49,-0.05,1.06
197801,0.05,-1.32,-1.57,-2.5,-1.51,-2.81,-2.76,-2.64,-4.68,-4.53,-3.33,-2.41,-3.33,-5.16,-6.44,-3.96,-4.65,-4.77,-6.09,-6.98,-5.87,-5.57,-5.38,-7.39,-5.72
197802,2.61,2.81,3.13,4.33,3.98,0.8,0.81,0.65,2.32,2.22,0.26,-1.2,1.6,1.45,1.92,-1.61,-0.4,-1.11,-0.29,-0.67,-2.35,-0.93,0.83,-2.68,-2.09
197803,8.46,7.46,7.34,7.49,8.41,7.77,6.33,6.5,6.3,6.77,5.39,5.84,5.06,5.87,5.58,5.22,4.54,4.57,4.37,5.55,1.7,2.95,3.44,3.4,1.01
197804,9.13,6.99,7.93,7.84,9.55,7.04,6.44,7.43,8.08,10,6.79,5.87,6.24,8.36,10.7,5.61,4.77,7.18,9.09,8.7,9.12,6.21,6.17,11.73,9.39
197805,8.74,6.76,7.25,7.29,8.24,7.08,3.5,4.23,5.45,8.05,5.52,2.63,4.16,5.78,5.78,3.07,2.85,2.57,3.53,4.96,1.34,1.4,0.74,1.96,0.53
197806,0.12,0.12,0.58,0.39,0.71,4.42,-0.77,-0.5,-1.32,-0.69,2.29,-0.67,-0.51,0.28,-1.08,-0.87,0.58,-0.61,-0.43,-1.32,-2.16,-0.8,-1.21,-1.1,-2.57
197807,5.07,4.91,4.7,6.21,6.89,5.7,5.29,5.47,5.54,9.17,2.45,5.39,3.94,5.81,6.76,6.88,5.34,5.81,6.39,8.08,4.72,6.52,3.67,6.01,6.04
197808,8.65,7.55,8.96,9.54,11.6,9.87,8.98,7.18,7.48,9.97,10.31,5.23,6.17,7.57,8.21,1.84,4.64,5.17,6.74,7.71,1.75,2.52,2.85,3.55,3.61
197809,0.74,-0.39,-0.38,-0.14,-2.05,-2.65,-0.06,-0.87,-0.19,-3,-0.24,0.13,-1.21,-2.98,-2.56,0.63,-0.77,-1.59,-0.97,-3.31,-0.49,-1.19,-0.14,-0.8,-0.54
197810,-23.41,-20.03,-21.4,-21.58,-25,-22.1,-18.87,-16.55,-17.56,-23.42,-16.89,-15.56,-16.09,-16.04,-20.27,-11.69,-11.92,-13.51,-14.51,-16.95,-9.92,-9.52,-7.55,-9.09,-7.79
197811,4.1,6.09,6.54,5.81,7.88,5.6,6.81,4.78,4.29,9.72,3.49,2.4,4.63,4.87,7.8,2.62,2.27,3.06,4.02,4.03,3.08,4.57,3.16,2.66,2.72
197812,0.89,2.65,0.96,2.45,3.42,1.4,3.25,1.43,3.04,2.83,1.04,1.33,1.92,2.88,2.25,0.03,2.14,0.73,1.89,0.67,-1.68,0.16,1.2,0.68,4.25
197901,11.71,9.43,9.23,9.97,10.64,9.48,7.95,8.23,7.39,9.55,9.56,6.55,6.26,7.08,7.14,9.18,7.19,5.73,4.47,5.52,8.71,4.48,3.6,3.26,3.02
197902,-2.07,-1.05,-2.28,-3.64,-3.39,-1.56,-2.19,-1.85,-3.15,-5.01,1.29,-1.58,-2.25,-3.94,-4.77,-3.17,-2.72,-4.7,-2.96,-4.43,-3.03,-4.13,-2.09,-3.21,-2.66
197903,8.75,7.95,7.94,10.31,10.56,10.24,8.46,7.9,7.62,12.5,9.78,7.39,8.38,9.13,11.37,7.57,7.47,8.12,7.45,8.31,5.47,5.6,3.75,5.81,6.02
197904,3.06,2.98,3.06,3.93,2.33,1.72,3.1,2.1,1.87,2.93,1.39,2.77,1.27,1.72,2.53,-1.09,0.67,3.24,1.63,1.33,-1.92,-1.66,-0.81,1.16,1.27
197905,-1.09,-1.22,-2.93,-1.7,2.94,-1.75,-1.51,-1.18,-0.94,-1.32,-0.28,-0.5,0.6,-3.46,-4.32,-1.32,0.87,-2.51,-1.5,-0.59,0.17,-1.48,-0.9,-2.16,-2.03
197906,5.45,5.8,5.6,5.68,4.85,7.85,6.18,5.11,6.54,4.56,5.36,6.01,6.07,4.33,4.56,7.74,9.3,5.72,5.18,4.86,4.64,4.92,4.05,4.22,3.32
197907,1.73,2.77,2.95,3.14,2.72,2.33,3.48,3.98,3.6,2.39,3.04,3.84,3.41,3.84,4.42,2.71,1.91,2.94,2.74,2.62,1.5,0.81,1.5,2.62,-0.64
197908,8.15,6.77,8.15,8.44,8.49,8.33,7.46,6.07,8.24,9.13,5.46,5.09,8.14,7.42,9.26,4.66,5.99,7.9,7.38,9.02,4.48,3.73,8,6.4,5.38
197909,-0.61,-1.53,-1,0.06,-0.28,-2.33,0.75,-0.62,-0.17,-0.72,-1.25,-0.93,-0.49,0.25,-0.75,-1.79,-1.09,-1.15,1.46,-0.74,-2.06,-0.22,0.72,0.33,0.67
197910,-11.04,-9.73,-9.95,-10.26,-11.63,-11.99,-10.51,-10,-10.39,-11.05,-9.26,-8.29,-8.36,-10.18,-8.67,-9.08,-9.87,-8.19,-7.16,-9.03,-6.85,-6.38,-6.1,-6.11,-5.58
197911,8.07,7.03,6.16,8.24,9.07,9.51,7.46,6.82,8.83,9.89,8.62,6.97,6.76,8.18,10.08,6.91,6.2,7.1,6.42,10.07,5.68,5.19,6.7,4.35,5.3
197912,9.78,8.17,7.23,6.53,8.22,7.6,6.17,5.18,6.81,6.21,3.48,5.49,2.68,4.82,5.04,3.37,3.04,2.85,3.39,4.34,0.54,0.82,2.7,1.83,1.48
198001,13.65,10.49,10.96,7.42,11.14,8.24,7.66,5.74,6.8,6.61,8.67,5.43,7.97,5.83,5.27,6.68,3.75,4.87,7.43,7,5.11,2.94,7.64,6.53,5.9
198002,0.58,-2.47,-2.2,-0.75,-0.91,2.17,-1.32,-3.06,-4.28,-1.5,-1.9,-0.89,-3.78,-3.16,-3.74,-2.39,-3.45,-3.28,-2.4,-1.84,-1.22,2.38,-0.21,-1.75,1.57
198003,-21.36,-17.17,-16.56,-17.97,-19.86,-19.85,-18.69,-15.81,-15.82,-16.95,-18.73,-13.74,-16.24,-15.14,-14.83,-15.35,-12.23,-12.48,-13.63,-12.17,-8.32,-8.41,-10.3,-7.23,-11.43
198004,5.14,5.95,5.44,7.42,6.76,7.4,7.23,4.86,5.34,4.89,10.45,5.05,6.25,7.28,6.71,8.14,7.25,6.16,5.85,5.84,5.04,6.85,5.28,3.63,2.6
198005,6.72,6.74,6.36,7.25,7.61,7.97,7.62,9.81,8.24,10.45,7.87,8.85,8.21,6.75,7.46,7.36,8.37,8.4,9.32,7.65,5.65,4.67,5.45,5.79,4.09
198006,4.35,2.84,4.29,5.25,5,4.04,5.53,5.58,4.27,3.59,5.51,4.17,3.81,4.84,4.65,5.22,4.78,4.28,4.26,4.27,3.24,1.89,2.76,2.22,3.79
198007,9.74,9.88,10.15,11,12.57,10.78,9.28,9.24,10.86,13.8,4.48,7.39,8.47,10.65,13.85,1.61,6.88,7.62,10.06,12.1,3.35,4.17,5.85,7.57,6.86
198008,7.65,7.25,7.86,8.73,10.88,6.34,4.03,6.66,5.16,7.25,2.12,3.62,4.96,5.29,5.22,0.19,0.59,2.33,4.01,4.08,-1.29,2.4,2.46,0.61,1.93
198009,4.64,2.99,2.1,4.8,4.44,0.69,1.77,2.1,3.69,5.71,2.05,2.12,1.65,3.46,5.46,1.1,2.03,3.23,3.19,4.59,0.71,1.1,3.55,4.55,2.65
198010,4.83,4.82,4.43,5.27,6.67,5.64,2.94,3.22,3.42,3.74,4.48,2.47,1.55,1.19,3.19,-2.07,0.02,1.26,1.67,2.98,-0.3,-0.92,2,2.18,4
198011,8.27,5.9,5.56,7.12,10.39,10.44,8.05,6.35,7.64,10.07,4.43,6.9,6.26,6.12,9.1,5.08,6.02,9.23,9.17,11.5,3.39,4.91,17.44,12.74,13.5
198012,-6.31,-4.69,-4.06,-3.68,-4.36,-7.08,-1.46,-1.57,-2.2,-3.58,-4.58,-1.19,-0.69,-1.24,-4.15,-0.39,-1.56,-2.44,-2.9,-2.82,0.02,-0.26,-3.69,-4.29,-3.86
198101,-0.85,1.52,0.02,-0.48,-2.26,-1.5,0.25,-0.79,-2.05,-1.76,2.18,-2.38,0.05,-1.58,-3.81,-0.14,-1.79,-2.91,-2.87,-5.02,-0.3,1.03,-6.98,-5.3,-7.53
198102,-1.12,1.34,1.61,-0.07,-1.24,2.05,3.74,1.01,1.62,1.12,3.6,-0.69,1.87,3.9,2.04,1.36,1.87,3.4,3.66,2.29,-0.33,1.64,2.41,4.66,-0.58
198103,7.22,8,7.7,8.25,9.19,6.23,6.28,6.96,9.03,9.57,5.41,10.88,5.97,8.14,8.11,8.41,7.57,7.93,8.1,7.7,10.24,4.99,2.84,3.33,-0.7
198104,3.3,4.12,3.59,3.84,5.54,-0.11,1.42,2.54,5.02,4,-0.19,0.92,0.74,3.84,4.04,-1.87,0.97,-0.1,-1.21,2.87,-0.14,0.86,-1.51,-4.05,-3.41
198105,3.78,4.7,3.22,3.8,4.98,4.56,1.58,2.38,1.97,6.24,1.96,1.34,3.53,2.71,3.89,2,0.77,2.5,3.07,3.8,1.43,3.75,-0.84,-0.5,-0.56
198106,-4.68,0.37,0.8,-1.13,-1.8,-2.75,0.01,-0.7,-2.47,-4.99,1.03,-0.63,-1.19,-2.48,-3.4,0.16,0.37,-0.69,-2.75,-3.37,-0.93,0.6,-1,-1.24,0.59
198107,-3.57,-2.75,-2.94,-3.67,-3,-1.77,-1.68,-0.65,-2.7,-3.04,-0.83,-0.06,-2.51,-2.58,-2.63,-1.6,-1.83,-1.54,0.36,-1.38,-2.02,-1.97,-0.12,1.15,2.46
198108,-9.51,-6.67,-6.6,-9.01,-11.32,-9.95,-7.55,-4.89,-7.17,-8.88,-7.31,-6.31,-5.41,-5.53,-7.81,-5.29,-5.6,-4.23,-6.19,-4.78,-5.68,-7.05,-3.91,-6.18,-5.73
198109,-10.76,-8.88,-7.3,-8.57,-10.89,-9.47,-7.07,-6.29,-7.37,-6.7,-7.75,-5.07,-5.51,-5.87,-6.77,-6.26,-5.75,-7.88,-6.95,-7.01,-3.13,-4.04,-3.97,-4.93,-6.91
198110,6.89,7.28,7.35,8.92,10.97,8.98,6.83,7.6,8.25,9.49,5.73,5.46,6.78,9.25,8.39,3.85,7.02,4.43,8.19,7.87,-0.38,6.4,4.42,6.92,6.65
198111,-0.25,3.24,2.63,2.67,1.28,1.68,5.02,5.36,3.99,3.58,3.13,3.48,3.12,1.99,1.99,6.54,4.82,5.14,3.98,3.03,6.43,5.55,3.85,4.29,4.65
198112,-3.49,-1.21,-1.29,-1.3,-1.53,-2.18,-1.77,-1.56,-1.51,-2.06,-3.24,-2.78,-1.69,-1.63,-1.14,-3.68,-2.36,-0.31,-3.9,-2.3,-2.25,-3.2,-2.13,-3.41,-3.44
198201,-1.8,-1.14,-1.36,-3.14,-2.1,-4.62,-1.37,-3.13,-4.84,-3.6,-1.92,-2.69,-1.91,-5.27,-5.05,-1.49,-2.83,-4.54,-6.24,-3.69,0.36,-0.58,-2.68,-2.27,-1.14
198202,-5.55,-2.7,-2.82,-3.75,-5.98,-4.23,-2.64,-3.44,-4.36,-5.78,-2.96,-2.26,-2.22,-4.94,-5.08,-0.29,-2.3,-5.6,-5.14,-3.84,-0.43,-2.41,-5.7,-7.02,-5.96
198203,-1.22,-0.51,-0.22,-0.72,-1.79,-1.99,0.98,-0.5,-1.08,-1.55,-0.81,-0.11,1.62,-1.44,-0.42,-0.76,-0.29,-1.68,-1.42,-0.98,2.88,0.44,-0.81,-0.65,-2.14
198204,3.58,3.89,5.58,7.5,7.85,6.98,4.85,6.56,3.9,7,4.95,5.28,4.73,5.9,6.19,4.43,4.62,5.66,4.8,5.85,3.17,4.65,1.42,4.16,5.98
198205,-1.6,-1.62,-1.43,-1.02,-2.18,-3.38,-3.11,-3.18,-2.59,-3.55,-3.29,-3.49,-1.68,-1.64,-3.07,-3.13,-3.12,-4.63,-3.78,-5.59,-2.86,-5.23,-2.04,-2.48,-1.94
198206,-4.14,-2.86,-1.06,-1.68,-3.68,-0.57,-2.07,-1.89,-2.75,-2.43,-4.88,-3.15,-1.31,-1.99,-1.01,0.06,-3.52,-1.73,-2.3,-1.68,-0.33,-1.49,-2.9,-0.91,-2.57
198207,-2.49,-1.38,-2.04,-0.74,-2.13,-3.25,-1.82,-0.88,-0.23,-0.15,-2.51,-2.53,-0.48,-0.93,-2.34,-3.17,-2.42,-2.62,-3.27,-2.38,-2.89,-1.91,-2.84,-2.41,-0.84
198208,4.57,6.15,6.92,5.42,5.55,9.01,7.51,7.21,8.95,8.52,11.13,11.7,11.7,10.47,10.33,14.36,13.46,13.8,11.35,10.18,15.05,16.7,11.92,12.17,9.74
198209,2.37,3.7,4.52,4.37,3.57,2.67,2.76,3.15,4.82,4.9,0.66,3.21,4.69,4.47,5.67,1.75,4.84,3.48,3.05,2.21,-0.79,-0.51,0.52,1.58,2.82
198210,12.85,11.72,13.11,14.43,19.95,16.23,11.26,12.58,13.68,13.91,14.8,12.67,14.22,14,14.15,15.18,11.76,12.81,13.61,16.04,12.46,12.6,9.15,10.21,11.7
198211,10.14,11.5,8.79,8.78,11.5,13.01,5.74,8.16,8.86,8.52,8.21,8.92,8.57,6.29,9.94,7.05,6.26,4.57,8.01,6.41,5.24,4.43,2.97,3.36,5.16
198212,2.1,1.36,3.64,3.11,1.76,0.28,2.02,0.99,-0.19,0.98,1.27,0.79,-1.43,0.92,1.18,3.37,1.95,1.41,-0.74,0.03,1.47,1.05,-0.43,0.73,3.9
198301,11.68,9.23,8.92,9.95,10.55,8.65,6.76,6.25,4.51,7.3,5.88,4.75,4.79,4.21,3.54,2.47,0.95,4,4.82,4.42,2.86,4.17,5.96,2.73,2.2
198302,5.73,6.31,6.25,6.4,4.85,5.88,5.13,4.13,6.72,5.5,4.01,2.94,6.19,3.93,6.46,2.1,4.43,4.45,3.9,3.94,5.4,3.17,2.2,1.93,2.23
198303,4.51,5.79,5.08,6.81,2.73,3.27,2.89,5.23,3.87,5.37,7.39,5.46,3.61,3.09,4.04,4.71,4.33,3.63,3.36,1.68,3.72,2.58,3.05,2.63,4.55
198304,8.34,7.62,8.15,7.89,7.77,8.53,6.07,6.46,8.59,9.88,7.89,5.41,7.24,7.65,6.32,6.78,5.1,6.45,3.69,8.52,9.08,7.56,7.65,6.74,7.7
198305,11.75,10.18,9.27,7.71,9.71,7.79,6.58,5.22,2.93,4.88,3.81,3.13,4.08,2.97,4.54,2.68,2.35,3.68,3.58,5.03,-0.79,-0.15,-0.92,-2.62,-0.74
198306,4.89,4.63,3.96,5.14,3.57,5.08,2.86,3.19,4.64,6.12,3.06,3.04,3.62,6.44,3.77,-0.48,-0.65,4.43,5.51,5.32,2.32,2.38,2.29,5.97,4.28
198307,-3.58,-2.03,-1.32,-2,-2.44,-7.52,-1.54,-1.77,-2.13,-2.76,-5.72,-0.54,-0.88,-2.33,-3.22,-3.47,-1.97,-2.48,-3.6,-4.59,-2.8,-2.1,-3.11,-4.32,-3.94
198308,-5.5,-2.87,-3.42,-2.54,-2.98,-5.71,-2.27,-3.03,-0.65,-4.33,-1.34,-2.95,-1.24,-1.99,-3.84,0.83,0.77,0.09,-0.98,-0.58,2.7,0.82,3.13,1.57,0.69
198309,-2.85,0.67,1.05,1.35,0.45,-0.58,2.88,3.96,4.58,2.2,0.7,5.99,5,2.9,2.69,1.16,4.66,2.62,2.63,1.71,2.1,1.55,0.52,1.52,1.79
198310,-7.83,-5.88,-4.3,-5.56,-7.59,-8.8,-4.15,-5.22,-4.64,-7.62,-5.17,-2.61,-3.91,-4.51,-6.37,-2.27,-1.41,-3.48,-2,-6.93,-2.2,0.81,-2.22,-1.77,-0.9
198311,2.19,3.42,3.92,5.8,4.07,4.94,5.21,6.1,4.14,5.81,5.53,5.88,6.04,5.37,3.22,7.72,3.8,4.9,3.63,3.93,5,1,1.41,3.2,0.39
198312,-3.04,-0.56,-1.22,-1.23,-2.73,-2.45,-1.37,-1.07,-1.1,-0.89,-0.71,-1.51,-1.34,0.01,-3.41,-1.56,-3.07,-1.96,-1.49,-2.17,-3.34,-1.81,-0.9,-0.32,1.16
198401,0.67,-1.45,-0.37,0.06,-0.81,-0.08,-1.22,-1.48,-0.39,-3.62,-2.46,-3.12,-4.58,-4.21,-2.99,-1.61,-1.88,-2.95,-3.88,-5.3,-2.99,-1.35,2.05,0.87,-2
198402,-6.08,-5.69,-5.26,-5.99,-6.96,-5,-4.58,-5.95,-3.12,-6.25,-7.27,-4.7,-6.27,-5.06,-5.68,-4.16,-5.75,-5.72,-3.45,-5.32,-4.82,-3.9,-3.65,-1.99,-3.27
198403,0.26,0.65,1.02,0.92,0.93,1.79,0.89,0.81,1.17,-0.26,1.43,2.21,1.04,0.69,2.02,3.76,2.07,2.16,0.34,1.08,4.4,1.34,-0.09,0.8,1.83
198404,-3.28,-1.9,-0.86,-0.88,-1.52,-2.44,-0.43,0.71,0.58,0.4,-2.88,-0.89,0.95,0.97,0.47,-5.71,-1.36,-1.03,-0.54,-0.02,-3.58,0.06,2.76,1.47,1.7
198405,-6.14,-4.42,-4.54,-3.12,-4.26,-6.39,-5.13,-4.13,-5,-4.59,-10.45,-3.87,-4.47,-5.41,-5.2,-8.25,-5.14,-4.72,-4.07,-4.22,-8.26,-4.84,-6.43,-3.01,-4.91
198406,0.93,1.57,1.82,3.24,2.84,0.23,2.67,2.49,4.44,4.31,2.05,1.1,2.44,4.09,5.45,1.72,3.53,3.79,3.49,5.14,-2.93,2.09,5.27,2.81,2.09
198407,-7.88,-3.59,-3.64,-3.1,-4.02,-8.08,-6.57,-1.86,-1.52,-3.5,-5.8,-2.35,-3.93,-2.67,-1.04,-8.61,-3.66,-3.28,-2.05,-1.5,-3.25,-0.76,-2.09,-2.66,0.73
198408,8.58,10.31,10.86,10.51,11.45,14.48,14.43,11.05,9.42,12.15,14.8,11.67,12.45,12.08,13.55,12.84,12.26,13.17,11.23,11.06,14.42,11.51,9.76,11.03,10.95
198409,-1.7,0.06,0.08,-0.46,-0.95,-2.72,-0.89,-0.18,0.2,-1,-1.53,-0.45,-0.07,1.2,1.06,1.34,-0.17,-0.04,-0.02,1.45,-2.76,-0.23,0.66,0.6,-0.72
198410,-4.14,-2.37,-1.75,-0.52,-2.08,-1.39,-2.05,-0.39,-0.87,-0.83,-3.91,-0.05,-0.97,1.31,-0.05,-3.45,2.94,-0.4,0.27,0.54,0.5,0.75,-1.55,0.79,1.15
198411,-5.9,-1.7,-2.94,-2.41,-2.4,-4.64,-2.99,-2.01,-0.44,-1.76,-3.03,0.59,0.01,0.74,-0.37,0.02,0.17,0.01,-1.87,-2.09,0.92,-0.41,0.08,-1.43,-1.85
198412,-0.95,0.17,1.85,2.16,1.3,0.41,2.79,2.59,2.86,2.03,0.34,2.93,2.11,4.02,3.8,-0.02,2.89,2.34,3.4,4.3,2.33,2.94,1.79,2.61,2.48
198501,13.49,12.87,12.83,11.17,14.49,14.78,13.82,10.79,9.14,13.32,11.33,9.82,10.13,8.59,11.98,11.88,7.83,8.95,9.82,11.55,8.3,7.81,5.17,7.65,8.18
198502,3.67,3.61,3.67,3.28,5.25,1.86,2.79,2.42,2.35,2.92,-1.07,0.05,0.97,1.88,2.87,2.03,0.65,1.34,1.84,2.59,0.67,-0.01,2.22,2.96,1.56
198503,-3.12,-3.06,-0.54,-1.18,-1.68,-4.06,-2.74,-1.32,-0.54,-1.69,-3.07,-1.13,-0.18,-0.88,-0.89,-0.69,0.07,-0.94,0.03,-0.12,1.05,-0.45,2.09,0.55,-0.9
198504,-2.52,-1.02,-0.46,0.27,-0.74,-4.03,-2.14,-0.53,0.14,1.26,-1.24,-1.21,-0.23,0.73,1.22,-1.41,-0.58,-0.17,0.4,-1.06,-0.59,0.33,0.97,-0.68,-0.91
198505,-0.04,3.39,4.33,3.97,3.79,3.69,1.06,4.63,5.06,4.23,2.89,3.88,4.28,4.65,7.18,3.96,5.55,5.27,6.7,6.87,8.06,5.85,7.26,5.93,6.13
198506,-1.12,0.68,1.73,2.87,1.83,-0.81,1.03,2.03,4.18,3.94,-0.7,3.08,2.45,3.62,3.96,0.47,2.11,2.75,2.22,2.21,3.36,1.64,3.04,1.08,0.68
198507,2.06,2.66,1.91,2.48,3.35,3.99,2.99,2.6,2.86,2.27,4.4,2.03,-1.24,2.39,1.24,1.93,-0.31,1.68,-1.62,-1.4,-0.69,-0.66,-1.62,-1.1,-0.3
198508,-1.17,-0.33,-0.45,-1.45,-1.26,-1.33,-1.54,0.35,-0.67,-0.43,-1.04,-1.31,-0.45,-1.39,-0.56,-0.91,0.86,-0.76,-0.57,-0.52,-0.94,0.5,-1.04,0.26,-0.96
198509,-7.16,-4.81,-4.56,-5.74,-6.21,-8.27,-5.46,-5.18,-4.83,-4.76,-5.15,-4.17,-3.53,-4.63,-5,-7.06,-5.11,-4.64,-3.7,-5.38,-4.24,-4.66,-2.7,-2.62,-3.08
198510,0.68,1.84,3.72,2.02,2.34,4.06,3.21,4.32,3.67,4.47,1.01,3.11,3.77,3.26,5.21,2.51,4.68,3.93,7.79,6.11,7.28,6.15,4.5,3.84,5.02
198511,4.24,5.14,6.42,6.64,7.49,8.4,5.86,7.6,6.98,10.68,8.37,7.06,6.28,6.45,6.63,7.63,5.97,6.92,6.74,8.66,7.97,6.45,8.62,5.58,7.68
198512,3.22,4.05,3.93,5.39,4.4,2.48,5.67,3.81,4.64,4.97,2.45,3.96,4.26,4.46,5.03,2.72,4.09,4.68,4.61,3.91,3.93,4.34,5.65,3.02,6.64
198601,3.2,0.45,3.93,2.04,4.19,2.25,-0.4,1.06,1.33,1.92,4.34,0.25,1.13,2.45,2.34,5.93,1.45,0.31,0.57,2.49,5.85,3.35,-1.76,0.02,0.03
198602,5.24,5.92,7.52,5.93,7.94,3.71,6.34,7.74,8.35,8.27,5.17,6.13,6.17,8.12,9.34,8.58,7.39,5.49,9.31,8.7,7.95,8.58,8.29,7.78,7.08
198603,4.85,3.21,5.66,5.57,5.64,5.14,3.7,6.12,5.65,4.31,5.77,3.94,6.65,5.15,6.73,5.69,2.7,4.26,6.87,6.43,5.96,4.36,4.35,6.81,6.07
198604,1.52,1.48,1.48,0.9,3.66,0.64,0.43,0.8,2.57,1.62,-2.14,-0.44,2.23,2.69,2.54,-4.68,-0.63,-1.09,-0.1,-0.11,-7.62,-3.49,-0.57,-0.55,-0.13
198605,3.83,4.09,3.47,3.93,4.37,2.62,2.43,4.11,2.73,5.88,-0.22,5.34,5.15,5.44,7.11,3.72,4.21,5.02,4.91,6.79,4.38,5.04,5,6.42,5.32
198606,-0.44,0.14,0.75,0.57,0.72,-0.86,-1.06,0.85,2.37,2.24,-1.62,-0.83,0.63,0.96,3.27,1.36,0.53,0.54,2.41,2.28,1.11,0.98,2.78,2.59,1.02
198607,-9.34,-8.71,-7.63,-8.15,-10.3,-11.23,-8.98,-8.3,-8.1,-10.07,-12.22,-7.7,-6.74,-5.95,-8.07,-7.04,-6.7,-4.86,-4.53,-9.5,-3.71,-3.71,-3.15,-4.41,-7.06
198608,0.25,1.97,1.59,1.4,0.85,5.41,2.77,4.56,3.71,3.11,7.46,7.34,7.52,4.71,2.95,10.23,9.49,7.52,6.83,5.37,8.1,8.56,6.93,7.63,6.23
198609,-6.13,-5.61,-5.6,-6.5,-7.13,-6.65,-5.4,-4.61,-7.2,-6.68,-5.17,-4.64,-6.6,-7.8,-6.87,-4.84,-5.47,-7.04,-8.45,-7.5,-11.19,-9.04,-8.81,-9.29,-8.17
198610,1.91,1.01,2.06,3.19,3.2,3.03,4.68,3.85,5.73,4.6,2.89,2.6,3.92,2.84,3.84,3.74,6.34,4.68,7.6,5.07,4.33,7.72,6.01,5.66,4.8
198611,-1.77,-0.78,0.88,1.92,-1.69,-0.95,0.52,0.02,0.46,-0.64,-0.24,-0.12,0.38,0.12,0.34,-0.9,2.03,1.26,0.2,1.46,0.87,1.88,3.33,2.29,2.43
198612,-5.39,-2.24,-2.77,-2.81,-3.21,-3.24,-1.63,-2.61,-2.96,-2.65,-2.13,-2.57,-1.75,-2.23,-2.8,-4.63,-3.51,-2.71,-3.07,-3.37,-1.85,-3.45,-2.35,-2.6,-2.7
198701,10.51,8.98,10.05,9.59,13.21,13.44,12.96,10.93,13.21,11.19,11.76,10.94,13.74,11.07,11.27,12.08,15.22,10.64,11.49,12.41,11.62,14.11,13.38,12.69,13.43
198702,9.9,6.93,6.23,8.08,8.71,9.4,6.97,7.31,6.61,9.7,9.18,7.28,4.36,5.99,6.94,5.54,4.44,4.58,5.41,7.4,8.17,3.01,3.87,2.51,4.28
198703,4.09,3.01,2.87,2.19,1.65,2.29,1.98,2.27,3.06,0.94,2.13,0.44,1.7,2.53,0.6,1.82,0.24,4.12,1.77,1.09,-3.72,2.86,0,2.61,4.27
198704,-1.04,-1.71,-2.82,-3.73,-2.7,-1,-5.73,-2.99,-3.8,-3.65,-0.9,-2.32,-2.42,-3.62,-2.66,0.43,-1.21,-2.54,-3.58,-3.31,-4.39,-0.63,-2.5,-0.47,-0.66
198705,0.08,0.14,1.21,-0.58,-0.47,-0.3,0.36,0.15,-0.86,-1.06,3.17,0.87,-0.91,-0.5,0.53,1.3,-0.47,-0.17,0.27,1.86,-1.87,-0.46,2.33,0.73,0.92
198706,0.57,1.46,2.69,2.56,2.03,0.45,3.18,2.55,3.98,3.43,0.11,4.39,2.78,4.82,3.53,2.55,3.28,3.37,4.6,4.58,4.56,4.35,4.18,5.93,5.65
198707,2.13,4.01,2.93,2.32,2.72,3.05,4.47,2.5,4.25,2.52,6.36,4.75,4.23,2.99,3.39,7.91,5.92,3.27,4.92,2.26,8.92,2.99,3.64,3.98,5.79
198708,0.35,0.42,2.26,3.48,3.14,1.54,3.67,3.63,3.61,3.99,0.19,2.84,3.53,4.53,4.88,3.2,2.21,4.75,2.64,5.28,4.94,3.76,4.3,4.01,5.04
198709,-2.09,-0.65,0.02,-2.04,-1.53,-2,-3.47,-0.79,-1.56,-1.05,-0.92,-3.43,-2.04,-3.08,-2.37,1.4,-2.21,-2.48,-0.9,-2.42,0.22,-1.8,-1.32,-2.49,-3.59
198710,-32.61,-28.41,-28.85,-29.53,-32.83,-33.27,-30.11,-27.08,-26.97,-31.54,-32.98,-27.66,-23.44,-25.46,-27.3,-27.3,-23.17,-23.85,-24.89,-25.78,-23.43,-20.38,-19.58,-18.62,-22.05
198711,-7.05,-4.87,-2.81,-4.52,-8.14,-4.57,-5.73,-2.25,-3.2,-7.69,-2.96,-3.71,-2.44,-4.36,-5.56,-2.68,-5.49,-4.91,-5.68,-6.47,-7.16,-6.85,-9.19,-9.06,-8.64
198712,2.1,6.3,5,5.48,5.16,5.47,9.63,7.51,9.12,11.27,8.39,7.33,6.18,7.8,11.32,6.01,5.96,9.12,9.95,10.23,7.28,6.16,7.61,6.61,6.86
198801,7.41,4.49,4.57,5.01,4.89,4.12,4.47,3.68,3.17,3.31,2.29,6.36,5.66,3.02,3.1,2.45,4.16,3.2,5.19,3.91,3.61,4.76,5.4,5.21,3.88
198802,6.24,7.15,8.67,7.22,8.01,8.51,9.27,8.49,7.23,11.36,5.62,6.89,7.88,8.94,8.14,7.71,6.19,7.45,7.75,7.28,4.73,2.12,3.79,3.78,5.27
198803,3.75,6.25,5.59,5.79,6.27,2.91,6.47,2.83,4.89,3.42,4.27,-0.3,-0.35,1,2.88,0.87,2.11,-0.29,0.56,0.66,-3.33,-3.53,-2.72,-4.69,-3.49
198804,1.89,3.24,1.26,1.27,2.04,3,2.38,3.06,2.42,3.09,0.97,0.26,1.93,-0.12,-0.2,0.44,1.1,0.9,-0.06,0.32,2.08,-0.15,2.58,1.07,-0.02
198805,-2.39,-0.58,-1.47,-1.84,-3.14,-2.61,-3.35,-0.77,-1.82,-3.85,2.27,0.12,-1.15,-0.49,-1.54,0.04,0.37,0.51,-0.52,0.2,-0.37,1.65,0.66,1.26,0.4
198806,4.44,7.54,5.77,6.66,7.14,7.45,7.18,8.79,8.34,8.2,4.09,6.45,6.37,6.14,8.17,6.23,5.58,5.81,6.95,8.29,3.14,3.64,3.44,5.39,4.93
198807,-0.47,-0.82,-0.14,0.29,-0.88,0.42,-1.06,-1.54,-1.33,-1.48,-2.51,-1.01,-3.13,-1.21,-2.47,-0.81,0.99,-3.07,-2.35,-2.7,1.01,-0.33,-0.06,-0.96,-0.23
198808,-3.86,-1.39,-0.98,-1.07,-2.83,-2.2,-2.61,-2.83,-2.02,-3.8,-1.96,-2.24,-2.38,-1.62,-3.11,-2.21,0.3,-1.46,-2.43,-3,-1.53,-0.84,-4.11,-3.84,-2.17
198809,0.73,3.52,2.68,3.5,2.46,2.1,2.73,2.6,3.3,2.19,0.23,2.45,2.63,3.55,4.05,3.36,2.42,2.2,4.01,4.2,2.17,5.3,2.58,4.98,5.94
198810,-3.41,-1.91,-0.93,-1.03,-0.64,-1.55,-0.7,0.23,-1.7,-0.62,-0.83,1.17,1.3,0.34,-0.48,0.39,0.07,0.57,0.79,0.05,0.26,2.6,3.64,2.3,3.18
198811,-5.54,-4.08,-3.2,-3.23,-2.96,-1.73,-3.62,-2.5,-3.04,-3.82,-1.02,-2.84,-2.06,-1.84,-3.49,-1.1,-1.48,-2.93,-2.37,-2.19,0.04,-1.84,-1.6,-0.93,-1.41
198812,3.23,3.71,2.87,3.17,3.04,3.61,4.19,3.52,5.35,5.04,3.16,5.24,2.46,3.27,3.68,1.99,2.02,1.43,2.93,2.23,-0.58,1.39,2.13,1.52,2.28
198901,5.76,4.29,4.04,5.59,5.51,7.16,3.99,5,4.25,4.06,8.21,4.32,3.66,5.03,4.4,6.68,5.73,6.18,5.45,5.52,7.91,5.81,6.93,8.08,6.9
198902,-0.13,0.74,0.68,0.91,1.14,0.62,1.34,1.72,2.18,1.07,0.03,0.71,0.17,0.99,-0.39,-0.05,-0.73,-0.42,0.31,0.32,-2.29,-1.72,-3.44,-2.62,-2.38
198903,2.41,2.61,3.67,3.96,2.64,4.2,3.14,1.74,2.13,0.78,1.12,1.58,2.43,2.46,2.53,2.07,0.2,1.34,1.81,1.73,4.3,3.34,-0.29,3.33,3.38
198904,2.98,1.11,2.72,5.16,4.1,5.24,4.21,5.44,3.98,5.48,4.63,4.88,3.33,5.58,5.59,5.34,4.35,5.75,5.83,5.11,6.3,4.32,4.15,6.62,4.87
198905,2.82,3.59,2.63,4.87,5.1,4.75,4.63,2.95,2.68,4.65,4.68,3.48,5.5,4.27,5.6,5.49,3.17,4.3,3.55,4.09,3.51,4.65,2.37,5.15,4.71
198906,-1.91,-0.65,-1.02,-2,-1.25,-4.35,-2.12,-2.06,-0.77,-2.3,-1.61,-0.41,-0.09,-1.32,-2.25,1.17,2.37,0.47,0.02,-3.45,0.19,-0.83,0.43,-1.46,-0.39
198907,1.77,3.77,3.57,3.51,4.43,4.34,4.4,3.76,4.84,5.34,3.7,5.37,3.69,5.09,4.93,7.03,5.32,8.77,7.68,6.54,7.8,8.05,6.59,9.1,11.01
198908,0.97,1.54,1.22,1.46,2.34,2.89,2.34,2.53,3.51,3.91,2.16,1.22,3.35,4.01,4.21,2.96,1.5,2.4,4.03,4.21,2.57,2.54,1.29,2.09,1.34
198909,0.44,-0.21,0.21,-0.63,0.87,0.04,0.04,0.82,2.29,0.76,-1.62,-1.03,-0.71,0.8,0.17,-0.58,-0.23,-2.07,-2.03,-0.82,-1.42,0.83,-1.07,0.24,1.06
198910,-6.21,-5.53,-3.2,-5.73,-5.63,-6.36,-6.27,-6.08,-5.26,-5.15,-3.8,-4.89,-6.48,-5.05,-5.34,-4.69,-2.36,-4.1,-4.12,-5.22,-1.67,-1.17,-0.62,-3.03,-2.1
198911,-1.42,0.11,0.4,-0.02,0.51,1.91,2.86,1.66,-0.69,-0.81,0.33,1.69,2.97,0.98,0.57,4.17,1.73,1.84,0.77,0.31,2.68,3.53,1.81,2.98,0.53
198912,-1.65,-1.24,0.27,-0.97,0.3,1.15,1.32,0.77,0.38,0.38,-0.4,0.65,1.82,0.58,-1.96,0.81,3.26,2.46,2.02,1.95,0.65,1.96,2.72,3.36,1.13
199001,-6.05,-6.72,-6.49,-7.52,-9.97,-8.27,-8.65,-8.69,-9.14,-9.34,-8.33,-8.19,-7.33,-8.16,-9.68,-8.3,-8.07,-7.23,-7.96,-7.4,-5.2,-6.95,-5.91,-7.01,-7.47
199002,1.4,2.96,3.48,0.87,2.32,2.9,4.58,2.92,2.89,3.24,3.8,1.02,1.64,2.1,4.8,1.72,1.06,1.85,1.66,2.32,2.42,2.78,1.74,0.67,1.04
199003,2.96,2.41,3.43,3.12,4.83,2.4,4.84,4.57,4.67,5.27,1.81,2.37,3.01,2.88,3.93,1.56,0.76,2.36,4.25,2.5,0.28,-0.31,1.09,3.06,3.62
199004,-3.28,-1.77,-1.76,-1.24,-2.7,-3.87,-2.9,-2.79,-4.64,-2.84,-4.34,-4.39,-3.65,-2.89,-2.87,-7.06,-4.73,-5,-4.02,-3.64,-3.74,-4.66,-1.69,-2.84,-0.5
199005,5.71,5.77,7.65,5.65,6.1,7.5,8,6.19,7.61,9.45,6.16,6.96,8.9,7.85,8.01,9.04,8.93,7.61,10.45,9.6,7.96,8.83,8.96,9.77,9.86
199006,1.15,2.2,1.38,0.84,1.08,0.94,-0.41,0.56,0.88,-1.58,1.11,0.96,-0.25,0.71,-0.26,0.07,0.32,-1.41,-1.19,-1.1,-0.87,-0.53,-0.58,-2.01,0.9
199007,-3.98,-3.37,-3.95,-3.64,-5.05,-5.12,-3.34,-2.54,-4.47,-5.71,-5.91,-3.28,-1.31,-3.17,-4.81,-2.97,-1.89,-1.55,-2.94,-2.21,-1.89,2.35,1.02,-0.33,-1.72
199008,-14.28,-11.47,-12.72,-15.11,-14.64,-15.36,-11.22,-11.95,-12.91,-14.34,-12.7,-9.53,-10.83,-11.78,-14.87,-9.85,-8.78,-10.4,-10.35,-11.39,-9.79,-8.22,-7.97,-9.22,-8.49
199009,-9.12,-6.73,-8.16,-9.31,-11.4,-10.08,-6.26,-8.05,-9.98,-10.02,-9.8,-3.58,-6.15,-9.31,-11.44,-6.52,-6.37,-7.64,-6.89,-7.77,-7.73,-5.64,-2.9,-4.24,-4.82
199010,-7.82,-6.4,-4.25,-7.79,-4.98,-9.48,-5.95,-3.2,-4.43,-5.54,-6.12,-2.31,-6.59,-3.17,-4.33,-4.53,-2.22,-0.41,-2.75,-5.34,-2.68,-0.05,-0.02,-1.41,1.95
199011,1.86,3.67,3.66,4.48,5.35,6.29,6.68,8.08,8.06,8.7,9.9,6.1,9.01,9.11,11.54,4.49,6.77,9.56,10.62,10.02,10.94,6.03,5.89,6.62,5.97
199012,-0.85,-0.17,1.6,0.87,3.55,2.43,3.72,6.56,4.91,5.15,2.47,2.74,4.86,5.21,6.5,2.59,2.77,4.2,4.35,5.51,2.56,1.63,2.47,1.73,4.11
199101,8.71,6.99,11,8.94,9.81,11.57,5.98,7.66,5.74,10.49,4.87,4.3,9.07,8.92,11.63,2.98,4.45,5.79,7.42,7.81,5.98,2.14,2.87,4.63,5.76
199102,14.14,10.8,11.92,13.26,12.92,12.29,10.03,8.15,11.15,12.17,10.55,8.03,7.91,10.55,9,9.22,7.89,6.44,9.01,9.35,8.17,6.83,5.64,6.03,8.38
199103,10.03,6.55,7.19,6.09,10.87,9.39,4.68,8.18,4.64,6.42,4.84,4.09,4.42,5.57,5.12,2.6,2.96,5.17,5.2,2.42,5.41,0.01,2.2,0.97,4.03
199104,0.79,1.34,0.19,0.03,2.67,-2.54,0.64,-0.61,0.98,2.07,-3.71,0.5,1.99,1.02,0.94,-0.27,-0.32,0.41,1.02,2.69,1.74,-0.62,0.76,-0.14,-0.1
199105,2.32,3.74,2.66,4.26,5.61,4.48,4.22,4,4.38,4.99,3.92,2.46,5.79,4.57,4.58,3.13,3.66,7,5.25,5.26,3.07,2.26,1.91,5.58,4
199106,-6.06,-3.66,-3.42,-3.83,-6.22,-6.88,-4.98,-6.08,-1.2,-4.13,-5.93,-4.14,-4.14,-3.17,-3.56,-4.75,-5.59,-4.19,-4.39,-4.55,-6.09,-5.19,-3.62,-5.2,-3.96
199107,2.57,3.59,2.82,2.12,4.02,2.91,3.83,2.27,4.61,5.39,3.89,5.13,3.88,6.01,5.09,3.52,3.61,3.31,5.67,5.91,4.07,4.43,4.23,3.64,6.15
199108,2.94,3.95,2.24,1.47,4.51,4.94,3.25,3.23,2.71,4.01,3.21,4.57,3.97,5.83,3.54,0.36,3.03,0.96,3.54,3.09,1.94,2.15,0.6,1.93,4.14
199109,2.17,-0.36,1.58,0.39,1.63,2.62,0.01,1.44,-0.96,-0.41,-1.88,0.08,-1.26,-1.23,0.83,2.05,0.78,0.28,-3.18,-1.05,-0.76,0.63,-1.13,-1.64,-2.03
199110,4.66,3.4,2.72,4.38,3.85,5.12,1.48,2.27,0.51,1.68,5.22,1.98,1.37,1.97,2.01,4.99,2.38,1.07,0.77,2.15,1.97,2.96,1.16,1.03,1.47
199111,-2.91,-3.44,-2.81,-2.73,-4.52,-8.72,-3.59,-4.48,-4.68,-2.9,-4.74,-3.98,-3.17,-4.81,-4.8,-3.18,-1.69,-3.15,-4.91,-4.33,-2.99,-3.69,-5.45,-5.23,-1.43
199112,4.22,6.33,4.6,5.57,7.73,7.9,7.47,6.76,7.27,10.88,11.11,11.8,10.19,11.05,11.35,11.16,7.1,9.77,12.53,12.18,8.97,8.95,10.74,9.39,14.5
199201,17.65,10.05,12.86,12.34,12.84,9.75,6.2,5.23,7.54,8.04,3.6,3.16,6.13,4.5,5.69,0.65,-1.98,2.18,1.39,2.7,-2.13,-2.33,-2.49,-1.09,-3.09
199202,2.98,5.29,4.65,6.48,4.83,-0.23,3.45,2.29,2.63,4.04,2.61,1.12,3.06,3.04,4.72,-1.5,0.81,1.72,3.39,2.67,1.83,1.63,3.44,0.18,0.22
199203,-3.99,-2.18,-2.62,-2.83,-4.99,-5.53,-1.78,-1.22,-3.54,-5.98,-5.49,-1.96,-1.88,-2.04,-1.13,-2,-0.01,-4.97,-2.05,-4.23,-1.13,-1.5,-0.91,-2.45,-1.99
199204,-7.43,-4.77,-3.91,-4.33,-6,-6.06,-4.69,-2.19,-1.89,-3.92,-5.53,-0.57,-1.74,-0.79,-1.54,-1.65,3.41,1.11,0.19,0.96,0.97,2.11,4.64,5.38,0.52
199205,-1.14,1.76,-0.85,-1.38,-0.1,2.41,1.32,1.87,0.71,-1.22,3.46,1.29,0.9,0.65,-0.63,-0.54,0.85,0.38,1.11,0.43,0.77,1.18,0.21,0.27,0.97
199206,-7.22,-5.73,-4.04,-5.54,-6.18,-4.54,-2.32,-3.92,-5.15,-3.63,-1.93,-2.19,-3.75,-3.17,-3.25,-2.28,0.22,-1.5,-3.24,-2.57,-2.3,-1.42,-0.53,-0.92,-2.57
199207,0.51,3.09,0.49,2.55,4.96,3.12,3.4,4.66,4.65,3.41,4.18,4.6,5.34,4.79,4.22,1.93,5.9,4.7,4.57,3.15,3.43,2.44,4.46,4.59,4.28
199208,-4.83,-3.2,-1.91,-1.41,-2.75,-6.55,-2.01,-2.6,-2.07,-0.33,-7.35,-1.23,-2.24,-1.84,-1.99,-3.35,-2.47,-1.56,-1.53,-2.59,-5.34,-4.82,-1.52,-1.96,-0.96
199209,0.43,1.76,1.7,-0.05,1.8,1.24,0.74,3.1,3.14,3.89,0.1,2.73,1.62,0.95,4.76,-1.02,2.82,2.75,1.07,0.51,3.11,-0.4,0.79,1.96,1.02
199210,1.87,2.93,2.13,2.12,3.3,1.6,2.84,3.3,4.36,5.52,3.54,4.01,1.27,2.83,5,5.15,1.7,1.93,3.22,3.07,-0.24,-2.54,-0.91,0.32,2
199211,9.52,8.55,7.96,10.2,10.91,9.28,6.66,7.26,7.31,8.63,7.5,6.24,6.15,6.6,8.74,5.24,2.38,3.91,4.77,7.54,7.03,3.48,1.72,3.18,3.87
199212,3.38,3.15,3.48,4.37,3.79,2.97,3.24,4.04,2.76,2.36,4.68,3.65,2.41,3.35,4.61,3.38,2.71,3.9,2.45,2.69,3.9,-1.63,1.51,2.99,0.41
199301,4.72,5.6,4.04,4.59,5.9,2.3,3.33,2.64,3.07,3.91,2.61,1.27,3.37,2.47,1.48,2.47,3.01,2.27,1.38,2.43,5.1,2.81,1.46,-0.03,-1.01
199302,-3.77,-2.09,-2.22,-4.35,-5.14,-6,-1.92,-1.63,-3.56,-1.29,-2.15,0.2,-0.31,-1.56,-3.35,-2.42,3.15,1.59,-1.45,-1.33,2.89,2.77,3.31,2.75,-1.25
199303,3.12,1.16,3.67,0.85,3.3,0.75,2.33,3.43,2.62,3.33,3.56,4.02,3.71,3.85,4.5,2.44,4.92,4.5,2.33,3.22,4.44,1.74,3.02,3.06,0.85
199304,-3.06,-1.93,-3.27,-3.21,-4.02,-0.89,-2.98,-3.52,-3.41,-3.12,-0.59,-3.51,-2.09,-3.31,-3.48,-1.26,-2.12,-1.3,-3.36,-4.91,3.67,-0.45,-0.82,-2.04,-5.68
199305,6.34,4.22,3.23,4.23,4.11,7.21,3.77,3.67,5.95,4.19,7.83,4.91,4.62,3.65,5.04,3.79,3.35,3.95,3.05,4.61,2.48,1.46,2.3,1.99,3.44
199306,0.51,0.14,-0.72,-1.3,0.89,1.38,-0.46,0.52,0.19,0.78,1.45,1.93,0.92,-0.15,-0.01,2.29,2.42,0.22,1.59,1.31,1.26,1.03,0.07,1.77,-0.92
199307,-0.24,2.13,2.19,0.45,-0.35,-1.1,0.72,2.39,-0.06,1.14,1.64,-0.42,0.62,0.41,0.12,1.29,1.3,0.18,-0.78,-0.41,4.33,1.96,1.33,-1.19,-2.67
199308,3.52,3.91,3.7,3.76,4.79,6.17,4.16,4.66,2.67,6.43,4.89,6.51,1.98,3.77,4.01,7.51,4.65,4.49,5.03,3.55,4.92,3.93,2.4,4.59,2.94
199309,3.16,4.06,2.86,1.66,1.98,3.76,2.24,1.46,3.29,4.71,-1.69,3.16,1.75,2.79,2.11,-0.51,1.25,-0.82,0.33,1.29,-1.19,-1.01,-0.14,-0.53,-0.51
199310,5.7,4.7,2.78,4.14,5.03,5.1,1.58,0.44,1.58,2.33,2.39,-0.09,-0.27,0.54,2.24,0.97,-1.79,2.32,1.38,0.08,1.84,0.11,1.32,2.38,1.88
199311,-4.81,-2.78,-0.2,-2.55,-0.97,-4.09,-3,-2.68,-2.55,-3.23,-2.68,-1.98,-1.42,-3.16,-2.62,-5.46,-2.3,-2.78,-2.15,-2.45,-3.22,-1.69,-1.89,-0.83,0.4
199312,-0.54,1.97,2.74,1.86,1.63,0.61,5.18,3.91,3.42,4.61,2.76,5.07,6.6,4.77,2.96,2.83,4.48,5.23,4.29,2.79,-0.43,1.49,2.17,0.15,0.99
199401,5.01,5.76,4.36,5.16,3.5,4.56,1.28,2.1,2.09,1.49,5.35,2.77,2.23,1.22,2.11,2.89,3.2,3.1,2.45,3.89,3.53,5.56,3.84,2.7,1.99
199402,-2.52,-0.74,1.62,0.14,-0.08,-3.25,-0.92,0.89,1.33,0.14,-2.47,1.33,-0.97,0.75,0.31,-4.35,-2.21,-1.49,-1.15,-0.5,-5.87,-4.22,-2.76,-1.53,-3.24
199403,-6.09,-3.91,-5.46,-4.16,-5.66,-8.46,-4.98,-5.59,-4.71,-5.65,-5.26,-4.95,-6.5,-4.6,-4.75,-4.32,-3.92,-6.6,-4.45,-3.21,-4.7,-4.06,-4.11,-4.03,-4.19
199404,-3.3,0.05,-1.79,-0.22,1.02,0.31,1.09,1.5,-0.61,0.03,-1.19,1.42,1.72,-0.24,0.53,-1.56,2.45,0.74,1.36,0.66,1.03,1.33,1.15,0.35,2.32
199405,-1.69,-2.01,-0.93,-0.46,-1.93,-0.99,-1.63,-1.6,-1.04,-2.3,-0.59,-2.48,-1.45,-0.83,-0.63,-1.49,-2.42,-1.86,0.56,2.43,2.46,0.7,0.51,2.23,2.61
199406,-5.59,-3.67,-2.59,-4.32,-4.18,-4.73,-2.41,-3.32,-2.83,-2.34,-2.46,-1.22,-2.52,-2.44,-2.97,-4.3,-0.61,-2.89,-3.76,-4.93,-2.72,-3.69,-2.7,-1.64,-2.48
199407,-0.02,0.78,0.81,0.83,0.95,2.78,1.88,1.43,1.8,3.28,3.05,3.14,2.55,3.03,2.42,7.81,3.98,3.14,2.92,2.27,4.97,3.33,4.1,3.04,3
199408,2.45,3.53,4.18,4.11,5.03,7.09,5.57,4.91,5.77,6.32,7.31,5.5,4.64,6.86,6.21,7.17,5.03,4.63,4.36,4.71,3.23,3.64,4.68,2.81,4.96
199409,0.8,2.43,1.85,1.24,0.91,-2.35,2.15,-0.29,-0.52,0.63,-0.09,-3,-0.68,-0.79,1.13,-2.1,-1.85,-1.92,-2.61,-1.7,-3.32,-2.29,-2.78,-3.37,-1.71
199410,-1.12,1.72,0.34,0.19,1.7,-0.99,0.3,0.2,0.21,-1.14,-0.29,0.1,0.42,1.23,1.78,-1.93,0.61,0.64,-0.37,1.75,2.52,3.69,1.7,2.27,2.67
199411,-4.4,-2.29,-2.85,-4.02,-3.34,-3.98,-3.99,-3.12,-3.62,-3.36,-5.67,-4.3,-3.74,-4.34,-6.08,-5.43,-4.88,-2.76,-3.58,-4.51,-3.18,-3.67,-3.87,-3.4,-3.03
199412,-2.24,-0.41,0.06,0,-1.64,-0.84,3.82,2.32,2.52,2.29,2.1,3.24,2.7,3.21,2.29,1.1,2.19,0.99,1.27,0.68,1.16,2.95,1.13,1.32,0.84
199501,2.24,1.68,1.96,2.93,1.39,-1.43,-0.53,-1.84,-1.42,1.91,-2,-2.42,0.03,-0.99,-0.08,0.25,1.07,1.65,2.24,1.83,5.24,1.74,0.21,3.32,3.61
199502,1.72,3.69,2.42,3.71,3.64,3.53,3.92,4.48,3.39,3.98,5.12,4.47,5.14,5.07,5.61,4.07,4.15,3.63,5.96,4.29,3.59,2.57,5.42,4.4,3.44
199503,1.35,-0.05,1.25,1.28,2.71,3.78,3.33,1.15,2.02,2.93,3.21,3.32,1.9,1.56,0.91,1.02,2.39,2.81,2.58,3.29,2.52,3.72,2.91,2.62,2.69
199504,2.38,3.83,2.74,3.06,2.58,2.29,2.31,1.82,1.15,1.5,1.77,2.53,1.5,0.98,1.06,1.02,2.64,3.08,0.68,1.83,1.82,2.75,1.89,2.24,3.82
199505,2.64,2.11,2.18,1.1,1.91,1.83,1.49,2.07,2.13,1.45,1.44,0.32,1.07,3.65,2.01,0,1.02,3.51,2.89,3.79,3.96,3.64,4.34,4.35,4.01
199506,8.37,5.58,4.93,4.57,6.19,6.93,6.78,5.24,4.59,5.98,4.64,5.25,3.94,3.53,4.52,5.9,5.12,2.57,3.28,4.98,2.74,1.2,3.33,1.07,3.34
199507,5.57,5.6,5.85,5.44,8.17,5.1,4.98,7.12,7.18,8.56,6.18,6.8,5.92,4.74,6.37,6.07,4.75,4.74,6.36,5.99,4.05,2.97,4.78,2.78,3.34
199508,5.88,2.52,3.64,3.7,2.87,2.65,1.47,1.74,1.41,2.19,0.91,2.17,1.68,2.29,0.97,2.16,1.51,0.84,1.29,1.77,4.34,0.09,-1.25,-0.04,1.32
199509,3.14,2.79,1.87,1.54,2.23,2.15,2.25,0.68,1.32,2.32,1.39,1.1,2.07,2.48,1.15,1.48,1.87,2.4,2.61,3.78,4.01,2.44,2.47,4.08,6.17
199510,-6.16,-3.76,-2.64,-3.36,-4.67,-7.29,-6.6,-5.85,-3.97,-5.04,-2.79,-2.9,-3.74,-2.55,-2.93,-2.44,-1.94,-3.72,-1.41,-1.81,-1.47,-2.04,-0.99,-1.3,1.56
199511,0.39,3.45,2.4,2.16,2.39,7.25,2.92,4.3,5,3.48,8.1,5.55,2.72,3.35,5.79,3.21,4.05,5.73,4.88,3.82,4.93,8.4,4.47,5,3.22
199512,2.49,2.45,-0.1,1.43,1.08,4.84,2.09,2.71,2.18,2.08,5.97,2.89,1.23,0.27,0.92,-1.16,-0.43,0.63,-0.63,1.06,0.33,3.65,1.59,2.84,0.76
199601,3.02,0.54,-0.41,0.1,-0.18,1.33,0.27,-1.5,-2.45,0.47,-0.31,-0.09,0.09,-1.54,-0.05,2.2,0.13,2.68,2.59,1.49,2.76,3.75,3.74,3.13,3.68
199602,3.52,2.55,2.26,3.01,3.84,2.17,3.96,2.76,5.51,3.77,1.68,3.16,3.11,4.62,5.66,0.81,3.47,0.47,3.1,2.66,1.9,1.09,3.07,0.8,1.13
199603,1.33,4.37,3.27,3.61,4.96,1.77,1.56,2.03,2.85,3.91,-0.08,2.8,3.08,3.25,3.96,1.23,3.11,0.48,0,2.71,-2.78,2.14,1.31,2.71,-0.46
199604,8.08,7.89,6.29,8.47,7.07,9.99,5.37,4.79,5.25,8.77,4.29,3.62,3.19,3.11,4.75,4.14,3.39,3.06,3.2,4.09,-0.84,-0.11,0.35,0.65,2.72
199605,8.37,7.22,4.69,4.68,6.79,7.67,4.24,5.08,3.83,4.27,2.67,2.1,2.74,3.32,2.25,-0.18,1.81,0.24,2.73,1.97,-0.65,1.69,1.67,2.29,3.71
199606,-7.09,-4.14,-2.88,-1.62,-2.91,-6.1,-4.24,-2.68,-3.14,-2.47,-7.83,-4.22,-1.78,-3.47,-2.09,-2.98,-1.31,-2.34,-2.22,-1.06,-0.87,0.18,-0.83,0.26,1.3
199607,-11.5,-6.52,-5.59,-7.26,-7.25,-12.84,-8.61,-8.01,-8.13,-9.15,-12.48,-6.46,-7.86,-6.3,-9.12,-7.36,-7.15,-4.64,-5.41,-7.96,-7.54,-6.42,-4.94,-4.47,-3.49
199608,4.19,3.99,5.27,4.2,4.18,5.68,5.52,5.32,5.81,7.29,8.83,6.38,6.58,6.29,6.21,5.72,5.3,5.25,4.91,5.33,2.65,2.94,2.62,2.73,1.28
199609,2.16,2.05,3.12,4.67,4.07,4.16,4.08,4.92,2.91,3.57,5.21,4.39,3.58,5.03,6.45,2.85,3.61,5.16,5.35,4.48,4.43,3.1,4.68,6.14,6.52
199610,-3.97,0.4,1.34,0.2,-1.63,-2.89,-1.31,-1.6,0.17,-0.01,-4.31,-2.3,-0.67,-0.7,-6.1,-1.74,1.3,-0.51,1.19,-1.01,0.19,5.48,3.33,2.94,1.99
199611,1.31,3.99,4.02,2.42,2.28,1.22,3.76,4.64,4.59,2.29,1.71,3.94,4.82,6.25,5.56,4.39,5.12,5.96,6.84,6.82,7.24,5.66,5.63,7.96,8.49
199612,-0.87,3.25,3.01,1.92,2.86,1.28,2.41,3.13,3.77,1.73,0.15,-0.07,0.56,0.78,0.67,-0.44,-1.28,-0.69,0.11,-0.4,-0.97,-1.58,-1.83,-2.23,-1.9
199701,6.22,4.46,3.83,4.96,5.33,2.04,4.24,2.34,1.48,3.6,2.56,3.47,0.66,2.62,2.04,2.28,2.64,3.82,4.39,-0.29,3.12,5.5,4.01,6.97,7.63
199702,-2.99,-1.38,-0.39,-0.57,-3.88,-5.16,-1.68,-1.26,-3.51,-2.72,-4,-0.24,-1.13,-1.99,-2.47,-0.59,0.77,1.21,-1.13,0.17,-0.03,-0.26,0.06,0.84,0.73
199703,-6.74,-3.84,-2.61,-2.65,-3.15,-7.59,-4.37,-3.1,-4.84,-4.63,-6.44,-3.29,-3.47,-5.42,-4.83,-6.86,-5.92,-4.23,-4.63,-4.13,-3.49,-3.44,-2.97,-3.07,-6.04
199704,-4.66,-2.64,-2.23,-1.17,-2.91,-4,0.86,1.31,0.18,-1.08,0.71,2,1.85,3.55,-0.38,-0.96,0.25,2.37,3.59,4.02,2.38,3.26,4.01,6.81,7.22
199705,9.96,10.33,9.74,8.57,10.57,14.37,10.15,10.37,12.91,13.62,13.39,11.38,9.64,8.74,9.7,7.16,8.27,7.06,7.26,9.6,9.44,6.32,5.29,5.82,6.22
199706,5.29,6.4,8.24,6.86,4.75,3.33,5.43,5.54,6.19,6.64,4.86,5.19,4.19,3.45,5.02,5.64,3.52,2.76,4.04,2.73,2.82,5.17,3.09,5.72,3.7
199707,4.32,6.1,7.17,6.19,6.16,4.59,5.21,5.03,6.26,4.69,6.59,5.91,5.94,7.25,4,7.01,6.18,7.4,7.42,6.09,9.17,8.47,8.36,9.5,7.39
199708,5.05,3.85,3.47,4.26,4.23,2.95,2.98,2.39,3.83,3.43,2.81,1.18,0.9,2.19,2.25,1.06,-0.5,0,-0.81,0.94,-5.31,-3.96,-4.24,-5.19,-6.54
199709,9.67,9.02,8.6,9.35,9.6,8.28,8.6,7.75,6.09,7.28,7.28,7.06,6.69,6.57,6.97,6.02,5.62,3.76,5.84,5.71,7.12,6.07,5.24,5.57,5.13
199710,-3.98,-1.58,-2.03,-1.59,-3.55,-5.62,-5.11,-4.09,-3.45,-2.38,-6.16,-4.38,-2.72,-3.52,-4.98,-6.54,-5.55,-4.93,-2.85,-6.2,-4.67,-2.9,-3.12,-2.93,-2.69
199711,-3.8,0.03,-0.77,0.44,-0.63,-3.48,-0.64,0.06,-1.47,-1.53,-2.09,-1.2,0.86,-0.07,-1.04,-0.28,2.03,0.62,4.66,2.06,1.88,1.12,3.63,3.38,6.67
199712,-4.71,0.03,2,1.45,-0.05,-0.82,0.94,3.21,0.37,2.11,1.29,1.64,2.23,3.19,1.86,-0.31,2.14,3.42,2.77,0.13,0.95,4.17,3.55,2.22,1.25
199801,-0.46,-0.25,-0.79,-1.15,-2.39,-1.66,-1.26,-1.97,-1.54,1.7,0.26,-3.23,-2.51,-1.9,0.55,-0.28,-1.99,-1.04,-2.54,1.09,4.32,-0.24,-2.56,0.2,2.82
199802,6.65,6.28,4.26,6.44,5.99,8.25,7.67,8.04,7.32,9.25,9.7,9.54,8.28,7.54,7.79,7.37,8.25,5.6,8.08,9.1,10.06,8.39,8.54,7.87,6.13
199803,5.7,3.51,5.35,5.04,4.85,5.97,3.13,3.66,3.53,5.08,5.05,3.21,3.73,5.31,4.43,6.72,4.28,3.89,4.39,5.9,9.16,3.2,5.41,2.5,6.24
199804,2.81,2.5,3.3,1.79,2.02,-0.01,1.92,1.87,1.27,1.65,1.45,2.49,-0.16,-1.35,-0.19,-0.24,-0.82,0.32,0.68,0.29,5.38,2.43,2.15,2.75,-0.17
199805,-5.01,-3.6,-4.13,-4.64,-4.92,-6.84,-4.08,-5.67,-5.13,-5.69,-7.99,-4.17,-4.77,-5.36,-5.97,-4.29,-4.49,-4.12,-2.65,-3.37,-3.74,-1.56,0.68,-2.95,-1.6
199806,-0.55,-1.13,-1.36,-0.7,-0.27,0.16,0.7,-0.56,0.23,-0.87,5.57,-1.44,-1.89,-0.35,1.45,1.51,-0.01,-0.83,0.12,2.15,7.23,4.08,3.31,2.35,6.04
199807,-7.06,-5.14,-6.22,-6.4,-6.26,-8.6,-8.57,-6.59,-8.53,-5.72,-8.32,-7.75,-8.03,-8.94,-5.59,-4.03,-5.09,-6.02,-5.7,-5.89,-2.15,-1.89,-1.44,-0.37,-0.31
199808,-23.91,-18.18,-18.23,-19.37,-21.48,-24.77,-17.68,-15.83,-18.18,-21.69,-23.39,-18.76,-16.25,-20.91,-20.16,-18.09,-16.91,-16.89,-16.77,-18.71,-18.66,-15.21,-12.33,-15.35,-13.79
199809,4.98,2.85,2.49,0.9,0.89,9.76,5.75,7.17,5.32,6.84,12.39,7.94,4.35,7.48,3.67,8.28,6.14,10.22,3.87,3.04,9.53,3.89,5.03,4.47,8.27
199810,2,3.24,3.7,1.39,1.75,5.38,4.17,2.39,4.07,4.86,2.36,3.59,5.99,6.35,7.15,7.31,5.82,6.49,8.22,8.1,7.66,6.97,7.87,8.74,7.73
199811,10.37,6.27,5.42,5.87,6.33,7.13,5.17,5.79,4.49,9.02,10.01,3.12,4.7,4.29,6.86,4.3,5.54,4.22,3.8,5.83,9.01,6.01,7.04,4.73,7.72
199812,2.48,1.35,2.5,3.34,3.34,6.52,4.14,4.73,2.55,7.64,9.94,5.84,4.57,6.26,8.71,8.43,5.85,5.22,4.56,6.12,12.65,5.41,5.23,6.7,6.12
199901,8.65,2.17,0.77,2.08,5.62,4.69,-0.01,1.33,-2.91,-0.01,9.89,-2.96,-3.09,-1.15,-0.97,5.4,-0.69,-4.53,-4.56,-0.78,7.08,2.61,2.77,3.02,5.42
199902,-7.45,-5.48,-5.35,-5.67,-6.09,-9.63,-9.49,-7.39,-7.74,-9.18,-8.23,-8.96,-6.28,-7.43,-8.01,-3.16,-3.4,-4.97,-4.74,-3.54,0.03,1.28,-2.42,-3.09,-4.56
199903,-2.16,-3.51,-4.05,-6.56,-4.49,2.25,-2.34,-1.04,-0.85,2.31,9.06,-2.09,0.9,1.25,2.95,6.72,1.78,1.81,-0.66,2.69,12.99,5.7,5.58,4.51,1.69
199904,9.3,10.63,6.49,10.9,10.66,7.74,4.64,14.27,10.47,5.53,17.75,8.44,6.41,8.47,7.43,10.87,5.08,8.11,10.28,10.95,3.74,2.02,3.83,5.13,1.94
199905,2.42,4.22,2.28,3.47,1.58,1.27,5.46,-1.65,3.34,2.54,-5.55,3.19,2.48,1.93,1.99,2.3,2.19,0.71,2.64,0.09,-5.1,2.6,-2.53,-2.19,-2.77
199906,6.87,7.2,8.11,8.4,3.79,8.78,5.74,7.06,7.9,5.83,4.07,4.55,3.17,5.23,3.3,9.39,7.08,3.7,4.18,5.63,-0.06,1.73,5.61,4.45,6.65
199907,1.97,1.14,0.47,0.28,2.74,-2.73,-1.92,-1.71,-0.08,-2.02,-2.47,-2.63,-3.59,-1.27,-0.62,-1.28,-1.79,-1.24,-2.56,-1.97,-4.48,-1.71,-2.42,-4.4,-3.18
199908,-1.88,-3.38,-3.92,-3.73,-2.06,-3.44,-3.92,-3.95,-4.77,-3.13,-0.1,-3.05,-5.11,-4.02,-5.15,0.74,-2.23,-4.75,-4.35,-4.86,-1.18,-0.93,-2.91,-0.23,0.44
199909,-1.34,-1.11,-2.29,-2.85,-0.74,0.85,1.9,-2.4,-1.3,-2.64,1.3,-1.08,0.18,0.13,0.99,2.47,-4.25,-2.04,-2.91,-1.34,-2.31,-5.44,-2.35,-1.97,-3.24
199910,0.3,-2.78,-1.6,-1.41,-1.69,2.66,-0.91,-3.5,0.28,-3.94,3.79,1.02,-0.14,-0.93,1.27,8.12,7.95,2.2,2.6,2.13,8.66,4.71,8.44,7.52,6.8
199911,16.09,5.95,4.19,6.2,6.8,11.06,5.37,4.79,5.2,4.35,8.16,3.28,5.42,1.87,8.08,10,3.33,-0.4,0.89,5.47,4.26,3.37,-0.31,4.78,1.78
199912,22.37,6.28,0.52,8.74,19.07,15.78,8.34,7.17,5.93,8.96,19.69,7.7,6.96,4.43,7.28,20.36,15.12,3.14,2.47,12.13,10.83,6.85,5.26,7.73,4.95
200001,12.07,2.56,1.03,-2.6,-9.12,3.46,-2.49,-3.93,-1.92,-4.18,-0.25,-3.33,-3.83,-5.88,-10.05,-2.86,-3.93,-4.55,-4.29,-6.38,-4.57,-2.18,-1.89,-6.58,-4.99
200002,42.37,14.25,8.7,4.46,7.08,30.89,9.49,10.73,10.93,2.78,25.22,12.58,9.08,2.64,0.35,20.52,18.39,-2.72,3.12,13.02,1.37,3.06,-1.47,1.6,-4.05
200003,-16.09,0.56,0.39,-1.46,-3.32,-14.93,2.57,-2.58,-2.83,6.29,-13.51,-2.16,4.51,5.33,4.35,-8.38,3.75,14.2,11.22,9.57,6.23,7.75,9.4,10.3,10.79
200004,-20.36,-8.13,-4.79,-6.63,-9.08,-12.88,-8.8,-2.14,-1.49,-4.78,-13.23,4.09,-6.01,-2.92,1.76,-4.8,-4.47,0.1,-0.19,-6.9,-7.87,-5.3,-0.6,-1.42,-4.58
200005,-12.08,-5.93,-1.94,-3.19,-7.47,-9.24,-5.64,-5.35,-4.48,-5.55,-3.68,0.07,-3.72,-2.91,-3.77,-7.27,-1.68,-4.22,1.29,-5.01,-7.35,-1.42,-1.51,-4.28,-1.22
200006,27.27,18.02,11.91,7.52,6.44,15.78,8.36,5.38,8.77,4.34,13.18,5.91,3.22,1.21,4.9,9.01,4.67,-2.44,1.18,6.37,8.72,-1.6,-3.46,2.7,4.73
200007,-4.48,0.39,1.19,1.45,1.77,-8.3,-0.33,1.8,2.52,3.12,-9.72,-2.16,0.84,3.49,3.1,-7.92,0.92,0.22,0.13,-0.05,-5.7,0.01,0.59,-1.86,-1.98
200008,7.38,6.65,4.98,4.2,8.53,6.41,6.76,4.47,5.64,6.46,9.01,7.44,8.8,6.38,7.69,13.21,7.61,6.79,6.75,9.39,12.21,8.65,8.88,6.26,5.99
200009,-5.88,0.48,-1.61,-1.35,-1.93,-5.18,-1.1,0.95,-1.94,-2.35,-10.13,-0.29,-0.69,-2.23,-2.51,-11.16,-4.62,0.67,-0.47,-2.28,-8.5,-0.46,-1.58,-10.8,-0.89
200010,-9.82,-6.5,-4.06,-3.83,-4.14,-10.4,-1.27,2.79,-0.71,-1.67,-12.35,-0.27,-2.74,-0.33,1.98,-5.72,-5.15,1.58,1.05,1.97,-9.93,-5.93,-0.54,-0.17,1.48
200011,-15.45,-5.85,-3.35,-3.32,-6.35,-18.76,-5.51,-0.13,-4.94,-4.21,-21.46,-4.61,-7.64,-1.19,-4.56,-21.58,-5.63,-2.23,0,-3.16,-22.16,-11.89,-9.38,-8.12,-5.77
200012,-5.68,4.48,3.42,3.6,5.09,4.12,8.71,9.94,8.61,7.59,4.62,9.84,12.61,11.09,11.53,6.5,10.74,8.33,8.58,9.97,1.21,0.25,7.34,-3.33,1.24
200101,21.93,11.79,9.69,13.77,11.17,12.58,7.16,2.64,7.71,10.36,11.24,0.23,2.08,3.76,3.1,6.72,2.31,-0.57,3.12,-0.26,6.14,6.07,-2.45,7.71,-0.03
200102,-8.28,-2.02,-0.82,-0.2,-1.9,-12.23,-2.86,-0.36,-1.34,-1.02,-17.74,-2.14,-2.23,-3.65,-0.85,-15.58,-7.91,-2.2,-1.44,-1.89,-17.26,-10.84,-7.41,-13.26,-5.35
200103,-7.18,0.68,0.01,0.19,-2.36,-4.4,-2.65,-0.71,-2.84,-0.68,-11.21,-3.1,-3.3,-4.15,-6.36,-11.22,-1.74,-5.41,-1.44,-5.8,-12.81,-4.06,-3.32,-7.81,-6.99
200104,5.36,4.73,5.44,5.58,7.49,8.77,5.73,5.52,7.02,7.02,12.85,7.25,5.59,6.95,7.46,18.07,7.47,9.01,6.21,8.08,12.24,8.94,8.39,9.43,5.43
200105,11.68,11.14,9.51,9.2,12.32,3.22,4.04,3.2,3.37,3.31,2.39,1.58,3.16,2.27,2.46,2.95,1.86,1.83,4.54,4.06,-1.99,-0.18,0.37,0.68,1.31
200106,1.99,3.12,2.46,3.41,1.93,4.1,8.49,7.17,8.7,6,1.64,1.45,0.59,1.65,2.41,-0.05,-1.28,-0.45,1.42,0.86,-2.8,-3.12,-0.92,-1.44,-2.85
200107,-7.11,1.87,1.2,3.26,-0.85,-12.54,-3.11,-1.86,-2.79,-2.8,-12.97,-4.48,-0.25,-0.73,-0.94,-10.48,-3.49,1.61,1.5,1.91,-8.28,-1.44,-5.45,1.84,-0.19
200108,-5.49,-1.12,0.03,-0.76,-1.42,-8.48,-1.31,-1.57,-1.76,-4.32,-9.29,-2.13,-2.7,-1.71,-2.42,-10.89,-3.14,-3.71,-3.95,-3.03,-8.62,-8.12,-9.52,-5.5,-4.93
200109,-15.42,-8.85,-8.94,-9.16,-14.14,-18.92,-13.68,-13.88,-12,-16.24,-18.8,-13.85,-10.69,-14.04,-11.44,-20.06,-13.16,-12.82,-10.28,-12.41,-10.69,-11.04,-11.9,-8.17,-3.57
200110,8.84,4.86,1.51,2.78,4.34,9.36,4.24,3.75,6.17,8.19,14.03,5.6,5.04,5.23,9.08,9.48,5.82,2.6,3.52,2.13,3.37,2.12,4.01,3.23,-0.29
200111,9.32,4.83,4.58,2.56,5.16,11.95,8.57,7.01,9.04,5.26,11.12,7.13,7.12,8.84,6.82,12.41,8.6,8.99,6.75,9.35,8.78,9.27,9.89,8.6,5.14
200112,8.88,5.91,5.6,5.97,5.62,7.34,7.51,7.17,7.82,6.36,5.39,6.88,6.15,6.44,5.41,1.53,6.11,5.61,4.31,6.49,0.47,-2.26,0.36,2.19,0.36
200201,0.24,2.72,3.07,2.73,3.47,-6.25,0.86,0.75,0.58,0.69,-6.22,-0.35,-0.71,-1.19,1.97,-7.31,-0.17,1.23,1.98,-0.87,-8.05,-1.25,-0.86,0.33,-0.98
200202,-8.09,-1.49,0.83,0.05,-0.3,-9.77,0.41,0.55,-0.9,-0.73,-10.15,-1.42,1.02,0.22,0.7,-6.44,-3.87,-0.08,0,3.28,-4.25,-8.21,-3.3,-1.51,0.07
200203,8.47,6.14,8.07,8.78,12.22,9.48,8.71,8.28,7.65,9.67,8.35,7.97,5.97,7.26,9.06,6.71,7.79,7.57,5.45,4.58,2.34,6.92,4.27,5.76,1.04
200204,-3.7,5.65,7.81,6.88,6.46,-4.77,4.94,4.37,4.21,3.38,-7.25,1.19,1.44,1.47,0.71,-5.94,-2.23,0.42,1.38,-0.79,-9.12,-5.41,-6.34,-4.56,-7.84
200205,-2.92,-0.23,1.15,-0.87,-2.15,-9.71,-2.72,-3.47,-4.3,-2.36,-7.25,-4.21,-1.56,-3.44,-3.07,-5.38,-2.49,0.07,0.28,-1.25,-1.06,-1.71,-0.61,-1.78,0.06
200206,-5.13,0.81,0.09,2.45,-2.99,-7.56,-2.55,-2.18,-1.93,-2.27,-9.59,-6.09,-5.38,-5.37,-6.29,-10.94,-10.83,-7.6,-5.33,-6.64,-15.2,-6.31,-5.57,-7.19,-6.81
200207,-16.96,-13.85,-10.88,-10.77,-12.37,-18.12,-17.65,-14.49,-12.91,-14.66,-13.15,-10.37,-10.89,-10.03,-11.56,-10.1,-12.12,-10.08,-8.91,-10.81,-9.29,-8.85,-8.5,-9.36,-3.21
200208,-2.52,-0.52,-0.36,1.21,-0.91,-1.69,1.02,2.06,0.54,0.61,-2.09,0,2.37,3.53,3.19,-4.59,0.13,-0.45,0.04,3.71,2.76,0.24,0.04,1.48,0.02
200209,-10.68,-5.29,-6.2,-4.29,-8.41,-11.14,-8.83,-5.15,-3.04,-4.71,-13,-8.29,-7.11,-7.01,-6.58,-15.64,-13.75,-9.52,-8.62,-7.72,-10.19,-8.33,-11.98,-9.81,-11.31
200210,4.09,2.77,2.15,1.52,2.56,9.09,2.95,1.43,1.31,2.13,11.1,4.87,3.27,2.39,0.2,6.45,9.89,3.4,4.34,2.83,9.23,9.21,12.2,7.77,8.55
200211,18.98,5.6,6.91,3.79,7.57,17.46,9.04,6.61,4.43,2.96,15.08,7.56,5.56,4.47,7.42,18.7,13.69,6.56,3.89,7.56,10.73,8.56,8.22,2.58,3.66
200212,-9,-2.22,-1.4,-1.16,0.09,-11.49,-5.49,-4.62,-1.49,-3.39,-11.05,-4.45,-2.33,-2.34,-3.87,-11.32,-7.52,-2.79,-3.81,-2.7,-9.95,-6.64,-9.55,-4.25,-4.12
200301,0.32,-0.72,-1.03,-1.52,-2.75,-4.35,-1.98,-1.01,-3.65,-1.2,-1.76,-3.89,-3.83,-3.86,-1.97,0.27,-1.53,-3.61,-2.82,-1.73,-0.88,-4.2,-3.86,-3.12,-2.44
200302,-3.87,-4.33,-0.87,-0.89,-2.48,-2.9,-4.41,-2.76,-1.96,-1.69,-2.51,-4.15,-2.33,-2.41,-3.09,-1.66,-3.88,-1.84,-1.8,-2.6,-2.96,-3.25,-0.09,-1.49,-1.93
200303,1.7,0.81,0.39,-0.36,0.86,1.28,-0.27,0.98,2.08,3.18,0.89,0.11,0.74,1.35,3.29,0.05,-2.18,1.15,0.7,2.25,-0.5,-0.01,0.67,2.3,1.43
200304,12.59,7.64,7.45,6.09,7.61,13.6,9.7,8.08,6.77,8.16,13.14,8.33,8.3,8.48,9.15,10.42,10.18,8.04,8.35,6.6,11.83,8.54,8.95,7.5,7.14
200305,20.28,8,7.11,6.72,8.95,16.22,10.33,8.66,7.42,7.76,13.8,10.11,6.04,9.19,5.97,14.97,11.03,8.23,8.39,8.44,9.65,6.87,4.58,4.48,4.24
200306,5.65,4.67,3.73,4.19,7.64,0.2,1.53,2.48,1.91,4.29,1.69,1.44,0.48,1.83,3.35,1.65,-0.43,0.52,1.29,1.84,1.8,1.1,0.76,1.2,1.49
200307,9.34,8.36,7.32,6.68,8.09,9.07,6.92,5.98,5.89,3.28,5.15,3.77,4.24,5.22,3.94,4.77,2.26,4.64,3.86,2.88,2.6,6.69,4.79,0.86,-1.28
200308,6.99,4.26,3.57,2.46,3.3,5.77,6.16,3.92,4.39,1.4,8.58,5.34,4.38,4.02,3.72,8.4,5.86,4.41,3.42,3.35,2.83,1.6,2.16,3.26,-0.08
200309,4.67,0.27,-0.49,1.8,0.61,-3.22,-2.79,-2.45,-1.97,-0.27,-2.54,-3.33,-1.67,-1.91,-1.33,-1.64,-3.11,-2.04,-1.01,-0.32,-4.29,-2.13,0.57,-1.97,0.18
200310,10.62,8.51,7.3,7.59,9.3,9.85,8.06,8.14,8.33,8.85,11.14,8.28,7.7,7.22,7.87,11.2,8.37,8.29,8.3,6.05,8.16,6.74,5.61,4.97,4.38
200311,4.56,4.37,3.93,5.68,4.23,2.42,4.7,3.1,2.94,4.79,3.15,2.69,3.39,3.67,4.07,2.54,2.98,2.39,3.81,1.61,1.7,1.03,0.37,-0.15,1.62
200312,1.47,4.76,3.28,2.36,2.75,1.29,2.83,1.31,3.6,4.75,3.19,4.26,3.54,1.22,0.32,1.78,4.56,2.43,2.01,2.76,3.79,7.21,4.7,4.89,4.66
200401,10.41,3.41,3.62,2.95,4.86,7.58,5.04,1.54,0.87,2.52,6.17,1.28,1.72,3.37,0.7,6.33,1.49,1.63,2.19,1.43,3.31,3.15,0.44,1.73,1.23
200402,-0.81,0.82,1.24,1.82,2.69,-1.75,1.23,1.16,3,3.54,-0.65,2.89,2.71,1.75,3.71,-0.29,1.53,3.75,2.13,3.9,-0.09,2.22,-0.06,2.61,1.52
200403,-1.7,0.43,0.11,0.34,0.94,-0.23,1.1,1.79,1.21,4.06,-0.43,0.75,0.52,0.55,3.54,-2.47,-0.99,0.15,1,1.02,-1.76,-1.54,-2.16,-1.01,-1.99
200404,-6.2,-4.36,-3.53,-3.18,-3.13,-6.51,-4.45,-3.28,-3.25,-1.46,-5.94,-3.95,-2.87,-0.48,-4.01,-7.22,-2.97,-2.19,-2.26,-1.86,-3.2,-2.81,-2.1,-1.58,0.92
200405,-0.43,0.7,-0.44,-0.24,-1.31,2.12,2.24,0.79,1.36,1.75,3.25,3,1.78,0.72,-0.22,2.96,1.53,1.79,2.47,1.19,2.12,2.2,1.18,1.6,-0.02
200406,2.06,5.35,4.48,5.23,4.66,3.82,5.36,5.25,6.58,5.87,0.28,3.44,4.52,5.06,3,3.15,2.31,2.15,2.31,2.57,1.5,1.06,2.25,1.91,0.96
200407,-11.75,-6.74,-4.92,-2.88,-5.48,-10.9,-6.72,-4.29,-3.44,-3.8,-10.68,-3.69,-5.07,-3.54,-4.73,-8.61,-6.95,-4.55,-3.94,-2.53,-6.48,-5,-3,-1.67,-3.17
200408,-2.01,-1.55,-0.85,-1.34,0.08,-2.66,1.04,0.07,-0.41,-3.63,-3.04,-1.09,-0.01,0.41,-1.69,-2.9,0.38,-0.04,-0.45,0.17,-2.57,0.89,-0.37,0.29,1.57
200409,4.33,4.37,4.19,5.45,4.31,6.74,5.14,4.93,5.27,5.42,2.9,4.55,2.92,3.37,5.84,5.35,3.91,1.18,3.15,3.05,3.35,2.23,-0.01,2.16,-0.64
200410,1.05,1.56,1.71,2.02,3.31,3.27,2.14,1.06,3.57,0.99,2.95,3.11,1.87,2.48,0.9,4.48,1.43,2.46,3.36,1.01,4.21,1.33,-0.5,2.71,0.48
200411,9.65,8.58,8.37,8.24,10.63,8.12,10.18,8.55,8.87,10.02,7.59,7.13,6.56,5.22,8.51,9.36,6.48,6.53,5.28,6.58,5.27,4.87,3.44,3.33,3.85
200412,6.95,3.57,2.99,2.04,3.72,3.65,3.44,3.17,1.71,3.08,4.82,2.53,2.78,3.69,4.9,3.31,5.6,4.39,3.96,3.73,5.05,3.99,1.15,3.36,3.93
200501,-5.75,-3.33,-2.31,-2.41,-3.33,-6.63,-2.34,-3,-1.71,-3.62,-6.88,-2.95,-1.48,-2.55,-1.16,-5.94,-4.32,-1.56,-2.29,-1.37,-4.15,-4.78,-2.83,-1.19,-1.8
200502,0.42,0.06,1.45,-1.28,1.7,2.41,2.87,2.38,2.68,3.75,-0.09,4.04,2.08,2.02,3.12,2.72,3.06,3.27,2.37,2.47,-0.84,3.13,1.4,3.63,1.49
200503,-5.85,-1.71,-1.12,-1.46,-3.8,-4.84,-0.56,-1.77,-1.87,-1.86,-4.09,-2.78,-2.34,-0.94,-0.77,-3.08,-0.78,-0.02,-0.67,-1.07,-0.62,-0.61,-2.75,-2.22,-1.25
200504,-7.1,-6.43,-4.13,-5.37,-5.27,-7.9,-6.08,-5.74,-4.34,-7.45,-5.58,-4.49,-3.41,-5.41,-5.13,-5.89,-4.08,-2.3,-3.76,-3.73,-2.07,-2.02,-1.6,-1.31,-1.54
200505,6.26,3.78,4.47,6.34,5.76,8.23,6.06,7.94,8.64,6.82,5.33,5.76,5.32,5.58,6.6,7.09,7.28,4.58,6.62,4.85,5.05,4.83,3.43,2.61,2.38
200506,4.19,4.2,3.42,5.54,5.46,3.68,3.06,4.52,3.6,5.02,2.21,2.58,2.76,3.47,3.88,2.93,-0.05,3,2.83,2.67,-2.31,0.23,0.74,0.05,-0.02
200507,7.83,6.66,5.98,8.01,7.13,8.7,5.25,6.48,5.91,5.74,7.45,5.24,6.02,5.28,3.8,7.05,5.35,5.53,4.65,6.49,2.04,4.55,4.85,3.35,2.68
200508,-0.51,-1.15,-2.89,-1.42,-3.69,-1.05,-1.59,-2.4,-1.36,-3.08,-0.32,-1.36,-0.68,-2.17,-0.95,0.18,-0.51,0.02,-1.81,-1.21,0.46,0.16,-0.62,-2.42,-0.76
200509,0.59,-0.1,0.74,1.28,1.23,0.76,-0.18,1.9,-0.09,1.58,3.77,-0.58,-0.73,0.38,0.43,4.03,1.09,0.33,-0.27,1.38,-0.33,0.57,1.43,-0.18,1.65
200510,-4.06,-2.19,-2.2,-0.78,-2.36,-3.74,-1.67,-2.18,-2.47,-3.99,-3.45,-2.44,-4.02,-2.11,-3.82,-4.18,-2.16,-2.94,-2.02,-2.53,0.24,0.39,-1.14,-1.25,-2.76
200511,4.41,3.95,4.31,4.7,5.08,4.97,4.17,5.3,3.54,6.29,5.3,5.56,5.31,4.71,5.83,4.59,4.49,4.12,4.3,5.78,3.73,5.33,4.96,3.18,2.24
200512,-0.1,-0.03,-0.86,0.92,1.58,0.52,-0.45,-2.44,-1.48,1.22,2.63,0.32,0.17,0,0.73,0.78,1.2,1.75,-0.58,2.34,0.83,-0.46,-0.7,0.34,-0.42
200601,10.86,8.16,7.24,7.93,8.56,9.55,7.86,8.75,8.27,8.79,10.17,4.19,7.36,5.32,7.63,6.26,4.11,4.76,2.56,7,0.62,3.99,0.56,2.5,2.73
200602,0.12,-0.16,-0.29,0.52,-0.52,0.08,1.14,-1.66,-1,-1.55,-1.26,-0.6,-0.87,1.04,-0.91,-0.42,2.03,0.67,0.36,-2.36,-0.95,0.51,0.45,0.86,-0.39
200603,5.21,5.24,4.76,4.43,4.83,4.68,5.28,3.19,5.23,5.76,3.96,2.54,3.94,3.49,3.77,3.76,2.66,2.02,2.73,2.67,0.66,0.97,2.58,0.69,1.14
200604,-1.06,0.64,0.1,1.35,0.79,-0.28,0.99,0.31,1.76,3.34,-1.08,0.56,0.27,0.36,1.94,3.11,2.73,0.69,-0.15,0.57,2.71,-0.56,1.8,1.1,1.52
200605,-7.34,-4.29,-4.22,-4.49,-5.44,-7.26,-4.17,-4.4,-5.53,-3.36,-7.96,-2.96,-4.04,-4.19,-4.41,-3.31,-3.46,-3.01,-3.06,-4.94,-0.13,-3.32,-3.02,-2.88,-2.2
200606,-2.17,0.39,0.77,1.46,0.08,0.11,-0.12,0.72,0.93,-0.04,-0.77,-2.1,-0.41,-0.05,1.35,-1.27,-0.52,-0.98,0.04,-0.65,-0.13,-0.46,-0.97,1.27,0.87
200607,-5.45,-2.58,-2.86,-1.52,-1.08,-3.95,-4.45,-2,-4.31,-3.76,-4.51,-3.21,-3.01,-4.04,-3.37,-4.47,-4.63,-2.14,-2.86,-2.82,-0.4,-1.39,0.91,0.87,1.98
200608,3.65,2.75,2.17,1.6,1.52,4.79,1.95,2.34,3.2,1.46,5.45,2.57,2.68,0.87,0.52,3.89,2.49,2.22,1.52,1.33,3.07,2.88,2.31,2.58,2.09
200609,-0.27,1.15,0.7,1.51,0.44,-0.07,1.68,1.62,2.01,1.53,0.47,1.16,0.82,1.65,0.88,1.42,1.39,0.79,2.07,3.13,3.57,2,3.88,3.33,0.73
200610,5.77,6.09,6.2,4.85,6.61,6.19,4.82,4.69,5.52,4.9,4.77,5.68,4.73,3.57,4.79,2.65,4.41,3.48,3.86,4.96,5.41,3.25,2.77,2.25,4.31
200611,2.68,1.38,2.27,1.58,2.14,2.2,2.63,3.3,2.09,3.06,4.49,3.33,2.83,3.68,6.2,5.45,2.95,3.17,4.2,3.65,1.42,2.17,0.99,0.72,3.21
200612,1.37,2.17,2.62,1.67,1.65,-0.8,0.93,0.28,-0.76,-0.26,0.18,0.37,0.82,-0.22,-0.54,0.83,-0.55,0.38,0.81,-0.47,2.8,1.9,3.1,1.01,0.34
200701,1.95,0.01,1.33,-0.59,1.01,0.78,2.13,0.83,2.41,3.11,2.87,2.09,2.82,2.12,4.59,2.97,0.56,3.98,3.28,5.15,2.05,1.91,1.23,2.05,0.71
200702,-0.79,0.32,-0.83,-1.7,0.47,0.15,-0.78,0.11,-1.56,-0.58,0.94,0.57,0.02,0.43,1.22,-0.65,1.01,1.17,0.28,-1.12,-3.24,-0.42,-2.82,-2.33,-2.07
200703,0.7,0.38,1.36,0.5,0.44,0.07,1.83,1.56,-0.66,-0.05,1.73,1.69,1.36,1.89,4.39,1.13,0.86,1.25,2.11,0.39,1.53,1.1,0.87,0.3,2.29
200704,2.34,0.58,0.31,0.65,-0.2,1.99,0.79,2.07,2.93,2.47,3.9,2.85,2.28,3.44,5.68,4.99,3.82,3.2,4.03,5.01,3.18,3.47,4.4,4.38,4.86
200705,1.55,3.78,4.23,3.08,4.34,2.82,4.71,3.48,3.56,4.45,4.25,3.65,6.57,5.26,6.5,3.41,4.91,4.05,3.97,4.64,2.15,3.77,2.54,2.81,4.97
200706,-0.41,-0.95,0.45,1.9,0.41,-1.33,-2.44,-1.98,-1.84,-0.44,-1,-0.06,-0.82,-0.68,-1.51,-2.06,-1.2,-1.59,-2.74,-1.23,-0.23,-2.72,-2.05,-1.97,-0.92
200707,-6.07,-6.94,-6.65,-7.83,-7.13,-6.48,-5.32,-6.35,-5.94,-8.27,-3.5,-4.92,-5.42,-4.63,-4.55,-5.23,-3.3,-5.73,-4.13,-4.62,-4.17,-3.28,-2.92,-3.1,-1.05
200708,-0.65,1.28,3.31,0.07,-4.17,2.21,3.02,2.4,1.86,0.11,1.3,-0.7,0.29,2.25,-1.62,0.77,1.78,-1.4,0.11,-0.52,1.13,2.66,1.97,2,0.86
200709,1.47,0.61,1.6,-0.01,1.15,3.32,0.31,0.73,-0.63,1.74,2.87,3.42,1.86,3.08,2.38,4.17,2.59,1.55,2.69,1.35,4.31,3.54,4.11,2.56,5.78
200710,2.14,0.66,-0.06,-1.24,0.32,3.16,2.76,1.73,1.42,2.4,3.47,4.47,1.57,2.41,2.46,0.64,3.06,2.92,1.02,2.25,-0.31,2.46,2.09,1.22,4.03
200711,-10.01,-7.39,-6.7,-8,-9,-8.43,-4.79,-5.95,-8.92,-6.17,-7.39,-6.24,-3.51,-4.82,-7.97,-6.17,-6.23,-5.15,-5.34,-4.26,-7.28,-3.88,-4.65,-2.74,-4.03
200712,-0.08,-0.17,-1.74,-1.79,-0.91,1.3,-0.76,-0.71,-0.4,1.27,-1.39,-0.47,0.05,-1.37,-2.54,-1.73,-1.15,-0.45,0.25,-2.15,-1.9,-0.9,-1.56,-1.43,2.04
200801,-8.92,-6.08,-6.65,-5.57,-6.6,-10.4,-6.5,-5.23,-1.86,-7.29,-9.9,-6.14,-4,-5.63,-3.09,-7.44,-7.59,-4.44,-5.44,-4.66,-6.27,-5.99,-7.27,-3.73,-7.57
200802,-4.4,-3.52,-4.54,-4.33,-3.34,-3.46,-3.06,-3.11,-5.39,0.84,-4.17,-1.65,-1.69,-1.98,-0.75,-2.94,-1.81,-1.94,-1.54,-3.13,-3.17,-1.86,-6.19,-3.97,-0.4
200803,-2.54,0.66,1.2,1.56,-1.6,-1.71,1.32,1.31,3.25,1.04,-1.21,-0.82,-1.03,-0.96,-1.76,-1.29,-1.36,-0.97,-1.45,-2.51,0.83,-3.95,0.39,-0.58,0.18
200804,2.1,0.24,2.79,0.38,3.02,2.46,0.84,2.7,5.59,4.69,9.41,7.81,6.5,7.99,9.55,7.29,4.77,7.22,5.77,4.91,3.3,4.48,3.77,4.1,5.59
200805,3.64,2.67,3.99,2.31,6.67,6.41,4.37,4.33,4.19,9.21,4.71,4.35,3.95,5.39,9.13,5.32,5.47,3.79,3.77,4.06,2.14,2.71,-0.75,1.08,1.77
200806,-7.6,-9,-8.56,-11.16,-6.98,-8.79,-12.18,-7.29,-4.7,-2.62,-10.98,-6.16,-7.13,-5.51,-5.55,-10.41,-7.28,-7.63,-8.94,-8.03,-13.18,-9.1,-11.31,-8.88,-4.41
200807,3.07,5.18,7.95,8.02,4.27,4.45,3.74,4.24,4.19,1.97,1.09,1.69,1.33,1.4,-1.03,-2.35,-3.04,-2.58,-2.48,-2.48,-1.01,-0.21,2.02,0.03,-3.61
200808,2.41,4.53,5.04,4.09,4.2,6.23,5.96,4.55,5.13,6.75,3.41,4.52,4.02,2.76,3,1.11,2.23,3.11,1.69,1.92,-2.99,-0.67,1.45,2.03,1.25
200809,-10.57,-3.91,-5.31,-5.24,-10.67,-9.3,-7.6,-4.96,-5.24,-8.83,-10.76,-10.59,-8.98,-8.92,-11.11,-14.1,-13.34,-9.95,-12.56,-14.18,-19.34,-10.07,-7.03,-7.38,-7.82
200810,-22.6,-17.01,-15.97,-18.03,-22.46,-22.56,-20.85,-18.12,-22.1,-21.84,-22.25,-18.53,-18.99,-18.8,-20.72,-24.23,-19.49,-21.09,-22.97,-20.73,-27.47,-18.42,-14.93,-14.23,-14.92
200811,-14.55,-12.94,-13.93,-9.56,-11.82,-14.07,-10.43,-10.71,-10.86,-10.31,-9.24,-8.21,-8.81,-9.07,-14.27,-12.62,-10.39,-11.26,-7.75,-8.12,-18.7,-10.2,-7.79,-6.49,-3.56
200812,3.27,4.47,4.09,5.74,3.69,5.85,5.81,5.83,6,4.09,7.72,3.24,3.01,4.53,4.02,6.92,1.67,2.08,3.97,5.91,1.32,3.13,0.14,1.46,0.43
200901,-6.9,-16.58,-16.84,-13.05,-12.9,-8.29,-11.79,-14.58,-13.35,-6.57,-9.6,-7.91,-10.18,-11.1,-5.15,-2.81,-8.51,-9.22,-6.29,-5.98,-9.41,-5.8,-11.57,-8.15,-6.16
200902,-12.28,-13.08,-13.74,-13.88,-10.43,-12.96,-13.24,-13.11,-9.87,-11.32,-10.58,-11.49,-7.57,-9.82,-8.83,-10.28,-9.34,-9.7,-10.11,-8.41,-10.09,-12.35,-11.49,-9.82,-8.13
200903,8.69,10.58,11.03,10.84,13.12,12.69,8.65,8.87,9.25,8.53,12.32,7.7,8.98,8.16,10.75,11.32,8.96,9.89,7.8,8.03,19.3,7.65,7.8,9.66,7.48
200904,16.5,16.16,17.92,14.99,20.81,13.08,14.02,16.25,21.42,21.5,14.54,12.68,16.57,18.61,16.32,14.46,13.11,12.99,15.25,12.96,13.7,8.98,10.41,7.54,7.56
200905,7.78,2.61,2.02,3.41,3.24,4.92,2.86,1.52,1.27,4.17,1.38,2.89,0.73,2.97,2.64,5.36,2.95,4.91,5.28,3.39,11.66,4.94,4.29,5.94,5.17
200906,5.72,4.58,2.4,3.82,3.21,4.77,2.5,-0.1,-0.44,0.2,2.02,3.22,0.54,-1.36,-1.9,1.03,0.31,0.19,-0.05,1.16,-1.79,-0.53,1.59,-1.22,1.62
200907,9.61,9.24,9.92,11.63,11.95,9.14,8.37,9.04,11.36,12.2,10.62,9.19,9.76,10.43,10.62,6.62,10.53,8.42,7.59,10.83,8,8.53,8.55,8.17,5.03
200908,4.94,4.16,4.15,6.23,9.53,2.53,2.62,3.76,3.16,1.58,3.89,4.38,2.1,3.38,2.87,10.13,4.34,2.24,3.38,4.28,6.15,7.2,2.44,2.51,1.51
200909,7.27,4.96,4.81,6.21,10.69,7.41,4.38,6.35,8.43,10.52,6.43,5.86,5.85,7.05,6.79,4.37,6.15,8.36,6.48,6.95,4.64,1.5,6.21,2.69,3.2
200910,-10.32,-5.46,-7.26,-7.99,-6,-9.64,-7.5,-4.94,-5.65,-8.26,-10.88,-5.18,-4.51,-3.35,-3.77,-8.26,-5.43,-4.56,-2.33,-3.72,-3.85,-3.41,-4.02,-0.4,0.82
200911,1.05,1.39,2.27,2.45,-0.46,3.74,2.72,2.58,1.23,1.86,4.83,3.61,3.32,4.65,4.36,4.87,4.78,2.8,4.17,5.16,2.4,3.65,7.76,7.17,5.79
200912,8.42,8.38,7.29,7.43,10.15,8.75,8.49,7.79,8.6,13.18,7.07,8.46,6.69,7.2,7.54,7.1,6.66,5.63,6.81,4.94,0.3,1.87,2.01,2.72,0.48
201001,-2.95,-3.13,-4.02,-3.99,-3.46,-3.61,-2.75,-2.82,-2.18,-0.92,-1.45,-3.38,-3.63,-5.2,-4.59,-0.86,-3.97,-3.54,-3.56,-5.4,-2.32,-1.72,-3.32,-3.42,-4.5
201002,6.01,4.68,3.45,5.16,6.18,4.05,5.11,3.07,1.71,4.71,4.55,4.95,4.01,5.97,6.95,5.37,3.84,4.27,5.4,7.2,4.57,3.36,1.9,3.35,2.55
201003,8.29,7.18,8.34,8.15,8.07,8.07,8.42,8.34,9.47,6.54,8.38,7.12,8.29,8.43,9.39,7.95,7.49,7.32,7.2,8.83,5.89,6.42,7,5.28,4.84
201004,9.5,8.2,7.55,8.87,9.32,4.99,4.11,5.74,5.1,6.63,6.07,4.18,3.77,4.9,3.65,5.93,5.66,3.76,2.79,4.15,-1.55,0.24,0.6,0.99,2.1
201005,-8.98,-8.24,-8.45,-6.91,-8.48,-8.17,-7.72,-6.86,-6,-6.13,-8.71,-7.85,-7.26,-6.96,-6.73,-7.25,-7.33,-5.94,-5.73,-8.51,-6.9,-9.05,-7.55,-7.76,-8.16
201006,-8.44,-8.52,-8.62,-8.04,-9.5,-6.84,-8.28,-7.72,-8.12,-8.36,-7.63,-5.94,-6.23,-8.11,-8.69,-7.87,-5.53,-6.41,-4.91,-7.62,-2.18,-6.41,-5.28,-4.87,-4.88
201007,6.21,4.2,6.38,7.87,5.43,7.48,7.92,6.26,6.27,6.29,6.86,7.95,7.12,6.41,6.73,6.67,7.47,6.35,7.82,7.57,7.48,5.24,8.18,6.8,6.83
201008,-9.32,-9.16,-7.33,-9.06,-9.75,-6.85,-7.61,-7.24,-6.49,-8.7,-6.34,-6.45,-6.49,-4.86,-6.85,-7.06,-4.75,-3.08,-6,-3.57,-7.88,-5.26,-3.89,-3.85,-3.78
201009,12.36,11.56,10.82,7.85,13.27,14.51,12.4,12.45,12.75,13.42,13.75,12.68,12.21,10.89,13.2,10.57,10.69,9.44,11.39,11.46,8.79,8.46,8.82,8.59,9.34
201010,5.48,4.11,5.82,3.65,5.83,1.99,4.71,3.89,3.94,4.11,4.44,3.69,4.42,4.2,3.5,0.41,3.42,2.93,4.09,3.84,4.22,0.31,3.34,4.97,4.16
201011,3.76,3.03,3.64,3.6,3.62,3.18,3.83,4.32,3.32,4.05,4.95,3.7,3.5,3.65,4.13,1.7,3.27,2.29,3.31,3.51,0.22,-0.6,-1.69,0.09,-0.09
201012,10.83,8.29,6.45,8.09,6.58,10.61,8.04,7.43,6.15,6.43,9.24,8.92,6.8,5.47,7.51,10.61,7.6,6.75,7.03,4.52,11.3,8.4,6.18,6.33,4.99
201101,-0.32,-2.41,-1.53,-3.18,-3.46,0.71,1.12,0.95,-0.4,1.7,2.44,2.11,2.46,-0.13,0.72,2.15,3.92,1.54,2.83,0.54,4.39,2.63,3.65,2.2,1.29
201102,5.16,4.57,4.73,3.86,1.51,7.23,4.47,7.29,4.42,4.48,8.19,4.84,5.05,3.9,5.41,2.95,5.74,2.25,3.63,4.56,1.82,5.42,3.08,4.08,1.73
201103,2.8,2.64,1.72,1.22,1.38,1.95,3.64,2.23,2.2,2.98,-0.07,2,4.58,3.56,6.45,0.45,0.91,0.83,4.13,3.3,-2.57,-1.52,0.45,-0.02,0.57
201104,1.03,1.68,1.64,1.47,-0.01,2.06,2.17,2.88,2.55,1.58,1,4.32,4.02,1.76,6.24,1.22,1.7,3.34,2.1,3.57,1.44,2.16,3.23,3.51,3.17
201105,-2.06,-2.78,-3.3,-2.5,-3.04,-3.89,-2.44,-1.65,0.44,-0.76,-1.02,-3.75,-1.75,-1.23,-0.98,-2,-1.66,-0.34,-0.26,0.82,-4.99,-2.08,-0.88,-1.57,-0.02
201106,-3.57,-1.6,-1.88,-1.75,-4.14,-3.3,-1.65,-1.12,0.23,1.61,-3.79,-2.1,-0.85,-0.61,-0.77,-4.58,-2.09,-1.53,-1.2,-1.74,-2.83,-2.75,-2.27,-1.34,-0.79
201107,-3.53,-1.75,-1.58,-0.71,-3.05,-6.1,-4.48,-2.4,-2.6,-3.95,-4.77,-5.03,-4.38,-2.43,-4.07,-3.86,-3.22,-4.18,-4.27,-3.2,-6.25,-3.65,-2.17,-2.17,0.79
201108,-12.2,-8,-9.65,-8.35,-10.62,-11.49,-8.97,-7.56,-7.1,-11.24,-9.69,-9.11,-7.29,-7.59,-8.11,-9.54,-7.8,-6.49,-7.32,-7.74,-9.1,-7.31,-5.69,-4.7,-3.57
201109,-12.25,-10.24,-9.5,-10.38,-10.61,-11.53,-11.75,-9.73,-10.9,-12.63,-11.5,-12.17,-11.47,-10.36,-12.24,-10.95,-7.93,-9.96,-11.52,-10.54,-9.4,-9.76,-6.74,-6.5,-4.75
201110,12.64,14.06,14.01,13.26,11.72,16.55,16.43,13.94,15.85,16.78,16.24,16.48,15.41,13.56,15.29,14.34,13.79,15.38,13.8,14.55,13.55,12.67,11.56,10.05,8.72
201111,-2.28,-0.61,-0.98,1.06,-2.37,-0.8,1.04,0.49,0.16,-1.56,-1.81,-0.61,2.58,0.19,-0.89,-0.13,0.12,0.95,-0.53,-0.8,-3.83,-1.36,-0.13,-0.15,0.71
201112,0.53,1.69,2.05,0.48,2.19,0.72,0.86,0.53,0.5,-1.23,-1.09,0.36,1.56,-1.35,-0.01,-1.71,0.56,-0.48,0.11,-1.02,-2.41,2.69,2.14,0.16,1.68
201201,9.67,7.27,7.57,7.48,7.67,8.15,6.33,5.14,6.03,7.64,6.66,7.65,5.54,4.5,7.4,8.39,5.92,3.2,5.5,9.22,6.99,5.55,3.77,3.34,5.62
201202,1.91,1.14,1.23,0.54,2.22,5.3,3.3,2.17,1.62,2.57,4.46,3.31,2.98,4.93,4.44,6.74,4.23,3.58,5.35,5.06,5.39,5.77,2.75,4.04,5.35
201203,3.41,4.79,2.27,4.92,2.42,3.35,1.79,2.63,3.04,0.68,1.55,1.47,0.64,2.66,0.63,1.69,3.09,1.6,0.34,2.67,3.96,4.35,3.57,2.32,4.15
201204,-2.73,0.04,-1.67,-1.14,-1.12,-1.67,-1.46,-1.16,-2.52,-1.25,-2.12,-2.89,-0.4,1.01,-2,-1.36,-1.5,1.18,0.05,-1.08,-2.27,-1.59,-0.79,-0.96,0.14
201205,-6.78,-6.58,-7.45,-5.01,-8.83,-6.6,-7.44,-6.42,-3.94,-7.4,-8.34,-7.7,-6.49,-4.91,-7.12,-9.24,-8.22,-7.95,-5.95,-6.85,-8.79,-4.8,-6.23,-6.01,-5.12
201206,6.44,4.75,6.3,6.72,5.62,7.27,3.74,4.21,3.64,4.62,6.69,2.14,3.18,1.36,4.36,3.8,3.71,1.62,0.76,1.14,4.22,5.39,3.8,4.95,2.68
201207,-1.81,-2.31,-1.89,-1.68,-2.48,-3.93,-2.42,0.09,0.36,-2.24,-4.69,0.38,-0.29,0.07,-0.94,-3.25,-0.78,1.1,0.41,-3.03,0.54,0.55,1.48,1.53,1.6
201208,2.88,3.07,2.53,2.11,2.37,2.35,2.94,4.01,1.69,2.54,6.67,4.33,3.62,3.89,2.63,4.65,4.23,2.83,3.44,4.95,3.81,3.63,2.68,1.7,1.86
201209,5.16,4.65,4.46,4.33,2.86,4.09,3.17,3.77,4.15,5.85,2.11,2.2,3.02,3.09,1.93,3.85,2.42,1.21,1.89,2.35,4.43,3.95,3.76,2.42,1.68
201210,-4.66,-2.26,-1.28,-2.82,-2.96,-5.3,-1.6,-1.55,-1.4,-3.42,0.1,0.52,-1.37,-1.18,-1.93,-0.19,-0.07,-1.08,-0.38,0.4,2.35,-2.81,-3.19,-0.34,-2.95
201211,0.34,2.22,-0.65,-1.15,0.95,0.31,0,1.63,1.55,-0.97,0.83,1.14,1.96,3.44,5.28,0.3,-0.3,3.07,2.56,2.62,0.23,2.24,1.6,0.07,-0.23
201212,3.28,4.04,3.49,3.23,3.98,4.21,4.23,3.12,2.73,3.63,3.56,3.56,2.68,1.93,3.9,2.32,3.56,2.8,2.21,2.53,4.75,1.33,2.09,1.29,-1.43
201301,5.74,6.47,4.54,5.85,4.95,8.17,5.35,5.41,6.51,8.39,5.65,6.58,5.73,6.62,8.23,9.05,7.63,8.31,6.57,7.27,8.1,6.53,6.1,5.92,2.71
201302,-0.3,0.98,1.39,2.32,2.32,2.02,1.65,0.28,1.89,0.01,2.76,0.54,0.04,1.5,2.24,-0.76,1.83,1.54,1.77,1.65,2.19,1.68,0.93,1.78,0.98
201303,5.24,4.64,4.65,5.15,7.07,5.68,3.51,4.08,4.64,5.09,4.3,4.07,4.21,4.16,7.49,6.45,5.18,5.03,3.59,3.99,3.67,4.01,3.05,4.06,3.74
201304,-0.02,-0.18,-0.4,-0.49,-0.01,-0.4,-3.09,2.05,-2.2,-1.84,-1.71,-0.63,0.1,-0.99,-1.1,3.07,0.69,-0.62,-0.09,1.56,2.87,-0.57,1.43,2.57,2.4
201305,4.39,6.15,5.03,6.59,6.04,6.94,6.82,4,4.68,4.44,4.33,3.38,4,4.96,5.48,3.6,1.83,5.47,3.04,3.26,7.5,3.63,2.21,2.05,1.36
201306,-0.02,1.13,0.66,1.03,-0.44,1.02,-1,0.15,-0.84,1.1,-0.96,0.29,-1.59,-0.93,-1.4,-2.38,-1.62,0.01,-3.01,-2.03,-3.05,-0.31,-0.33,-1.06,-2.18
201307,7.8,6.35,7.58,9.16,10.35,7.54,6.06,8.04,5.85,6.95,7.54,8.05,8.3,6.29,7.87,7.45,6.04,5.8,6.72,7.01,9.75,5.94,4.7,5.36,4.25
201308,-2.85,-2.85,-3.49,-0.8,-4.91,-2.45,-3.29,-4.01,-0.69,-0.29,-3.83,-2.78,-3.34,-1.27,-4.2,-2.9,-3.08,-2.52,-1.84,-1.91,-1.61,-2.95,-3.97,-3.17,-1.55
201309,7.9,6.64,4.23,5.14,7.22,6.15,5.88,6.21,7.61,7.41,6.58,4.11,6.12,6.24,4.31,7.56,3.87,5.09,5.46,5.11,5.52,3.32,2.4,3.45,2.63
201310,0.14,3.22,3.84,5.36,2.81,-0.76,2.19,4.49,2.7,4.64,0.96,3.64,4.42,4.87,5.22,1.31,2.69,3.95,2.61,4.76,3.55,3.16,5.68,3.7,5.5
201311,6.35,5.87,5.48,7.79,5.06,2.6,5.33,3.9,4.76,5.87,4,2.62,2.79,2.48,4.34,1.61,2.39,0.74,1.54,1.67,2.26,2.77,1.6,4.31,3.6
201312,3.1,1.08,1.11,0.35,2.45,2.87,1.39,1.54,1.57,3.26,2.83,2.91,2.72,3.47,1.66,4.4,4.17,3.37,2.81,2.04,3.44,3.21,2.43,3.03,1.89
201401,1.22,-3.48,-3.95,-4.29,-5.47,2.63,-5.53,-4.69,-5.48,-6.93,1.76,-3.28,-2.43,-4.25,-3.86,0.03,-2.41,-1.11,-3.04,-5.62,-2.69,-3.37,-2.32,-3.64,-4.68
201402,5.32,3.54,2.26,6.65,4.95,7.24,3.19,3.49,4.83,4.06,6.34,5.27,4.06,6.49,4.92,6.56,3.8,5.01,6.75,5.74,5.22,3.48,4.35,4.62,4.43
201403,-1.69,0.49,2.72,0.64,2.73,-4.49,2.25,1.51,0.48,1.52,-4.08,0.45,0.15,-1.15,1.59,-2.35,1.2,0.49,0.64,-0.45,-1.77,1.75,0.61,1.12,0.88
201404,-7.48,-3.35,-5.09,-4.16,-1.6,-6.23,-2.88,-3.29,-2.2,-1.67,-4.47,-4.59,-2.5,-1.91,0.24,-2.91,-1.72,-1.21,0.15,-1.17,0.48,-0.61,0.08,0.44,2.14
201405,-2.33,0.34,0.2,0.96,-0.36,0.59,-0.4,0.58,1.12,-1.41,2.38,0.78,2.04,-1.05,2.01,3.2,1.47,1.45,2.7,2.66,1.47,1.69,2.54,1.93,2.57
201406,7.38,3.8,3.34,2.51,4.07,7.5,5.95,6.31,5.91,4.23,7.91,5.32,4.09,4.34,3.76,4.78,4.32,3.46,4.27,3.52,4.25,2.21,1.35,2.26,1.21
201407,-7.72,-5.27,-5.57,-2.88,-5.97,-4.44,-6.85,-5.87,-5.82,-6.74,-6.65,-5.72,-5.95,-5.04,-4.58,-6.39,-2.87,-4.57,-1.31,-2.42,-1.93,-1.72,-1.63,-0.96,-0.74
201408,3.24,4.5,3.01,4.75,4.52,7.3,3.37,4.02,4.08,6.14,6.49,4.93,4.7,3.39,5.79,7.67,5.02,4.16,5.14,4.6,4.87,4.38,3.1,4.31,4.01
201409,-6.8,-5.62,-5.31,-5.43,-5.16,-5.85,-4.92,-5.21,-5.55,-5.33,-7.68,-5.07,-5.42,-5.09,-3.68,-4.37,-4.15,-4.66,-3.07,-3.38,-0.68,-0.08,-0.85,-1.95,-1.1
201410,4.42,8.13,6.84,6.79,4.93,6.21,7.62,7.75,5.09,4.84,4.04,5.18,5.43,3.78,4.18,3.25,2.71,3.5,1.73,1.56,1.16,0.36,3.19,1.71,2.53
201411,-0.78,-1.99,-2.05,-1.06,-0.47,0.94,-0.69,-1.37,0.48,0.64,1.72,1.05,1.12,0.25,1.91,1.03,2.23,1.49,2.05,3.94,1.4,1.79,2.5,2.31,4.77
201412,4.77,5,4.99,5.75,5.63,3.22,2.22,3.27,2.25,0.56,1.87,1.82,1,-0.58,0.29,-1.36,-0.24,1.53,1.2,0.48,-0.66,0.14,0.95,-0.44,-2.01
201501,-4.53,-4.79,-5.67,-3.18,-7.22,-2.36,-4.89,-4.93,-5.24,-3.42,-1.98,-4.44,-3.23,-2.16,-0.98,-1.07,-2.19,-1.65,-1.31,-2.89,-7.59,-4.59,-3.93,-3.36,-0.78
201502,6.51,5.81,4.17,6.26,3.88,6.58,6.9,6.65,7.5,5.21,8.89,7.21,6.58,8.46,7.09,9.74,8.09,5.76,6.17,7.48,9.4,5.36,6.1,5.57,5.68
201503,-0.4,2.85,2.16,2.56,2.24,1.03,2.51,2.9,2.9,1.83,0.47,1.57,1.81,1.51,0.46,-0.22,1.68,0.7,0.83,-0.38,-1.99,-1.78,-1.07,-2.07,-2.12
201504,-2.41,-1.59,-1.87,-3.79,-1.43,-2.69,-2.18,-2.23,-3.04,-0.44,-2.64,-1.01,-1.35,-2.07,-1.71,-0.93,-0.3,0.47,-1.19,-1.02,2.35,1.17,-0.37,2.42,0.77
201505,3.34,0.73,0.08,2.53,-1.35,4.73,0.77,2.1,1.98,2.33,6.86,3.4,2.47,0.82,0.29,3.5,2.08,2.06,1.87,-0.16,1.27,1.64,1.28,0.69,1.13
201506,2.34,3.2,2.47,3.81,2.45,-1.62,1.08,2.39,1.78,0.86,-1.58,0.38,-0.32,0.15,0.37,-0.99,-0.05,-2.46,-1.05,-1.37,-0.87,-2.05,-1.85,-1.85,-2.06
201507,-5.32,-3.64,-3.55,-4.49,-8.7,-2.15,-1.69,-1.84,-1.42,-1.7,-1.51,-2.04,-2.17,-2.11,-0.29,2.14,1.35,1.29,-0.08,-0.18,1.78,3.71,1.32,2.9,1.33
201508,-5.77,-2,-3.53,-4.69,-3.8,-8.14,-5.41,-4.61,-4.29,-6.08,-5.43,-5.56,-4.3,-5.52,-6.34,-10.68,-5.53,-5.31,-4.32,-4.73,-6.83,-5.45,-6.76,-6.62,-5.55
201509,-9.04,-3.39,-2.64,-5.71,-6.32,-8.31,-3.34,-5.42,-4.72,-5.19,-7.55,-4.16,-4.92,-4.77,-5.61,-7.41,-3.21,-2.93,-4.19,-4.46,-4.78,-2.66,-2.24,-2.08,-2.2
201510,5.3,5.37,4.97,7.18,6.13,4.28,5.66,6.32,2.78,6.6,5.22,6.15,6.79,7.07,4.4,5.06,5.58,6.27,7.08,6.18,8.05,9.29,7.64,8.4,8.19
201511,4.09,3.18,2.88,-1.23,0.9,9.11,4.52,3.91,2.86,0.52,3.05,2.43,1.94,0.75,0.67,3.54,2.15,0.56,0.16,-0.34,1.65,1.14,-0.27,0.91,-0.67
201512,-5.22,-3.3,-3.95,-5.93,-6.73,-3,-5.22,-5.75,-6.24,-4.36,-4.8,-5.46,-4.61,-7.38,-4.01,-4.05,-3.92,-3.45,-3.7,-4.16,-3.34,-1.16,-1.26,-1.07,-2.43
201601,-13.32,-5.81,-4.04,-10.9,-10.44,-15.07,-6.44,-8.01,-7.31,-9.72,-15.2,-6.17,-6.85,-6.59,-6.98,-15.34,-7.57,-5.26,-6.26,-7.14,-12.79,-4.61,-3.8,-5.22,-5.2
201602,-1.49,-0.91,-0.03,2.67,1.38,-2.83,1.43,2.73,0.97,1.34,-1.99,2.96,1.22,0.91,2.63,-2.18,0.43,2.34,0.38,1.84,-4.82,-1.82,0.02,-0.23,1.16
201603,7,6.54,4.42,6.44,8.04,7.43,7.78,7.01,10.14,9.62,7.05,7.55,8.71,9.9,7.89,9.56,8.87,7.23,8.62,8.2,6.77,7.34,5.56,6.26,7.44
201604,3.69,4.52,1.84,2.13,2.95,3.3,2.72,0.88,2.02,1.26,3.5,1.69,1.53,1.38,0.68,2.6,1.43,0.61,1.79,1.93,4.14,0.29,2.92,1.3,-2.12
201605,0.88,-0.39,-0.37,1.09,-2.34,3.41,2.08,1.18,1.07,1.66,2.22,2.54,0.28,1.16,0.92,2.43,4.36,3.94,1.64,2.73,3.26,1.74,1.65,1.66,1.46
201606,-1.7,0.15,0.52,1.87,1.66,-1.27,0.19,-0.65,-0.54,0.51,0.5,-0.01,-1.2,-2.37,0.06,-3.08,-0.86,-0.89,-0.3,-1.36,-4.17,-1.42,1.2,0.35,0.54
201607,5.36,5.89,5.01,5.07,7.16,8.03,5.35,5.18,5.01,8.55,9.29,4.4,4.2,6.09,6.55,6.71,3.61,3.23,4.51,4.32,0.95,3.32,3.42,3.9,4.39
201608,4.18,3.52,2.67,3.14,1.75,2.34,2.6,1.76,3.65,3.04,0.87,2.41,1.75,2.27,0.59,0.35,1.85,0.01,2.32,1.37,1.66,1.15,0.12,0.17,-0.79
201609,7.02,2.25,2.04,0.67,1.55,5.7,1.08,-0.09,0.4,0.32,1.66,1.49,0.28,0.22,-1.77,2.72,-0.86,-0.05,-0.37,-0.3,2.04,-0.43,-0.56,-0.1,0.84
201610,-9.61,-2.63,-3.16,-2.54,-3.7,-10.07,-3.93,-3.65,-5.91,-6.3,-8.82,-2.87,-2.97,-2.91,-2.32,-5.48,-0.04,-1.19,-2.93,-1.71,-1.8,0.41,-0.91,-2.62,-2.35
201611,8.95,13.74,15.51,13.31,13.61,10.42,12.99,13.8,11.78,14.05,8.85,12.71,11.02,9.91,7.09,6.03,9.78,5.76,6.51,6.05,5.6,4.92,2.74,4.29,3.06
201612,1.57,7.57,6.96,5.86,5.31,-2.02,4,2.86,3.95,1.84,-1.62,2.36,2.72,1.56,2.21,-3.59,2.32,0.9,1.21,0.83,1.3,2.48,3.03,1.62,1.57
201701,1.46,-2.41,-2.9,-2.41,-2.51,2.69,0.09,-0.94,-1.21,0.45,1.96,1.33,0.92,0.88,1.56,6.94,2.14,2.17,2.86,1.73,1.49,0.94,0.64,3.3,2.35
201702,1.47,-0.05,1.15,-0.03,0.52,4.25,0.94,0.45,0.33,2.64,3.44,1.55,2.54,1.4,1.29,2.15,4.29,2.43,2.65,3.43,-0.47,3.76,5.43,3.06,4.79
201703,2.63,0.8,0.29,1.23,-1.12,1.17,0.31,-0.41,-1.22,1.36,0.65,-0.68,-0.64,0.16,1.01,-1.05,-0.42,-0.33,0.26,0,-0.93,-0.51,-0.49,0.63,0.94
201704,0.79,1.88,1.51,2.19,2.67,1.55,1.14,1.42,0.71,3.75,-1.41,0.13,0.81,1.83,2,1.36,0.81,0.49,0.79,0.84,-0.59,1.99,0.14,1.67,1.34
201705,-2.56,-2.89,-3.22,-0.95,-2.13,-2.04,-2.29,-2.9,-2.7,-2.14,-0.81,-0.86,-1.66,-1.78,-0.25,0.89,0.35,1.22,0.19,-0.6,-1.4,0.97,1.34,1.26,3.02
